:020000021000EC
:10800000E0020A180000000000000000000000006C
:108010001F00E002F4170000000000000000000054
:10802000E002E61700000000000000000000000071
:10803000E002D61700000000000000000000000071
:10804000E002C8170000000000000000000000006F
:10805000E002B8170000000000000000000000006F
:10806000E002A61700000000000000000000000071
:108070001F00E00296170000000000000000000052
:10808000E002861700000000000000000000000071
:10809000E002761700000000000000000000000071
:1080A000E002661700000000000000000000000071
:1080B000E002561700000000000000000000000071
:1080C000E002461700000000000000000000000071
:1080D000E002361700000000000000000000000071
:1080E0001F00E00224170000000000000000000054
:1080F0001F00E00214170000000000000000000054
:108100001F00E00206170000000000000000000051
:108110001F00E002F6160000000000000000000052
:108120001F00E002E6160000000000000000000052
:108130001F00E002D6160000000000000000000052
:108140001F00E002C6160000000000000000000052
:108150001F00E002B6160000000000000000000052
:108160001F00E002A6160000000000000000000052
:108170001F00E00296160000000000000000000052
:108180001F00E00286160000000000000000000052
:108190001F00E00276160000000000000000000052
:1081A0001F00E00266160000000000000000000052
:1081B0001F00E00256160000000000000000000052
:1081C0001F00E00246160000000000000000000052
:1081D0001F00E00236160000000000000000000052
:1081E0001F00E00226160000000000000000000052
:0881F0001F00E002161600005A
:10840000D8AB010078AC010018AD0100B8AD010097
:1084100058AE0100F8AE010098AF010038B001007D
:10842000D8B0010078B1010018B20100B8B2010063
:1084300058B30100F8B3010098B4010038B5010049
:10844000D8B5010078B6010024AA0100B8B7010030
:1084500058B80100F8B8010098B90100D0A0010097
:10846000D8BA0100D2A0010018BC0100B8BC0100BC
:1084700058BD0100F8BD010098BE010038BF0100E1
:10848000D8BF010078C0010018C10100B8C10100C7
:1084900058C20100F8C2010098C3010038C40100AD
:1084A000D8C4010078C5010018C60100B8C6010093
:1084B00058C70100F8C7010098C8010038C9010079
:1084C000D8C9010078CA010018CB0100B8CB01005F
:1084D00058CC0100F8CC010098CD010038CE010045
:1084E000CEA9010078CF010018D00100B8D001005A
:1084F00058D10100F8D1010098D2010038D3010011
:10850000D8D3010078D4010018D50100B8D50100F6
:1085100058D60100F8D6010098D7010038D80100DC
:10852000D8D8010078D9010018DA0100B8DA0100C2
:1085300058DB0100F8DB010098DC010038DD0100A8
:10854000D8DD010078DE010018DF0100B8DF01008E
:10855000D8AA0100F8E0010098E1010038E201002A
:10856000D8E2010078E3010018E40100B8E401005A
:1085700058E50100F8E5010098E6010038E7010040
:10858000D8E7010078E8010018E90100B8E9010026
:1085900058EA0100F8EA010098EB010038EC01000C
:1085A000D8EC010078ED010018EE0100B8EE0100F2
:1085B00058EF0100F8EF010098F0010038F10100D8
:1085C000D8F1010078F2010030A30100B8F30100F6
:1085D00058F40100F8F4010098F5010038F60100A4
:1085E000D8F6010078F7010018F80100B8F801008A
:1085F00058F90100F8F9010098FA010038FB010070
:10860000D8FB010078FC010018FD0100B8FD010055
:1086100058FE0100F8FE010098FF0100380002003A
:10862000D80002007801020018020200B80202001D
:1086300058030200F8030200980402003805020003
:10864000D80502007806020018070200B8070200E9
:1086500058080200F808020098090200380A0200CF
:10866000D80A0200780B0200180C0200B80C0200B5
:10867000580D0200F80D0200980E0200380F02009B
:10868000D80F02007810020018110200B811020081
:1086900058120200F8120200981302003814020067
:1086A000D81402007815020018160200B81602004D
:1086B00058170200F8170200981802003819020033
:1086C000D8190200781A0200181B0200B81B020019
:1086D000581C0200F81C0200981D0200381E0200FF
:1086E000D81E0200781F020018200200B8200200E5
:1086F00058210200F82102009822020038230200CB
:10870000D82302007824020018250200B8250200B0
:1087100058260200F8260200982702003828020096
:10872000D828020078290200182A0200B82A02007C
:10873000582B0200F82B0200982C0200382D020062
:10874000D82D0200782E0200182F0200B82F020048
:1087500058300200F830020098310200383202002E
:10876000D8320200783302008EA50100B83402002E
:1087700058350200F83502009836020038370200FA
:10878000D83702007838020018390200B8390200E0
:10879000583A0200F83A0200983B0200383C0200C6
:1087A000D83C0200783D0200183E0200B83E0200AC
:1087B000583F0200F83F0200984002003841020092
:1087C000D84102007842020018430200B843020078
:1087D00058440200F844020098450200384602005E
:1087E000D84602007847020018480200B848020044
:1087F00058490200F8490200984A0200384B02002A
:10880000D84B0200784C0200184D0200B84D02000F
:10881000584E0200F84E0200984F020038500200F5
:10882000D85002007851020018520200B8520200DB
:1088300058530200F85302009854020038550200C1
:10884000D85502007856020018570200B8570200A7
:1088500058580200F858020098590200385A02008D
:10886000D85A0200785B0200185C0200B85C020073
:10887000585D0200F85D0200985E0200385F020059
:10888000D85F02007860020018610200B86102003F
:1088900058620200F8620200986302003864020025
:1088A000D86402007865020018660200B86602000B
:1088B00058670200F86702009868020038690200F1
:1088C000D8690200786A0200186B0200B86B0200D7
:1088D000586C0200F86C0200986D0200386E0200BD
:1088E000D86E0200786F020018700200B8700200A3
:1088F00058710200F8710200987202003873020089
:10890000D87302007874020018750200B87502006E
:1089100058760200F8760200987702003878020054
:10892000D878020078790200187A0200B87A02003A
:10893000587B0200F87B0200987C0200387D020020
:10894000D87D0200787E0200187F0200B87F020006
:1089500058800200F88002009881020038820200EC
:10896000D88202007883020018840200B8840200D2
:1089700058850200F88502009886020038870200B8
:10898000D88702007888020018890200B88902009E
:08899000588A0200F88A020077
:109000004153575F53444B5F56310000000000004E
:109010000000000000000000000000000000000050
:1090200050554C53454D4F0000000000000000001B
:109030000000000000000000000000000000000030
:10904000343850494E5F4153575F53444B5F56335A
:109050000000000000000000000000000000000010
:109500008407210023171500411263170500630724
:109510000100084227060080DEFE0032064880FF78
:109520003E1444063F008407210E08A023172100A3
:109530004112631705006307010000AA01B2084247
:1095400027060080DEFE1630154880FF1214143FF7
:109550000000153080FF5A13143F0100163080FFC1
:109560005013143F0200023280FF4613143F0300E1
:10957000033280FF3C13143F0400043280FF321397
:10958000143F0500053280FF2813143F0600063201
:1095900080FF1E1344063F0E840721002317150089
:1095A00041126317050063070100004A08422706BD
:1095B0000080DEFE023280FFA61344063F008407CF
:1095C000210800A2143080FFBC122706368EDEFE72
:1095D00047570000201600036317050063070100CA
:1095E00008420132144880FF761344063F084016B3
:1095F000DFFE822F358E602AE22F0000422F348E4C
:109600007F007F00800721004016DFFEA21719802F
:109610006112C20D60128A15BFFFEAFF4016DFFE1D
:10962000012A422F198040063F00BFFFC4FF4016A9
:10963000DFFE4207198040063F008407210F4016D5
:10964000DFFE821719806112D24D60129A7D00A24E
:10965000143080FF42123506448EDEFE755700003E
:109660003606548EDEFE56570000F51701008812AC
:109670005617010001BA173080FF1C1275570200FF
:1096800056570200F51703008812561703000232DE
:1096900080FF04127557040056570400F5170500A3
:1096A000881256170500033280FFEC11755706002B
:1096B00056570600F51707008812561707002016A0
:1096C00001026317050063070100084217301638CE
:1096D000144880FF8A124016DFFE42BF18804406FD
:1096E0003F0F043280FFB0113406448EDEFE745703
:1096F000080035065C8EDEFE55570000F4170900A1
:10970000881255170100053280FF8C1174570A002A
:1097100055570200F4170B00881255170300201646
:1097200002026317050063070100004A0842013284
:10973000153880FF2A124016DFFE420718804406C3
:109740003F0F8407210E27060880DEFE01324737CF
:10975000000047370100473702004737030047370B
:109760000400473705004737060047370700201633
:109770008101631705006307010000A208AA1540D4
:10978000144880FFDA1127060080DEFE02B247B7D8
:10979000000047B7010047B7020047B7030047B7CB
:1097A000040047B7050047B7060047B70700201673
:1097B0008001631705006307010014301540144849
:1097C00080FF9C1127061080DEFE03124717000061
:1097D0004717010047170200471703004717040007
:1097E0004717050047170600471707002016820194
:1097F000631705006307010016301540144880FF09
:069800005E1144063F0E5C
:109806008505850500080010001800200028003096
:1098160000380040004800500058006000680070A2
:109826000078008000880090009800A000A800B092
:1098360000B800C000C800D000D800E000E800F082
:1098460000F8E0072000E087200080FF14002606CD
:109856000084010080FF3400E002480000001F7011
:109866000032003A80FF16004036DEFE2706FF7FF4
:10987600DFFE80FF08000EF87F00C50566070100C1
:109886004432E639CBFD7F00E62720082A0600EAA7
:10989600FEFFCA370000CA370200CA3704007F003D
:1098A6002306489DDEFE2406000000003E0600005A
:1098B60000002606A86C03002706B46C03002806E1
:1098C600B46C03002906BC6C0300FF02C8F200005A
:1098D600E6574008D5529E52E20DE5574000405EDD
:1098E60001000B51EA2F2000405E0200EB372000FA
:1098F600E03F2000E5574000EA1F20003F0616998A
:1099060001002A06A0AB0100EA172000E0074A0181
:029916008505C5
:109918008007218F06A007A808B080FF540F0ABE51
:109928000000CA0501C28007020637C78D00D806A5
:109938000800CAFD37C7890098C60100191242C13C
:1099480077C7890037C78D00D8C6070061C2BAFD3E
:1099580020C6000177C7990037C785002016EFFF9A
:1099680042C177C7850077079D00001202280230A0
:10997800023802C08007B603C746FF00C442D74179
:10998800284F0500894E010019524A49684F0500C1
:10999800C746FF00C442D74128470500C84607000C
:1099A8006142FAF5C746FF00C342D5418847010026
:1099B8006142EA077703C746FF000848C34AD5490A
:1099C800894F0300E941EA076303C746FF00C34222
:1099D800D641284701006342C60DC746FF00C3426F
:1099E800D641284705006542C60507C2800702011F
:1099F800C746FF00C342D641284701006342DB1532
:109A0800C142E806109A0100C505F505E50D950D5A
:109A1800290627800401C50D290613800401850D38
:109A2800290604800401C505290609800401C746E2
:109A3800FF00C442D741684F0100C746FF00C34238
:109A4800D541A84701006142BA55C746FF00C34245
:109A5800D641284705006642AB45C142E8066A9AE6
:109A68000100F505E50DB53DC515B51DA525852DE7
:109A7800C746FF00C542D741290627001401E5352E
:109A8800C746FF00C542D741290613001401E52D3A
:109A9800C746FF00C542D741290604001401E52541
:109AA800C746FF00C542D741290601002501E51D2B
:109AB800C746FF00C542D741404E2501F515C746A8
:109AC800FF00C542D741284F05072A0600030800B2
:109AD8000A49684F0507404E1401850DC746FF0027
:109AE800C542D741290609001401684F0107C74636
:109AF800FF00C342D541A8470300C24EFFFFC84933
:109B08000906FFFEC60503C280072002C746FF00FC
:109B1800C342D541A8470300C24EFFFFC8491440BD
:109B2800C3422A069C5F0300C8518A470100C74206
:109B3800E849C70504C28007F201C746FF00C342CF
:109B4800D541A84703006042CA0505C28007DC0169
:109B5800C746FF00C342D541284705006042E2F5E9
:109B6800C746FF006042E20D5F426042B2156142A3
:109B78008A25C746FF00C342D541A84F0300C84AFB
:109B88008515C746FF00C342D541084F0300D84A90
:109B9800850DC746FF00C342D541A84F0300D04AF0
:109BA80037579D00095177579D00A8470300C811F2
:109BB8000042064880075801CA2EFFFFC42AD72949
:109BC800650701106507051065070D10C75EFF00E2
:109BD800C35AD5592B5F0500C866FFFFF4674002DA
:109BE800CC592B5F0D00605A252E0010255F01000F
:109BF800CA2D2C06FFFFFF7F4C59655F0100C72E59
:109C0800FF00C32AD529255F0500C866FFFFF46752
:109C18004002CC592B5F0100CB5EFF07CA6EFFFFE5
:109C2800C46AD7692D7701100B716D770110252F44
:109C38000500CC29252F0500C52EFF072D5F05102F
:109C480005596D5F0510B52D406600800C59655F9C
:109C58000100C72EFF00C32AD529255F0500C86665
:109C6800FFFFF4674002CC592B5F01002D06FFFF70
:109C7800FF1F4D59CA76FFFFC472D7712E7F01109E
:109C88000B796E7F0110252F0500CC29252F0500A3
:109C98004D292E5F051005596E5F0510CA2EFFFF6E
:109CA800C42AD729255F0510406600800C59655FD6
:109CB8000510C75EFF000B60E36740024862016A57
:109CC800EC6FC000656F0D10C35AD559AB5F030028
:109CD8000A2E01004142C866FFFFEB61820D055064
:109CE800CA2EFFFF6F2AF307D3FE0A28CA00505274
:109CF800BA05414A002AC756FF00C352D551AA5790
:109D08000300C85EFFFFEA59F20D4132C656FFFF55
:109D18000A06C0FF9E0D37579900C95EFFFF0B5119
:109D280077579900D5DD0930413A1440C3422906D6
:109D38009C5F0300C84989470100C74EFF00E849F6
:109D4800F10739FC37179900202EFFFE45117717C8
:109D580099000012C50DC22EFF00EC2F4002D72932
:109D68002606701060006537190141121428C32AAD
:109D780026069C5F0300C531862F0100C236FF000E
:109D8800E531A1ED0012D50DC22EFF00E32F4002F0
:109D9800C22AD72926067011600065371D014112B5
:109DA8001428C32A26069C5F0300C531862F0100AC
:109DB800C236FF00E53191ED80FF2C0A3717890084
:109DC800182A45117717890037178D00C206070032
:109DD800CAFD0012D50DC22EFF00EC2F4002D72974
:109DE80025371901863603006537190141121428F1
:109DF800C32A26069C5F0300C531862F0100C236A0
:109E0800FF00E53191ED0012952DC22EFF00C32A07
:109E1800D529852F0100612A8A25C22EFF00053029
:109E2800C332D53186370300E629FA15C22EFF0062
:109E3800C42AD72925370500863602001A3A473141
:109E480065370500C22EFF00C42AD729252F050033
:109E5800C52E0700622AFAF541121428C32A2606DD
:109E68009C5F0300C531862F0100C236FF00E53133
:109E7800D1CD0012A5054112C22EFFFF050601FF34
:109E8800B6FD0012B515C22EFF00E32F4002C22A0C
:109E9800D729013265371D01002AA505412AC53693
:109EA800FFFF060601FFB6FD41121428C32A260645
:109EB8009C5F0300C531862F0100C236FF00E531E3
:109EC800B1E50012E525C22EFF00C32AD529852F4A
:109ED8000100612ADA1DC22EFF000530C332D531D8
:109EE80086370300E629CA15C22EFF00C42AD729DF
:109EF80025370500183A473165370500C22EFF009F
:109F0800C42AD729252F0500C50607008AFD411256
:109F18001428C32A26069C5F0300C531862F01003A
:109F2800C236FF00E53181D5D856FF0040063F8F85
:109F3800800721EF06A007A808B009B880FF3209FA
:109F48001410C31225069C5F0300C229A5C701008F
:109F5800F5C041C223172900232F250023CF210054
:109F68000AD60000BA050252B50DC3A226069C5FA8
:109F78000300D43186370100E6A9D10503528A00CF
:109F880040063FEF60CADA0569BAB105045285FD9B
:109F980061CADA0520364000E6B99BFD1830C232A6
:109FA800C636FC03DA3126377901C6060200B20547
:109FB8000152E5E51830C732C636807FDA312636D9
:109FC8000064612A9A0D402E008005112506FFFFC6
:109FD800FF9F4511B505C216FF0766170100173028
:109FE80080FF8E001810C712C216807FDA11DC526B
:109FF800625705642216086461CA8A0D222F01007F
:10A00800852E0600622F0100B505620701001810B1
:10A01800C712C216807FDA1122160C64002AF505D1
:10A02800C536FF00C23146070000412AC536FF0089
:10A03800203E4000E731D1F5002AB50DC536FF00B6
:10A048000238C639D6310637000047370000412AA2
:10A05800C536FF00F731B1F5C2C2D816FC03C2D12C
:10A068002016FF007A17D901005240063FEF6832E8
:10A07800832D6C32BB050932C52520161000E2314C
:10A08800BB050A32E51D20161400E231BB050B3270
:10A09800851D20161800E231BB050C32A5152016C7
:10A0A8002000E231BB050D32C50D20163000E2312B
:10A0B800BB050E32E50520164000E231CB050F3214
:10A0C80006507F0008527F007F00231EB4FF630FF5
:10A0D800090063170D00632F1100A3074F3100001B
:10A0E800A307CF410000A3074F520000A307CF6288
:10A0F8000000A3074F730000A307CF830000A30746
:10A108004F940000E7474000E64F4000A3070F4088
:10A1180000008607210F00A2143080FF54070AA808
:10A1280014B014B88007A2019700D416FF00C2B972
:10A138001710C212C216FC03D51122177901C206E4
:10A1480008001710E2075701C212C216FC03D51106
:10A15800222F790117324629622F790180072601BB
:10A16800C712C216807FD511222F016440360080A5
:10A1780066292216006422170100F2052506FFFF52
:10A18800FF1F4511012AC505C216FF07002A17300F
:10A19800C732C636807FD53126370164403E00403D
:10A1A80067319A0D17B0C7B2D6B6807FD5B136B72A
:10A1B80005649CB21730C732C636807FD531263742
:10A1C8000964C6060400BA050032B525D636FF0074
:10A1D80057326632DB1DC132E606E6A10100F505FD
:10A1E800E505850DA50DC50DE50D851520B61000F5
:10A1F800F50D20B61400C50D20B61800950D20B633
:10A208002000E50520B63000B50520B64000013233
:10A218001738C73AC73E807FD539273E0C640042BD
:10A22800D50DC84EFF002A06648EDEFEC951C74907
:10A23800094F00004A4F00004142C84EFF00D65661
:10A24800FF00EA49F1ED1738C23AC73EFC03D53999
:10A258002046FF006747D901403EDFFE27575D8053
:10A268006052821563170900632F050063370100E8
:10A27800D64EFF002806648EDEFE00320638EAC796
:10A2880060F91710C212C216FC03D5112217790102
:10A29800C20601001710F207CBFEC212C216FC0359
:10A2A800D51122177901C2061000D20D1710C2125B
:10A2B800C216FC03D511222F79012036EFFF46295B
:10A2C800622F790141A240160300A2179D5FD42E88
:10A2D800FF00E229F10755FE4606200FA3070940B3
:10A2E8000000E83F2000E9372000A3074994000058
:10A2F800A307C9830000A30749730000A307C96225
:10A308000000A30749520000A307C9410000A307A2
:10A3180049310000232F110023170D00230F0900D6
:10A32800231E4C00E0074801231EB4FF630F0900F9
:10A3380063170D00632F1100A3074F310000A30717
:10A34800CF410000A3074F520000A307CF620000CF
:10A35800A3074F730000A307CF830000A3074F9400
:10A368000000E7474000E64F4000A3070F40000009
:10A378008607210F00A2143080FFF60403AA0AB052
:10A3880014B88007A2019500D416FF00C2A91510C1
:10A39800C212C216FC03D61122177901C2060800A0
:10A3A8001510E2075701C212C216FC03D611222F5C
:10A3B800790117324629622F790180072601C712D1
:10A3C800C216807FD611222F01644036008066298C
:10A3D8002216006422170100F2052506FFFFFF1F61
:10A3E8004511012AC505C216FF07002A1530C732D4
:10A3F800C636807FD63126370164403E004067313B
:10A408009A0D15B8C7BAD7BE807FD6B937BF0564CD
:10A418009CBA1530C732C636807FD63126370964D4
:10A42800C6060400BA050032B525D736FF005732F4
:10A438006632DB1DC132E60644A40100F505E505D8
:10A44800850DA50DC50DE50D851520BE1000F50D72
:10A4580020BE1400C50D20BE1800950D20BE20009A
:10A46800E50520BE3000B50520BE40000132153894
:10A47800C73AC73E807FD639273E0C640042D50DC7
:10A48800C84EFF002A06A48EDEFEC951C749094FEF
:10A4980000004A4F00004142C84EFF00D756FF0057
:10A4A800EA49F1ED1538C23AC73EFC03D6392046D1
:10A4B800FF006747D901403EDFFE27575D806052A5
:10A4C800821563170900632F050063370100D74E13
:10A4D800FF002806A48EDEFE013A0032EAC760F9C2
:10A4E8001510C212C216FC03D61122177901C20632
:10A4F80001001510F207CBFEC212C216FC03D611DA
:10A5080022177901C2061000D20D1510C212C21608
:10A51800FC03D611222F79012036EFFF4629622F3E
:10A52800790141A240160300A2179D5FD42EFF00B7
:10A53800E229F10755FE4606200FA307094000004F
:10A54800E83F2000E9372000A30749940000A3074B
:10A55800C9830000A30749730000A307C96200006C
:10A56800A30749520000A307C9410000A3074931C6
:10A578000000232F110023170D00230F0900231EAD
:10A588004C00E0074801231EB4FF630F090063175E
:10A598000D00632F1100A3074F310000A307CF411F
:10A5A8000000A3074F520000A307CF620000A307D3
:10A5B8004F730000A307CF830000A3074F94000048
:10A5C800E7474000E64F4000A3070F40000086071A
:10A5D800210F00A2143080FF980206AA0AB014B80E
:10A5E8008007A2019500D416FF00C2A91510C21257
:10A5F800C216FC03D61122177901C20608001510ED
:10A60800E2075701C212C216FC03D611222F7901A4
:10A6180017324629622F790180072601C712C21610
:10A62800807FD611222F01644036008066292216C9
:10A63800006422170100F2052506FFFFFF1F4511E0
:10A64800012AC505C216FF07002A1530C732C636CB
:10A65800807FD63126370164403E004067319A0D2D
:10A6680015B8C7BAD7BE807FD6B937BF05649CBABC
:10A678001530C732C636807FD63126370964C606FC
:10A688000400BA050032B525D736FF0057326632C6
:10A69800DB1DC132E606A2A60100F505E505850D1C
:10A6A800A50DC50DE50D851520BE1000F50D20BEC4
:10A6B8001400C50D20BE1800950D20BE2000E5052C
:10A6C80020BE3000B50520BE400001321538C73A1B
:10A6D800C73E807FD639273E0C640042D50DC84E50
:10A6E800FF002A06E48EDEFEC951C749094F000063
:10A6F8004A4F00004142C84EFF00D756FF00EA49C2
:10A70800F1ED1538C23AC73EFC03D6392046FF00A2
:10A718006747D901403EDFFE27575D8060528215AA
:10A7280063170900632F050063370100D74EFF0048
:10A738002806E48EDEFE023A0032EAC760F91510F8
:10A74800C212C216FC03D61122177901C2060100F3
:10A758001510F207CBFEC212C216FC03D61122173F
:10A768007901C2061000D20D1510C212C216FC03E0
:10A77800D611222F79012036EFFF4629622F790161
:10A7880041A240160300A2179D5FD42EFF00E229C4
:10A79800F10755FE4606200FA30709400000E83FD1
:10A7A8002000E9372000A30749940000A307C983C4
:10A7B8000000A30749730000A307C9620000A307AC
:10A7C80049520000A307C9410000A307493100000E
:10A7D800232F110023170D00230F0900231E4C00FF
:10A7E800E00748014016FFFFC23730EAC2BF30EA2F
:10A7F800C2A731EAC23734EAC2BF34EAC2A735EA8F
:10A80800C23732EAC2BF32EAC2A733EAC037E2B07F
:10A81800C0BFE2B0C0A7E3B0C037E6B0C0BFE6B083
:10A82800C0A7E7B0C037E4B0C0BFE4B0C0A7E5B088
:10A83800C037B2B1C0BFB2B1C0A7B3B1C037B6B1AB
:10A84800C0BFB6B1C0A7B7B1C037B4B1C0BFB4B10B
:10A85800C0A7B5B1C2372CEAC2BF2CEAC2A72DEAFD
:10A86800C2372EEAC2BF2EEAC2A72FEA7F006032A3
:0AA878004016D0FFE01714537F00D4
:10A88200E93740022206298FDEFEC61182570300F5
:10A892007F00E93740022206328FDEFEC611822F88
:10A8A2000300A2570300C85205517F00C631220699
:0CA8B200688FDEFEC611423F00007F00F0
:10A8BE008007210080FF28004016DFFE2506A4A990
:10A8CE000100622F5D8028061C80DEFE2706805F59
:10A8DE0003000032BFFF36F040063F009007210014
:10A8EE00430703002206F1FFFF0043170500201661
:10A8FE00FFF1431704000112431706004307070038
:10A90E00021243170800233E03002336040080FF83
:10A91E00A0E9A317030063129B15C112E20630A92A
:10A92E000100C50DB505E505F50543070300001249
:10A93E00850D0112C5050312A5050212431703006A
:10A94E008200402EDFFE6517258050063F008607E9
:10A95E00210023171500232F1100085007406032E5
:10A96E00820D5F326032820D6132BA15023AD50520
:10A97E0000320638B505013A003263170900632F1D
:10A98E000500634F01000A48BFFFA2F546063F00CF
:10A99E00005246063F008407210023171500631757
:10A9AE000500231711006317010023170D00073050
:0EA9BE0008380940024880FF7EEE44063F0044
:10A9CC007F00231EE4FF630F090063170D00632F44
:10A9DC001100A3074F410000E7474000E64F40003D
:10A9EC00A3070F4000004016DFFE012A422F8C8087
:10A9FC00A30709400000E83F2000E9372000A30727
:10AA0C0049410000232F110023170D00230F0900CB
:10AA1C00231E1C00E0074801231EB4FF630F09002E
:10AA2C0063170D00632F1100A3074F310000A3071C
:10AA3C00CF410000A3074F520000A307CF620000D4
:10AA4C00A3074F730000A307CF830000A3074F9405
:10AA5C000000E7474000E64F4000A3070F4000000E
:10AA6C00800721004016DFFE012A422F8C80063A17
:10AA7C0026064090DEFE80FF00F140062000A30772
:10AA8C0009400000E83F2000E9372000A307499463
:10AA9C000000A307C9830000A30749730000A307A4
:10AAAC00C9620000A30749520000A307C941000076
:10AABC00A30749310000232F110023170D00230F8A
:0AAACC000900231E4C00E0074801BA
:10AAD6007F00231EB4FF630F090063170D00632F69
:10AAE6001100A3074F310000A307CF410000A307C1
:10AAF6004F520000A307CF620000A3074F73000068
:10AB0600A307CF830000A3074F940000E747400048
:10AB1600E64F4000A3070F4000008007210080FF9A
:10AB2600540040062000A30709400000E83F20002B
:10AB3600E9372000A30749940000A307C983000052
:10AB4600A30749730000A307C9620000A30749527F
:10AB56000000A307C9410000A30749310000232FC5
:10AB6600110023170D00230F0900231E4C00E007D8
:10AB760048014016DFFE222F8980412A622F8980F4
:10AB860022178980052AE51782126012EA05401607
:0AAB9600DFFE012A422F6D807F00D0
:10ABA0008007210080FFA4E080FFC4E080FF38E838
:10ABB00080FFDCE0E5FD80072100E007600180FF09
:0AABC00030F0E087600140063F001E
:10ABCA00E00F20017F00E00F2001BF07FCFF231EDA
:10ABDA00B4FF630F090063170D00632F1100A30769
:10ABEA004F310000A307CF410000A3074F520000D6
:10ABFA00A307CF620000A3074F730000A307CF8308
:10AC0A000000A3074F940000E7474000E64F4000CA
:10AC1A00A3070F40000080072100BFFFACFF4006DA
:10AC2A002000A30709400000E83F2000E937200080
:10AC3A00A30749940000A307C9830000A307497327
:10AC4A000000A307C9620000A30749520000A30736
:10AC5A00C9410000A30749310000232F110023171F
:10AC6A000D00230F0900231E4C00E0074801231E94
:10AC7A00B4FF630F090063170D00632F1100A307C8
:10AC8A004F310000A307CF410000A3074F52000035
:10AC9A00A307CF620000A3074F730000A307CF8367
:10ACAA000000A3074F940000E7474000E64F40002A
:10ACBA00A3070F40000080072100BFFF0CFF4006DA
:10ACCA002000A30709400000E83F2000E9372000E0
:10ACDA00A30749940000A307C9830000A307497387
:10ACEA000000A307C9620000A30749520000A30796
:10ACFA00C9410000A30749310000232F110023177F
:10AD0A000D00230F0900231E4C00E0074801231EF3
:10AD1A00B4FF630F090063170D00632F1100A30727
:10AD2A004F310000A307CF410000A3074F52000094
:10AD3A00A307CF620000A3074F730000A307CF83C6
:10AD4A000000A3074F940000E7474000E64F400089
:10AD5A00A3070F40000080072100BFFF6CFE4006DA
:10AD6A002000A30709400000E83F2000E93720003F
:10AD7A00A30749940000A307C9830000A3074973E6
:10AD8A000000A307C9620000A30749520000A307F5
:10AD9A00C9410000A30749310000232F11002317DE
:10ADAA000D00230F0900231E4C00E0074801231E53
:10ADBA00B4FF630F090063170D00632F1100A30787
:10ADCA004F310000A307CF410000A3074F520000F4
:10ADDA00A307CF620000A3074F730000A307CF8326
:10ADEA000000A3074F940000E7474000E64F4000E9
:10ADFA00A3070F40000080072100BFFFCCFD4006DB
:10AE0A002000A30709400000E83F2000E93720009E
:10AE1A00A30749940000A307C9830000A307497345
:10AE2A000000A307C9620000A30749520000A30754
:10AE3A00C9410000A30749310000232F110023173D
:10AE4A000D00230F0900231E4C00E0074801231EB2
:10AE5A00B4FF630F090063170D00632F1100A307E6
:10AE6A004F310000A307CF410000A3074F52000053
:10AE7A00A307CF620000A3074F730000A307CF8385
:10AE8A000000A3074F940000E7474000E64F400048
:10AE9A00A3070F40000080072100BFFF2CFD4006DA
:10AEAA002000A30709400000E83F2000E9372000FE
:10AEBA00A30749940000A307C9830000A3074973A5
:10AECA000000A307C9620000A30749520000A307B4
:10AEDA00C9410000A30749310000232F110023179D
:10AEEA000D00230F0900231E4C00E0074801231E12
:10AEFA00B4FF630F090063170D00632F1100A30746
:10AF0A004F310000A307CF410000A3074F520000B2
:10AF1A00A307CF620000A3074F730000A307CF83E4
:10AF2A000000A3074F940000E7474000E64F4000A7
:10AF3A00A3070F40000080072100BFFF8CFC4006DA
:10AF4A002000A30709400000E83F2000E93720005D
:10AF5A00A30749940000A307C9830000A307497304
:10AF6A000000A307C9620000A30749520000A30713
:10AF7A00C9410000A30749310000232F11002317FC
:10AF8A000D00230F0900231E4C00E0074801231E71
:10AF9A00B4FF630F090063170D00632F1100A307A5
:10AFAA004F310000A307CF410000A3074F52000012
:10AFBA00A307CF620000A3074F730000A307CF8344
:10AFCA000000A3074F940000E7474000E64F400007
:10AFDA00A3070F40000080072100BFFFECFB4006DB
:10AFEA002000A30709400000E83F2000E9372000BD
:10AFFA00A30749940000A307C9830000A307497364
:10B00A000000A307C9620000A30749520000A30772
:10B01A00C9410000A30749310000232F110023175B
:10B02A000D00230F0900231E4C00E0074801231ED0
:10B03A00B4FF630F090063170D00632F1100A30704
:10B04A004F310000A307CF410000A3074F52000071
:10B05A00A307CF620000A3074F730000A307CF83A3
:10B06A000000A3074F940000E7474000E64F400066
:10B07A00A3070F40000080072100BFFF4CFB4006DA
:10B08A002000A30709400000E83F2000E93720001C
:10B09A00A30749940000A307C9830000A3074973C3
:10B0AA000000A307C9620000A30749520000A307D2
:10B0BA00C9410000A30749310000232F11002317BB
:10B0CA000D00230F0900231E4C00E0074801231E30
:10B0DA00B4FF630F090063170D00632F1100A30764
:10B0EA004F310000A307CF410000A3074F520000D1
:10B0FA00A307CF620000A3074F730000A307CF8303
:10B10A000000A3074F940000E7474000E64F4000C5
:10B11A00A3070F40000080072100BFFFACFA4006DA
:10B12A002000A30709400000E83F2000E93720007B
:10B13A00A30749940000A307C9830000A307497322
:10B14A000000A307C9620000A30749520000A30731
:10B15A00C9410000A30749310000232F110023171A
:10B16A000D00230F0900231E4C00E0074801231E8F
:10B17A00B4FF630F090063170D00632F1100A307C3
:10B18A004F310000A307CF410000A3074F52000030
:10B19A00A307CF620000A3074F730000A307CF8362
:10B1AA000000A3074F940000E7474000E64F400025
:10B1BA00A3070F40000080072100BFFF0CFA4006DA
:10B1CA002000A30709400000E83F2000E9372000DB
:10B1DA00A30749940000A307C9830000A307497382
:10B1EA000000A307C9620000A30749520000A30791
:10B1FA00C9410000A30749310000232F110023177A
:10B20A000D00230F0900231E4C00E0074801231EEE
:10B21A00B4FF630F090063170D00632F1100A30722
:10B22A004F310000A307CF410000A3074F5200008F
:10B23A00A307CF620000A3074F730000A307CF83C1
:10B24A000000A3074F940000E7474000E64F400084
:10B25A00A3070F40000080072100BFFF6CF94006DA
:10B26A002000A30709400000E83F2000E93720003A
:10B27A00A30749940000A307C9830000A3074973E1
:10B28A000000A307C9620000A30749520000A307F0
:10B29A00C9410000A30749310000232F11002317D9
:10B2AA000D00230F0900231E4C00E0074801231E4E
:10B2BA00B4FF630F090063170D00632F1100A30782
:10B2CA004F310000A307CF410000A3074F520000EF
:10B2DA00A307CF620000A3074F730000A307CF8321
:10B2EA000000A3074F940000E7474000E64F4000E4
:10B2FA00A3070F40000080072100BFFFCCF84006DB
:10B30A002000A30709400000E83F2000E937200099
:10B31A00A30749940000A307C9830000A307497340
:10B32A000000A307C9620000A30749520000A3074F
:10B33A00C9410000A30749310000232F1100231738
:10B34A000D00230F0900231E4C00E0074801231EAD
:10B35A00B4FF630F090063170D00632F1100A307E1
:10B36A004F310000A307CF410000A3074F5200004E
:10B37A00A307CF620000A3074F730000A307CF8380
:10B38A000000A3074F940000E7474000E64F400043
:10B39A00A3070F40000080072100BFFF2CF84006DA
:10B3AA002000A30709400000E83F2000E9372000F9
:10B3BA00A30749940000A307C9830000A3074973A0
:10B3CA000000A307C9620000A30749520000A307AF
:10B3DA00C9410000A30749310000232F1100231798
:10B3EA000D00230F0900231E4C00E0074801231E0D
:10B3FA00B4FF630F090063170D00632F1100A30741
:10B40A004F310000A307CF410000A3074F520000AD
:10B41A00A307CF620000A3074F730000A307CF83DF
:10B42A000000A3074F940000E7474000E64F4000A2
:10B43A00A3070F40000080072100BFFF8CF74006DA
:10B44A002000A30709400000E83F2000E937200058
:10B45A00A30749940000A307C9830000A3074973FF
:10B46A000000A307C9620000A30749520000A3070E
:10B47A00C9410000A30749310000232F11002317F7
:10B48A000D00230F0900231E4C00E0074801231E6C
:10B49A00B4FF630F090063170D00632F1100A307A0
:10B4AA004F310000A307CF410000A3074F5200000D
:10B4BA00A307CF620000A3074F730000A307CF833F
:10B4CA000000A3074F940000E7474000E64F400002
:10B4DA00A3070F40000080072100BFFFECF64006DB
:10B4EA002000A30709400000E83F2000E9372000B8
:10B4FA00A30749940000A307C9830000A30749735F
:10B50A000000A307C9620000A30749520000A3076D
:10B51A00C9410000A30749310000232F1100231756
:10B52A000D00230F0900231E4C00E0074801231ECB
:10B53A00B4FF630F090063170D00632F1100A307FF
:10B54A004F310000A307CF410000A3074F5200006C
:10B55A00A307CF620000A3074F730000A307CF839E
:10B56A000000A3074F940000E7474000E64F400061
:10B57A00A3070F40000080072100BFFF4CF64006DA
:10B58A002000A30709400000E83F2000E937200017
:10B59A00A30749940000A307C9830000A3074973BE
:10B5AA000000A307C9620000A30749520000A307CD
:10B5BA00C9410000A30749310000232F11002317B6
:10B5CA000D00230F0900231E4C00E0074801231E2B
:10B5DA00B4FF630F090063170D00632F1100A3075F
:10B5EA004F310000A307CF410000A3074F520000CC
:10B5FA00A307CF620000A3074F730000A307CF83FE
:10B60A000000A3074F940000E7474000E64F4000C0
:10B61A00A3070F40000080072100BFFFACF54006DA
:10B62A002000A30709400000E83F2000E937200076
:10B63A00A30749940000A307C9830000A30749731D
:10B64A000000A307C9620000A30749520000A3072C
:10B65A00C9410000A30749310000232F1100231715
:10B66A000D00230F0900231E4C00E0074801231E8A
:10B67A00B4FF630F090063170D00632F1100A307BE
:10B68A004F310000A307CF410000A3074F5200002B
:10B69A00A307CF620000A3074F730000A307CF835D
:10B6AA000000A3074F940000E7474000E64F400020
:10B6BA00A3070F40000080072100BFFF0CF54006DA
:10B6CA002000A30709400000E83F2000E9372000D6
:10B6DA00A30749940000A307C9830000A30749737D
:10B6EA000000A307C9620000A30749520000A3078C
:10B6FA00C9410000A30749310000232F1100231775
:10B70A000D00230F0900231E4C00E0074801231EE9
:10B71A00B4FF630F090063170D00632F1100A3071D
:10B72A004F310000A307CF410000A3074F5200008A
:10B73A00A307CF620000A3074F730000A307CF83BC
:10B74A000000A3074F940000E7474000E64F40007F
:10B75A00A3070F40000080072100BFFF6CF44006DA
:10B76A002000A30709400000E83F2000E937200035
:10B77A00A30749940000A307C9830000A3074973DC
:10B78A000000A307C9620000A30749520000A307EB
:10B79A00C9410000A30749310000232F11002317D4
:10B7AA000D00230F0900231E4C00E0074801231E49
:10B7BA00B4FF630F090063170D00632F1100A3077D
:10B7CA004F310000A307CF410000A3074F520000EA
:10B7DA00A307CF620000A3074F730000A307CF831C
:10B7EA000000A3074F940000E7474000E64F4000DF
:10B7FA00A3070F40000080072100BFFFCCF34006DB
:10B80A002000A30709400000E83F2000E937200094
:10B81A00A30749940000A307C9830000A30749733B
:10B82A000000A307C9620000A30749520000A3074A
:10B83A00C9410000A30749310000232F1100231733
:10B84A000D00230F0900231E4C00E0074801231EA8
:10B85A00B4FF630F090063170D00632F1100A307DC
:10B86A004F310000A307CF410000A3074F52000049
:10B87A00A307CF620000A3074F730000A307CF837B
:10B88A000000A3074F940000E7474000E64F40003E
:10B89A00A3070F40000080072100BFFF2CF34006DA
:10B8AA002000A30709400000E83F2000E9372000F4
:10B8BA00A30749940000A307C9830000A30749739B
:10B8CA000000A307C9620000A30749520000A307AA
:10B8DA00C9410000A30749310000232F1100231793
:10B8EA000D00230F0900231E4C00E0074801231E08
:10B8FA00B4FF630F090063170D00632F1100A3073C
:10B90A004F310000A307CF410000A3074F520000A8
:10B91A00A307CF620000A3074F730000A307CF83DA
:10B92A000000A3074F940000E7474000E64F40009D
:10B93A00A3070F40000080072100BFFF8CF24006DA
:10B94A002000A30709400000E83F2000E937200053
:10B95A00A30749940000A307C9830000A3074973FA
:10B96A000000A307C9620000A30749520000A30709
:10B97A00C9410000A30749310000232F11002317F2
:10B98A000D00230F0900231E4C00E0074801231E67
:10B99A00B4FF630F090063170D00632F1100A3079B
:10B9AA004F310000A307CF410000A3074F52000008
:10B9BA00A307CF620000A3074F730000A307CF833A
:10B9CA000000A3074F940000E7474000E64F4000FD
:10B9DA00A3070F40000080072100BFFFECF14006DB
:10B9EA002000A30709400000E83F2000E9372000B3
:10B9FA00A30749940000A307C9830000A30749735A
:10BA0A000000A307C9620000A30749520000A30768
:10BA1A00C9410000A30749310000232F1100231751
:10BA2A000D00230F0900231E4C00E0074801231EC6
:10BA3A00B4FF630F090063170D00632F1100A307FA
:10BA4A004F310000A307CF410000A3074F52000067
:10BA5A00A307CF620000A3074F730000A307CF8399
:10BA6A000000A3074F940000E7474000E64F40005C
:10BA7A00A3070F40000080072100BFFF4CF14006DA
:10BA8A002000A30709400000E83F2000E937200012
:10BA9A00A30749940000A307C9830000A3074973B9
:10BAAA000000A307C9620000A30749520000A307C8
:10BABA00C9410000A30749310000232F11002317B1
:10BACA000D00230F0900231E4C00E0074801231E26
:10BADA00B4FF630F090063170D00632F1100A3075A
:10BAEA004F310000A307CF410000A3074F520000C7
:10BAFA00A307CF620000A3074F730000A307CF83F9
:10BB0A000000A3074F940000E7474000E64F4000BB
:10BB1A00A3070F40000080072100BFFFACF04006DA
:10BB2A002000A30709400000E83F2000E937200071
:10BB3A00A30749940000A307C9830000A307497318
:10BB4A000000A307C9620000A30749520000A30727
:10BB5A00C9410000A30749310000232F1100231710
:10BB6A000D00230F0900231E4C00E0074801231E85
:10BB7A00B4FF630F090063170D00632F1100A307B9
:10BB8A004F310000A307CF410000A3074F52000026
:10BB9A00A307CF620000A3074F730000A307CF8358
:10BBAA000000A3074F940000E7474000E64F40001B
:10BBBA00A3070F40000080072100BFFF0CF04006DA
:10BBCA002000A30709400000E83F2000E9372000D1
:10BBDA00A30749940000A307C9830000A307497378
:10BBEA000000A307C9620000A30749520000A30787
:10BBFA00C9410000A30749310000232F1100231770
:10BC0A000D00230F0900231E4C00E0074801231EE4
:10BC1A00B4FF630F090063170D00632F1100A30718
:10BC2A004F310000A307CF410000A3074F52000085
:10BC3A00A307CF620000A3074F730000A307CF83B7
:10BC4A000000A3074F940000E7474000E64F40007A
:10BC5A00A3070F40000080072100BFFF6CEF4006DA
:10BC6A002000A30709400000E83F2000E937200030
:10BC7A00A30749940000A307C9830000A3074973D7
:10BC8A000000A307C9620000A30749520000A307E6
:10BC9A00C9410000A30749310000232F11002317CF
:10BCAA000D00230F0900231E4C00E0074801231E44
:10BCBA00B4FF630F090063170D00632F1100A30778
:10BCCA004F310000A307CF410000A3074F520000E5
:10BCDA00A307CF620000A3074F730000A307CF8317
:10BCEA000000A3074F940000E7474000E64F4000DA
:10BCFA00A3070F40000080072100BFFFCCEE4006DB
:10BD0A002000A30709400000E83F2000E93720008F
:10BD1A00A30749940000A307C9830000A307497336
:10BD2A000000A307C9620000A30749520000A30745
:10BD3A00C9410000A30749310000232F110023172E
:10BD4A000D00230F0900231E4C00E0074801231EA3
:10BD5A00B4FF630F090063170D00632F1100A307D7
:10BD6A004F310000A307CF410000A3074F52000044
:10BD7A00A307CF620000A3074F730000A307CF8376
:10BD8A000000A3074F940000E7474000E64F400039
:10BD9A00A3070F40000080072100BFFF2CEE4006DA
:10BDAA002000A30709400000E83F2000E9372000EF
:10BDBA00A30749940000A307C9830000A307497396
:10BDCA000000A307C9620000A30749520000A307A5
:10BDDA00C9410000A30749310000232F110023178E
:10BDEA000D00230F0900231E4C00E0074801231E03
:10BDFA00B4FF630F090063170D00632F1100A30737
:10BE0A004F310000A307CF410000A3074F520000A3
:10BE1A00A307CF620000A3074F730000A307CF83D5
:10BE2A000000A3074F940000E7474000E64F400098
:10BE3A00A3070F40000080072100BFFF8CED4006DA
:10BE4A002000A30709400000E83F2000E93720004E
:10BE5A00A30749940000A307C9830000A3074973F5
:10BE6A000000A307C9620000A30749520000A30704
:10BE7A00C9410000A30749310000232F11002317ED
:10BE8A000D00230F0900231E4C00E0074801231E62
:10BE9A00B4FF630F090063170D00632F1100A30796
:10BEAA004F310000A307CF410000A3074F52000003
:10BEBA00A307CF620000A3074F730000A307CF8335
:10BECA000000A3074F940000E7474000E64F4000F8
:10BEDA00A3070F40000080072100BFFFECEC4006DB
:10BEEA002000A30709400000E83F2000E9372000AE
:10BEFA00A30749940000A307C9830000A307497355
:10BF0A000000A307C9620000A30749520000A30763
:10BF1A00C9410000A30749310000232F110023174C
:10BF2A000D00230F0900231E4C00E0074801231EC1
:10BF3A00B4FF630F090063170D00632F1100A307F5
:10BF4A004F310000A307CF410000A3074F52000062
:10BF5A00A307CF620000A3074F730000A307CF8394
:10BF6A000000A3074F940000E7474000E64F400057
:10BF7A00A3070F40000080072100BFFF4CEC4006DA
:10BF8A002000A30709400000E83F2000E93720000D
:10BF9A00A30749940000A307C9830000A3074973B4
:10BFAA000000A307C9620000A30749520000A307C3
:10BFBA00C9410000A30749310000232F11002317AC
:10BFCA000D00230F0900231E4C00E0074801231E21
:10BFDA00B4FF630F090063170D00632F1100A30755
:10BFEA004F310000A307CF410000A3074F520000C2
:10BFFA00A307CF620000A3074F730000A307CF83F4
:10C00A000000A3074F940000E7474000E64F4000B6
:10C01A00A3070F40000080072100BFFFACEB4006DA
:10C02A002000A30709400000E83F2000E93720006C
:10C03A00A30749940000A307C9830000A307497313
:10C04A000000A307C9620000A30749520000A30722
:10C05A00C9410000A30749310000232F110023170B
:10C06A000D00230F0900231E4C00E0074801231E80
:10C07A00B4FF630F090063170D00632F1100A307B4
:10C08A004F310000A307CF410000A3074F52000021
:10C09A00A307CF620000A3074F730000A307CF8353
:10C0AA000000A3074F940000E7474000E64F400016
:10C0BA00A3070F40000080072100BFFF0CEB4006DA
:10C0CA002000A30709400000E83F2000E9372000CC
:10C0DA00A30749940000A307C9830000A307497373
:10C0EA000000A307C9620000A30749520000A30782
:10C0FA00C9410000A30749310000232F110023176B
:10C10A000D00230F0900231E4C00E0074801231EDF
:10C11A00B4FF630F090063170D00632F1100A30713
:10C12A004F310000A307CF410000A3074F52000080
:10C13A00A307CF620000A3074F730000A307CF83B2
:10C14A000000A3074F940000E7474000E64F400075
:10C15A00A3070F40000080072100BFFF6CEA4006DA
:10C16A002000A30709400000E83F2000E93720002B
:10C17A00A30749940000A307C9830000A3074973D2
:10C18A000000A307C9620000A30749520000A307E1
:10C19A00C9410000A30749310000232F11002317CA
:10C1AA000D00230F0900231E4C00E0074801231E3F
:10C1BA00B4FF630F090063170D00632F1100A30773
:10C1CA004F310000A307CF410000A3074F520000E0
:10C1DA00A307CF620000A3074F730000A307CF8312
:10C1EA000000A3074F940000E7474000E64F4000D5
:10C1FA00A3070F40000080072100BFFFCCE94006DB
:10C20A002000A30709400000E83F2000E93720008A
:10C21A00A30749940000A307C9830000A307497331
:10C22A000000A307C9620000A30749520000A30740
:10C23A00C9410000A30749310000232F1100231729
:10C24A000D00230F0900231E4C00E0074801231E9E
:10C25A00B4FF630F090063170D00632F1100A307D2
:10C26A004F310000A307CF410000A3074F5200003F
:10C27A00A307CF620000A3074F730000A307CF8371
:10C28A000000A3074F940000E7474000E64F400034
:10C29A00A3070F40000080072100BFFF2CE94006DA
:10C2AA002000A30709400000E83F2000E9372000EA
:10C2BA00A30749940000A307C9830000A307497391
:10C2CA000000A307C9620000A30749520000A307A0
:10C2DA00C9410000A30749310000232F1100231789
:10C2EA000D00230F0900231E4C00E0074801231EFE
:10C2FA00B4FF630F090063170D00632F1100A30732
:10C30A004F310000A307CF410000A3074F5200009E
:10C31A00A307CF620000A3074F730000A307CF83D0
:10C32A000000A3074F940000E7474000E64F400093
:10C33A00A3070F40000080072100BFFF8CE84006DA
:10C34A002000A30709400000E83F2000E937200049
:10C35A00A30749940000A307C9830000A3074973F0
:10C36A000000A307C9620000A30749520000A307FF
:10C37A00C9410000A30749310000232F11002317E8
:10C38A000D00230F0900231E4C00E0074801231E5D
:10C39A00B4FF630F090063170D00632F1100A30791
:10C3AA004F310000A307CF410000A3074F520000FE
:10C3BA00A307CF620000A3074F730000A307CF8330
:10C3CA000000A3074F940000E7474000E64F4000F3
:10C3DA00A3070F40000080072100BFFFECE74006DB
:10C3EA002000A30709400000E83F2000E9372000A9
:10C3FA00A30749940000A307C9830000A307497350
:10C40A000000A307C9620000A30749520000A3075E
:10C41A00C9410000A30749310000232F1100231747
:10C42A000D00230F0900231E4C00E0074801231EBC
:10C43A00B4FF630F090063170D00632F1100A307F0
:10C44A004F310000A307CF410000A3074F5200005D
:10C45A00A307CF620000A3074F730000A307CF838F
:10C46A000000A3074F940000E7474000E64F400052
:10C47A00A3070F40000080072100BFFF4CE74006DA
:10C48A002000A30709400000E83F2000E937200008
:10C49A00A30749940000A307C9830000A3074973AF
:10C4AA000000A307C9620000A30749520000A307BE
:10C4BA00C9410000A30749310000232F11002317A7
:10C4CA000D00230F0900231E4C00E0074801231E1C
:10C4DA00B4FF630F090063170D00632F1100A30750
:10C4EA004F310000A307CF410000A3074F520000BD
:10C4FA00A307CF620000A3074F730000A307CF83EF
:10C50A000000A3074F940000E7474000E64F4000B1
:10C51A00A3070F40000080072100BFFFACE64006DA
:10C52A002000A30709400000E83F2000E937200067
:10C53A00A30749940000A307C9830000A30749730E
:10C54A000000A307C9620000A30749520000A3071D
:10C55A00C9410000A30749310000232F1100231706
:10C56A000D00230F0900231E4C00E0074801231E7B
:10C57A00B4FF630F090063170D00632F1100A307AF
:10C58A004F310000A307CF410000A3074F5200001C
:10C59A00A307CF620000A3074F730000A307CF834E
:10C5AA000000A3074F940000E7474000E64F400011
:10C5BA00A3070F40000080072100BFFF0CE64006DA
:10C5CA002000A30709400000E83F2000E9372000C7
:10C5DA00A30749940000A307C9830000A30749736E
:10C5EA000000A307C9620000A30749520000A3077D
:10C5FA00C9410000A30749310000232F1100231766
:10C60A000D00230F0900231E4C00E0074801231EDA
:10C61A00B4FF630F090063170D00632F1100A3070E
:10C62A004F310000A307CF410000A3074F5200007B
:10C63A00A307CF620000A3074F730000A307CF83AD
:10C64A000000A3074F940000E7474000E64F400070
:10C65A00A3070F40000080072100BFFF6CE54006DA
:10C66A002000A30709400000E83F2000E937200026
:10C67A00A30749940000A307C9830000A3074973CD
:10C68A000000A307C9620000A30749520000A307DC
:10C69A00C9410000A30749310000232F11002317C5
:10C6AA000D00230F0900231E4C00E0074801231E3A
:10C6BA00B4FF630F090063170D00632F1100A3076E
:10C6CA004F310000A307CF410000A3074F520000DB
:10C6DA00A307CF620000A3074F730000A307CF830D
:10C6EA000000A3074F940000E7474000E64F4000D0
:10C6FA00A3070F40000080072100BFFFCCE44006DB
:10C70A002000A30709400000E83F2000E937200085
:10C71A00A30749940000A307C9830000A30749732C
:10C72A000000A307C9620000A30749520000A3073B
:10C73A00C9410000A30749310000232F1100231724
:10C74A000D00230F0900231E4C00E0074801231E99
:10C75A00B4FF630F090063170D00632F1100A307CD
:10C76A004F310000A307CF410000A3074F5200003A
:10C77A00A307CF620000A3074F730000A307CF836C
:10C78A000000A3074F940000E7474000E64F40002F
:10C79A00A3070F40000080072100BFFF2CE44006DA
:10C7AA002000A30709400000E83F2000E9372000E5
:10C7BA00A30749940000A307C9830000A30749738C
:10C7CA000000A307C9620000A30749520000A3079B
:10C7DA00C9410000A30749310000232F1100231784
:10C7EA000D00230F0900231E4C00E0074801231EF9
:10C7FA00B4FF630F090063170D00632F1100A3072D
:10C80A004F310000A307CF410000A3074F52000099
:10C81A00A307CF620000A3074F730000A307CF83CB
:10C82A000000A3074F940000E7474000E64F40008E
:10C83A00A3070F40000080072100BFFF8CE34006DA
:10C84A002000A30709400000E83F2000E937200044
:10C85A00A30749940000A307C9830000A3074973EB
:10C86A000000A307C9620000A30749520000A307FA
:10C87A00C9410000A30749310000232F11002317E3
:10C88A000D00230F0900231E4C00E0074801231E58
:10C89A00B4FF630F090063170D00632F1100A3078C
:10C8AA004F310000A307CF410000A3074F520000F9
:10C8BA00A307CF620000A3074F730000A307CF832B
:10C8CA000000A3074F940000E7474000E64F4000EE
:10C8DA00A3070F40000080072100BFFFECE24006DB
:10C8EA002000A30709400000E83F2000E9372000A4
:10C8FA00A30749940000A307C9830000A30749734B
:10C90A000000A307C9620000A30749520000A30759
:10C91A00C9410000A30749310000232F1100231742
:10C92A000D00230F0900231E4C00E0074801231EB7
:10C93A00B4FF630F090063170D00632F1100A307EB
:10C94A004F310000A307CF410000A3074F52000058
:10C95A00A307CF620000A3074F730000A307CF838A
:10C96A000000A3074F940000E7474000E64F40004D
:10C97A00A3070F40000080072100BFFF4CE24006DA
:10C98A002000A30709400000E83F2000E937200003
:10C99A00A30749940000A307C9830000A3074973AA
:10C9AA000000A307C9620000A30749520000A307B9
:10C9BA00C9410000A30749310000232F11002317A2
:10C9CA000D00230F0900231E4C00E0074801231E17
:10C9DA00B4FF630F090063170D00632F1100A3074B
:10C9EA004F310000A307CF410000A3074F520000B8
:10C9FA00A307CF620000A3074F730000A307CF83EA
:10CA0A000000A3074F940000E7474000E64F4000AC
:10CA1A00A3070F40000080072100BFFFACE14006DA
:10CA2A002000A30709400000E83F2000E937200062
:10CA3A00A30749940000A307C9830000A307497309
:10CA4A000000A307C9620000A30749520000A30718
:10CA5A00C9410000A30749310000232F1100231701
:10CA6A000D00230F0900231E4C00E0074801231E76
:10CA7A00B4FF630F090063170D00632F1100A307AA
:10CA8A004F310000A307CF410000A3074F52000017
:10CA9A00A307CF620000A3074F730000A307CF8349
:10CAAA000000A3074F940000E7474000E64F40000C
:10CABA00A3070F40000080072100BFFF0CE14006DA
:10CACA002000A30709400000E83F2000E9372000C2
:10CADA00A30749940000A307C9830000A307497369
:10CAEA000000A307C9620000A30749520000A30778
:10CAFA00C9410000A30749310000232F1100231761
:10CB0A000D00230F0900231E4C00E0074801231ED5
:10CB1A00B4FF630F090063170D00632F1100A30709
:10CB2A004F310000A307CF410000A3074F52000076
:10CB3A00A307CF620000A3074F730000A307CF83A8
:10CB4A000000A3074F940000E7474000E64F40006B
:10CB5A00A3070F40000080072100BFFF6CE04006DA
:10CB6A002000A30709400000E83F2000E937200021
:10CB7A00A30749940000A307C9830000A3074973C8
:10CB8A000000A307C9620000A30749520000A307D7
:10CB9A00C9410000A30749310000232F11002317C0
:10CBAA000D00230F0900231E4C00E0074801231E35
:10CBBA00B4FF630F090063170D00632F1100A30769
:10CBCA004F310000A307CF410000A3074F520000D6
:10CBDA00A307CF620000A3074F730000A307CF8308
:10CBEA000000A3074F940000E7474000E64F4000CB
:10CBFA00A3070F40000080072100BFFFCCDF4006DB
:10CC0A002000A30709400000E83F2000E937200080
:10CC1A00A30749940000A307C9830000A307497327
:10CC2A000000A307C9620000A30749520000A30736
:10CC3A00C9410000A30749310000232F110023171F
:10CC4A000D00230F0900231E4C00E0074801231E94
:10CC5A00B4FF630F090063170D00632F1100A307C8
:10CC6A004F310000A307CF410000A3074F52000035
:10CC7A00A307CF620000A3074F730000A307CF8367
:10CC8A000000A3074F940000E7474000E64F40002A
:10CC9A00A3070F40000080072100BFFF2CDF4006DA
:10CCAA002000A30709400000E83F2000E9372000E0
:10CCBA00A30749940000A307C9830000A307497387
:10CCCA000000A307C9620000A30749520000A30796
:10CCDA00C9410000A30749310000232F110023177F
:10CCEA000D00230F0900231E4C00E0074801231EF4
:10CCFA00B4FF630F090063170D00632F1100A30728
:10CD0A004F310000A307CF410000A3074F52000094
:10CD1A00A307CF620000A3074F730000A307CF83C6
:10CD2A000000A3074F940000E7474000E64F400089
:10CD3A00A3070F40000080072100BFFF8CDE4006DA
:10CD4A002000A30709400000E83F2000E93720003F
:10CD5A00A30749940000A307C9830000A3074973E6
:10CD6A000000A307C9620000A30749520000A307F5
:10CD7A00C9410000A30749310000232F11002317DE
:10CD8A000D00230F0900231E4C00E0074801231E53
:10CD9A00B4FF630F090063170D00632F1100A30787
:10CDAA004F310000A307CF410000A3074F520000F4
:10CDBA00A307CF620000A3074F730000A307CF8326
:10CDCA000000A3074F940000E7474000E64F4000E9
:10CDDA00A3070F40000080072100BFFFECDD4006DB
:10CDEA002000A30709400000E83F2000E93720009F
:10CDFA00A30749940000A307C9830000A307497346
:10CE0A000000A307C9620000A30749520000A30754
:10CE1A00C9410000A30749310000232F110023173D
:10CE2A000D00230F0900231E4C00E0074801231EB2
:10CE3A00B4FF630F090063170D00632F1100A307E6
:10CE4A004F310000A307CF410000A3074F52000053
:10CE5A00A307CF620000A3074F730000A307CF8385
:10CE6A000000A3074F940000E7474000E64F400048
:10CE7A00A3070F40000080072100BFFF4CDD4006DA
:10CE8A002000A30709400000E83F2000E9372000FE
:10CE9A00A30749940000A307C9830000A3074973A5
:10CEAA000000A307C9620000A30749520000A307B4
:10CEBA00C9410000A30749310000232F110023179D
:10CECA000D00230F0900231E4C00E0074801231E12
:10CEDA00B4FF630F090063170D00632F1100A30746
:10CEEA004F310000A307CF410000A3074F520000B3
:10CEFA00A307CF620000A3074F730000A307CF83E5
:10CF0A000000A3074F940000E7474000E64F4000A7
:10CF1A00A3070F40000080072100BFFFACDC4006DA
:10CF2A002000A30709400000E83F2000E93720005D
:10CF3A00A30749940000A307C9830000A307497304
:10CF4A000000A307C9620000A30749520000A30713
:10CF5A00C9410000A30749310000232F11002317FC
:10CF6A000D00230F0900231E4C00E0074801231E71
:10CF7A00B4FF630F090063170D00632F1100A307A5
:10CF8A004F310000A307CF410000A3074F52000012
:10CF9A00A307CF620000A3074F730000A307CF8344
:10CFAA000000A3074F940000E7474000E64F400007
:10CFBA00A3070F40000080072100BFFF0CDC4006DA
:10CFCA002000A30709400000E83F2000E9372000BD
:10CFDA00A30749940000A307C9830000A307497364
:10CFEA000000A307C9620000A30749520000A30773
:10CFFA00C9410000A30749310000232F110023175C
:10D00A000D00230F0900231E4C00E0074801231ED0
:10D01A00B4FF630F090063170D00632F1100A30704
:10D02A004F310000A307CF410000A3074F52000071
:10D03A00A307CF620000A3074F730000A307CF83A3
:10D04A000000A3074F940000E7474000E64F400066
:10D05A00A3070F40000080072100BFFF6CDB4006DA
:10D06A002000A30709400000E83F2000E93720001C
:10D07A00A30749940000A307C9830000A3074973C3
:10D08A000000A307C9620000A30749520000A307D2
:10D09A00C9410000A30749310000232F11002317BB
:10D0AA000D00230F0900231E4C00E0074801231E30
:10D0BA00B4FF630F090063170D00632F1100A30764
:10D0CA004F310000A307CF410000A3074F520000D1
:10D0DA00A307CF620000A3074F730000A307CF8303
:10D0EA000000A3074F940000E7474000E64F4000C6
:10D0FA00A3070F40000080072100BFFFCCDA4006DB
:10D10A002000A30709400000E83F2000E93720007B
:10D11A00A30749940000A307C9830000A307497322
:10D12A000000A307C9620000A30749520000A30731
:10D13A00C9410000A30749310000232F110023171A
:10D14A000D00230F0900231E4C00E0074801231E8F
:10D15A00B4FF630F090063170D00632F1100A307C3
:10D16A004F310000A307CF410000A3074F52000030
:10D17A00A307CF620000A3074F730000A307CF8362
:10D18A000000A3074F940000E7474000E64F400025
:10D19A00A3070F40000080072100BFFF2CDA4006DA
:10D1AA002000A30709400000E83F2000E9372000DB
:10D1BA00A30749940000A307C9830000A307497382
:10D1CA000000A307C9620000A30749520000A30791
:10D1DA00C9410000A30749310000232F110023177A
:10D1EA000D00230F0900231E4C00E0074801231EEF
:10D1FA00B4FF630F090063170D00632F1100A30723
:10D20A004F310000A307CF410000A3074F5200008F
:10D21A00A307CF620000A3074F730000A307CF83C1
:10D22A000000A3074F940000E7474000E64F400084
:10D23A00A3070F40000080072100BFFF8CD94006DA
:10D24A002000A30709400000E83F2000E93720003A
:10D25A00A30749940000A307C9830000A3074973E1
:10D26A000000A307C9620000A30749520000A307F0
:10D27A00C9410000A30749310000232F11002317D9
:10D28A000D00230F0900231E4C00E0074801231E4E
:10D29A00B4FF630F090063170D00632F1100A30782
:10D2AA004F310000A307CF410000A3074F520000EF
:10D2BA00A307CF620000A3074F730000A307CF8321
:10D2CA000000A3074F940000E7474000E64F4000E4
:10D2DA00A3070F40000080072100BFFFECD84006DB
:10D2EA002000A30709400000E83F2000E93720009A
:10D2FA00A30749940000A307C9830000A307497341
:10D30A000000A307C9620000A30749520000A3074F
:10D31A00C9410000A30749310000232F1100231738
:10D32A000D00230F0900231E4C00E0074801231EAD
:10D33A00B4FF630F090063170D00632F1100A307E1
:10D34A004F310000A307CF410000A3074F5200004E
:10D35A00A307CF620000A3074F730000A307CF8380
:10D36A000000A3074F940000E7474000E64F400043
:10D37A00A3070F40000080072100BFFF4CD84006DA
:10D38A002000A30709400000E83F2000E9372000F9
:10D39A00A30749940000A307C9830000A3074973A0
:10D3AA000000A307C9620000A30749520000A307AF
:10D3BA00C9410000A30749310000232F1100231798
:10D3CA000D00230F0900231E4C00E0074801231E0D
:10D3DA00B4FF630F090063170D00632F1100A30741
:10D3EA004F310000A307CF410000A3074F520000AE
:10D3FA00A307CF620000A3074F730000A307CF83E0
:10D40A000000A3074F940000E7474000E64F4000A2
:10D41A00A3070F40000080072100BFFFACD74006DA
:10D42A002000A30709400000E83F2000E937200058
:10D43A00A30749940000A307C9830000A3074973FF
:10D44A000000A307C9620000A30749520000A3070E
:10D45A00C9410000A30749310000232F11002317F7
:10D46A000D00230F0900231E4C00E0074801231E6C
:10D47A00B4FF630F090063170D00632F1100A307A0
:10D48A004F310000A307CF410000A3074F5200000D
:10D49A00A307CF620000A3074F730000A307CF833F
:10D4AA000000A3074F940000E7474000E64F400002
:10D4BA00A3070F40000080072100BFFF0CD74006DA
:10D4CA002000A30709400000E83F2000E9372000B8
:10D4DA00A30749940000A307C9830000A30749735F
:10D4EA000000A307C9620000A30749520000A3076E
:10D4FA00C9410000A30749310000232F1100231757
:10D50A000D00230F0900231E4C00E0074801231ECB
:10D51A00B4FF630F090063170D00632F1100A307FF
:10D52A004F310000A307CF410000A3074F5200006C
:10D53A00A307CF620000A3074F730000A307CF839E
:10D54A000000A3074F940000E7474000E64F400061
:10D55A00A3070F40000080072100BFFF6CD64006DA
:10D56A002000A30709400000E83F2000E937200017
:10D57A00A30749940000A307C9830000A3074973BE
:10D58A000000A307C9620000A30749520000A307CD
:10D59A00C9410000A30749310000232F11002317B6
:10D5AA000D00230F0900231E4C00E0074801231E2B
:10D5BA00B4FF630F090063170D00632F1100A3075F
:10D5CA004F310000A307CF410000A3074F520000CC
:10D5DA00A307CF620000A3074F730000A307CF83FE
:10D5EA000000A3074F940000E7474000E64F4000C1
:10D5FA00A3070F40000080072100BFFFCCD54006DB
:10D60A002000A30709400000E83F2000E937200076
:10D61A00A30749940000A307C9830000A30749731D
:10D62A000000A307C9620000A30749520000A3072C
:10D63A00C9410000A30749310000232F1100231715
:10D64A000D00230F0900231E4C00E0074801231E8A
:10D65A00B4FF630F090063170D00632F1100A307BE
:10D66A004F310000A307CF410000A3074F5200002B
:10D67A00A307CF620000A3074F730000A307CF835D
:10D68A000000A3074F940000E7474000E64F400020
:10D69A00A3070F40000080072100BFFF2CD54006DA
:10D6AA002000A30709400000E83F2000E9372000D6
:10D6BA00A30749940000A307C9830000A30749737D
:10D6CA000000A307C9620000A30749520000A3078C
:10D6DA00C9410000A30749310000232F1100231775
:10D6EA000D00230F0900231E4C00E0074801231EEA
:10D6FA00B4FF630F090063170D00632F1100A3071E
:10D70A004F310000A307CF410000A3074F5200008A
:10D71A00A307CF620000A3074F730000A307CF83BC
:10D72A000000A3074F940000E7474000E64F40007F
:10D73A00A3070F40000080072100BFFF8CD44006DA
:10D74A002000A30709400000E83F2000E937200035
:10D75A00A30749940000A307C9830000A3074973DC
:10D76A000000A307C9620000A30749520000A307EB
:10D77A00C9410000A30749310000232F11002317D4
:10D78A000D00230F0900231E4C00E0074801231E49
:10D79A00B4FF630F090063170D00632F1100A3077D
:10D7AA004F310000A307CF410000A3074F520000EA
:10D7BA00A307CF620000A3074F730000A307CF831C
:10D7CA000000A3074F940000E7474000E64F4000DF
:10D7DA00A3070F40000080072100BFFFECD34006DB
:10D7EA002000A30709400000E83F2000E937200095
:10D7FA00A30749940000A307C9830000A30749733C
:10D80A000000A307C9620000A30749520000A3074A
:10D81A00C9410000A30749310000232F1100231733
:10D82A000D00230F0900231E4C00E0074801231EA8
:10D83A00B4FF630F090063170D00632F1100A307DC
:10D84A004F310000A307CF410000A3074F52000049
:10D85A00A307CF620000A3074F730000A307CF837B
:10D86A000000A3074F940000E7474000E64F40003E
:10D87A00A3070F40000080072100BFFF4CD34006DA
:10D88A002000A30709400000E83F2000E9372000F4
:10D89A00A30749940000A307C9830000A30749739B
:10D8AA000000A307C9620000A30749520000A307AA
:10D8BA00C9410000A30749310000232F1100231793
:10D8CA000D00230F0900231E4C00E0074801231E08
:10D8DA00B4FF630F090063170D00632F1100A3073C
:10D8EA004F310000A307CF410000A3074F520000A9
:10D8FA00A307CF620000A3074F730000A307CF83DB
:10D90A000000A3074F940000E7474000E64F40009D
:10D91A00A3070F40000080072100BFFFACD24006DA
:10D92A002000A30709400000E83F2000E937200053
:10D93A00A30749940000A307C9830000A3074973FA
:10D94A000000A307C9620000A30749520000A30709
:10D95A00C9410000A30749310000232F11002317F2
:10D96A000D00230F0900231E4C00E0074801231E67
:10D97A00B4FF630F090063170D00632F1100A3079B
:10D98A004F310000A307CF410000A3074F52000008
:10D99A00A307CF620000A3074F730000A307CF833A
:10D9AA000000A3074F940000E7474000E64F4000FD
:10D9BA00A3070F40000080072100BFFF0CD24006DA
:10D9CA002000A30709400000E83F2000E9372000B3
:10D9DA00A30749940000A307C9830000A30749735A
:10D9EA000000A307C9620000A30749520000A30769
:10D9FA00C9410000A30749310000232F1100231752
:10DA0A000D00230F0900231E4C00E0074801231EC6
:10DA1A00B4FF630F090063170D00632F1100A307FA
:10DA2A004F310000A307CF410000A3074F52000067
:10DA3A00A307CF620000A3074F730000A307CF8399
:10DA4A000000A3074F940000E7474000E64F40005C
:10DA5A00A3070F40000080072100BFFF6CD14006DA
:10DA6A002000A30709400000E83F2000E937200012
:10DA7A00A30749940000A307C9830000A3074973B9
:10DA8A000000A307C9620000A30749520000A307C8
:10DA9A00C9410000A30749310000232F11002317B1
:10DAAA000D00230F0900231E4C00E0074801231E26
:10DABA00B4FF630F090063170D00632F1100A3075A
:10DACA004F310000A307CF410000A3074F520000C7
:10DADA00A307CF620000A3074F730000A307CF83F9
:10DAEA000000A3074F940000E7474000E64F4000BC
:10DAFA00A3070F40000080072100BFFFCCD04006DB
:10DB0A002000A30709400000E83F2000E937200071
:10DB1A00A30749940000A307C9830000A307497318
:10DB2A000000A307C9620000A30749520000A30727
:10DB3A00C9410000A30749310000232F1100231710
:10DB4A000D00230F0900231E4C00E0074801231E85
:10DB5A00B4FF630F090063170D00632F1100A307B9
:10DB6A004F310000A307CF410000A3074F52000026
:10DB7A00A307CF620000A3074F730000A307CF8358
:10DB8A000000A3074F940000E7474000E64F40001B
:10DB9A00A3070F40000080072100BFFF2CD04006DA
:10DBAA002000A30709400000E83F2000E9372000D1
:10DBBA00A30749940000A307C9830000A307497378
:10DBCA000000A307C9620000A30749520000A30787
:10DBDA00C9410000A30749310000232F1100231770
:10DBEA000D00230F0900231E4C00E0074801231EE5
:10DBFA00B4FF630F090063170D00632F1100A30719
:10DC0A004F310000A307CF410000A3074F52000085
:10DC1A00A307CF620000A3074F730000A307CF83B7
:10DC2A000000A3074F940000E7474000E64F40007A
:10DC3A00A3070F40000080072100BFFF8CCF4006DA
:10DC4A002000A30709400000E83F2000E937200030
:10DC5A00A30749940000A307C9830000A3074973D7
:10DC6A000000A307C9620000A30749520000A307E6
:10DC7A00C9410000A30749310000232F11002317CF
:10DC8A000D00230F0900231E4C00E0074801231E44
:10DC9A00B4FF630F090063170D00632F1100A30778
:10DCAA004F310000A307CF410000A3074F520000E5
:10DCBA00A307CF620000A3074F730000A307CF8317
:10DCCA000000A3074F940000E7474000E64F4000DA
:10DCDA00A3070F40000080072100BFFFECCE4006DB
:10DCEA002000A30709400000E83F2000E937200090
:10DCFA00A30749940000A307C9830000A307497337
:10DD0A000000A307C9620000A30749520000A30745
:10DD1A00C9410000A30749310000232F110023172E
:10DD2A000D00230F0900231E4C00E0074801231EA3
:10DD3A00B4FF630F090063170D00632F1100A307D7
:10DD4A004F310000A307CF410000A3074F52000044
:10DD5A00A307CF620000A3074F730000A307CF8376
:10DD6A000000A3074F940000E7474000E64F400039
:10DD7A00A3070F40000080072100BFFF4CCE4006DA
:10DD8A002000A30709400000E83F2000E9372000EF
:10DD9A00A30749940000A307C9830000A307497396
:10DDAA000000A307C9620000A30749520000A307A5
:10DDBA00C9410000A30749310000232F110023178E
:10DDCA000D00230F0900231E4C00E0074801231E03
:10DDDA00B4FF630F090063170D00632F1100A30737
:10DDEA004F310000A307CF410000A3074F520000A4
:10DDFA00A307CF620000A3074F730000A307CF83D6
:10DE0A000000A3074F940000E7474000E64F400098
:10DE1A00A3070F40000080072100BFFFACCD4006DA
:10DE2A002000A30709400000E83F2000E93720004E
:10DE3A00A30749940000A307C9830000A3074973F5
:10DE4A000000A307C9620000A30749520000A30704
:10DE5A00C9410000A30749310000232F11002317ED
:10DE6A000D00230F0900231E4C00E0074801231E62
:10DE7A00B4FF630F090063170D00632F1100A30796
:10DE8A004F310000A307CF410000A3074F52000003
:10DE9A00A307CF620000A3074F730000A307CF8335
:10DEAA000000A3074F940000E7474000E64F4000F8
:10DEBA00A3070F40000080072100BFFF0CCD4006DA
:10DECA002000A30709400000E83F2000E9372000AE
:10DEDA00A30749940000A307C9830000A307497355
:10DEEA000000A307C9620000A30749520000A30764
:10DEFA00C9410000A30749310000232F110023174D
:10DF0A000D00230F0900231E4C00E0074801231EC1
:10DF1A00B4FF630F090063170D00632F1100A307F5
:10DF2A004F310000A307CF410000A3074F52000062
:10DF3A00A307CF620000A3074F730000A307CF8394
:10DF4A000000A3074F940000E7474000E64F400057
:10DF5A00A3070F40000080072100BFFF6CCC4006DA
:10DF6A002000A30709400000E83F2000E93720000D
:10DF7A00A30749940000A307C9830000A3074973B4
:10DF8A000000A307C9620000A30749520000A307C3
:10DF9A00C9410000A30749310000232F11002317AC
:10DFAA000D00230F0900231E4C00E0074801231E21
:10DFBA00B4FF630F090063170D00632F1100A30755
:10DFCA004F310000A307CF410000A3074F520000C2
:10DFDA00A307CF620000A3074F730000A307CF83F4
:10DFEA000000A3074F940000E7474000E64F4000B7
:10DFFA00A3070F40000080072100BFFFCCCB4006DB
:10E00A002000A30709400000E83F2000E93720006C
:10E01A00A30749940000A307C9830000A307497313
:10E02A000000A307C9620000A30749520000A30722
:10E03A00C9410000A30749310000232F110023170B
:10E04A000D00230F0900231E4C00E0074801231E80
:10E05A00B4FF630F090063170D00632F1100A307B4
:10E06A004F310000A307CF410000A3074F52000021
:10E07A00A307CF620000A3074F730000A307CF8353
:10E08A000000A3074F940000E7474000E64F400016
:10E09A00A3070F40000080072100BFFF2CCB4006DA
:10E0AA002000A30709400000E83F2000E9372000CC
:10E0BA00A30749940000A307C9830000A307497373
:10E0CA000000A307C9620000A30749520000A30782
:10E0DA00C9410000A30749310000232F110023176B
:10E0EA000D00230F0900231E4C00E0074801231EE0
:10E0FA00B4FF630F090063170D00632F1100A30714
:10E10A004F310000A307CF410000A3074F52000080
:10E11A00A307CF620000A3074F730000A307CF83B2
:10E12A000000A3074F940000E7474000E64F400075
:10E13A00A3070F40000080072100BFFF8CCA4006DA
:10E14A002000A30709400000E83F2000E93720002B
:10E15A00A30749940000A307C9830000A3074973D2
:10E16A000000A307C9620000A30749520000A307E1
:10E17A00C9410000A30749310000232F11002317CA
:10E18A000D00230F0900231E4C00E0074801231E3F
:10E19A00B4FF630F090063170D00632F1100A30773
:10E1AA004F310000A307CF410000A3074F520000E0
:10E1BA00A307CF620000A3074F730000A307CF8312
:10E1CA000000A3074F940000E7474000E64F4000D5
:10E1DA00A3070F40000080072100BFFFECC94006DB
:10E1EA002000A30709400000E83F2000E93720008B
:10E1FA00A30749940000A307C9830000A307497332
:10E20A000000A307C9620000A30749520000A30740
:10E21A00C9410000A30749310000232F1100231729
:10E22A000D00230F0900231E4C00E0074801231E9E
:10E23A00B4FF630F090063170D00632F1100A307D2
:10E24A004F310000A307CF410000A3074F5200003F
:10E25A00A307CF620000A3074F730000A307CF8371
:10E26A000000A3074F940000E7474000E64F400034
:10E27A00A3070F40000080072100BFFF4CC94006DA
:10E28A002000A30709400000E83F2000E9372000EA
:10E29A00A30749940000A307C9830000A307497391
:10E2AA000000A307C9620000A30749520000A307A0
:10E2BA00C9410000A30749310000232F1100231789
:10E2CA000D00230F0900231E4C00E0074801231EFE
:10E2DA00B4FF630F090063170D00632F1100A30732
:10E2EA004F310000A307CF410000A3074F5200009F
:10E2FA00A307CF620000A3074F730000A307CF83D1
:10E30A000000A3074F940000E7474000E64F400093
:10E31A00A3070F40000080072100BFFFACC84006DA
:10E32A002000A30709400000E83F2000E937200049
:10E33A00A30749940000A307C9830000A3074973F0
:10E34A000000A307C9620000A30749520000A307FF
:10E35A00C9410000A30749310000232F11002317E8
:10E36A000D00230F0900231E4C00E0074801231E5D
:10E37A00B4FF630F090063170D00632F1100A30791
:10E38A004F310000A307CF410000A3074F520000FE
:10E39A00A307CF620000A3074F730000A307CF8330
:10E3AA000000A3074F940000E7474000E64F4000F3
:10E3BA00A3070F40000080072100BFFF0CC84006DA
:10E3CA002000A30709400000E83F2000E9372000A9
:10E3DA00A30749940000A307C9830000A307497350
:10E3EA000000A307C9620000A30749520000A3075F
:10E3FA00C9410000A30749310000232F1100231748
:10E40A000D00230F0900231E4C00E0074801231EBC
:10E41A00B4FF630F090063170D00632F1100A307F0
:10E42A004F310000A307CF410000A3074F5200005D
:10E43A00A307CF620000A3074F730000A307CF838F
:10E44A000000A3074F940000E7474000E64F400052
:10E45A00A3070F40000080072100BFFF6CC74006DA
:10E46A002000A30709400000E83F2000E937200008
:10E47A00A30749940000A307C9830000A3074973AF
:10E48A000000A307C9620000A30749520000A307BE
:10E49A00C9410000A30749310000232F11002317A7
:10E4AA000D00230F0900231E4C00E0074801231E1C
:10E4BA00B4FF630F090063170D00632F1100A30750
:10E4CA004F310000A307CF410000A3074F520000BD
:10E4DA00A307CF620000A3074F730000A307CF83EF
:10E4EA000000A3074F940000E7474000E64F4000B2
:10E4FA00A3070F40000080072100BFFFCCC64006DB
:10E50A002000A30709400000E83F2000E937200067
:10E51A00A30749940000A307C9830000A30749730E
:10E52A000000A307C9620000A30749520000A3071D
:10E53A00C9410000A30749310000232F1100231706
:10E54A000D00230F0900231E4C00E0074801231E7B
:10E55A00B4FF630F090063170D00632F1100A307AF
:10E56A004F310000A307CF410000A3074F5200001C
:10E57A00A307CF620000A3074F730000A307CF834E
:10E58A000000A3074F940000E7474000E64F400011
:10E59A00A3070F40000080072100BFFF2CC64006DA
:10E5AA002000A30709400000E83F2000E9372000C7
:10E5BA00A30749940000A307C9830000A30749736E
:10E5CA000000A307C9620000A30749520000A3077D
:10E5DA00C9410000A30749310000232F1100231766
:10E5EA000D00230F0900231E4C00E0074801231EDB
:10E5FA00B4FF630F090063170D00632F1100A3070F
:10E60A004F310000A307CF410000A3074F5200007B
:10E61A00A307CF620000A3074F730000A307CF83AD
:10E62A000000A3074F940000E7474000E64F400070
:10E63A00A3070F40000080072100BFFF8CC54006DA
:10E64A002000A30709400000E83F2000E937200026
:10E65A00A30749940000A307C9830000A3074973CD
:10E66A000000A307C9620000A30749520000A307DC
:10E67A00C9410000A30749310000232F11002317C5
:10E68A000D00230F0900231E4C00E0074801231E3A
:10E69A00B4FF630F090063170D00632F1100A3076E
:10E6AA004F310000A307CF410000A3074F520000DB
:10E6BA00A307CF620000A3074F730000A307CF830D
:10E6CA000000A3074F940000E7474000E64F4000D0
:10E6DA00A3070F40000080072100BFFFECC44006DB
:10E6EA002000A30709400000E83F2000E937200086
:10E6FA00A30749940000A307C9830000A30749732D
:10E70A000000A307C9620000A30749520000A3073B
:10E71A00C9410000A30749310000232F1100231724
:10E72A000D00230F0900231E4C00E0074801231E99
:10E73A00B4FF630F090063170D00632F1100A307CD
:10E74A004F310000A307CF410000A3074F5200003A
:10E75A00A307CF620000A3074F730000A307CF836C
:10E76A000000A3074F940000E7474000E64F40002F
:10E77A00A3070F40000080072100BFFF4CC44006DA
:10E78A002000A30709400000E83F2000E9372000E5
:10E79A00A30749940000A307C9830000A30749738C
:10E7AA000000A307C9620000A30749520000A3079B
:10E7BA00C9410000A30749310000232F1100231784
:10E7CA000D00230F0900231E4C00E0074801231EF9
:10E7DA00B4FF630F090063170D00632F1100A3072D
:10E7EA004F310000A307CF410000A3074F5200009A
:10E7FA00A307CF620000A3074F730000A307CF83CC
:10E80A000000A3074F940000E7474000E64F40008E
:10E81A00A3070F40000080072100BFFFACC34006DA
:10E82A002000A30709400000E83F2000E937200044
:10E83A00A30749940000A307C9830000A3074973EB
:10E84A000000A307C9620000A30749520000A307FA
:10E85A00C9410000A30749310000232F11002317E3
:10E86A000D00230F0900231E4C00E0074801231E58
:10E87A00B4FF630F090063170D00632F1100A3078C
:10E88A004F310000A307CF410000A3074F520000F9
:10E89A00A307CF620000A3074F730000A307CF832B
:10E8AA000000A3074F940000E7474000E64F4000EE
:10E8BA00A3070F40000080072100BFFF0CC34006DA
:10E8CA002000A30709400000E83F2000E9372000A4
:10E8DA00A30749940000A307C9830000A30749734B
:10E8EA000000A307C9620000A30749520000A3075A
:10E8FA00C9410000A30749310000232F1100231743
:10E90A000D00230F0900231E4C00E0074801231EB7
:10E91A00B4FF630F090063170D00632F1100A307EB
:10E92A004F310000A307CF410000A3074F52000058
:10E93A00A307CF620000A3074F730000A307CF838A
:10E94A000000A3074F940000E7474000E64F40004D
:10E95A00A3070F40000080072100BFFF6CC24006DA
:10E96A002000A30709400000E83F2000E937200003
:10E97A00A30749940000A307C9830000A3074973AA
:10E98A000000A307C9620000A30749520000A307B9
:10E99A00C9410000A30749310000232F11002317A2
:10E9AA000D00230F0900231E4C00E0074801231E17
:10E9BA00B4FF630F090063170D00632F1100A3074B
:10E9CA004F310000A307CF410000A3074F520000B8
:10E9DA00A307CF620000A3074F730000A307CF83EA
:10E9EA000000A3074F940000E7474000E64F4000AD
:10E9FA00A3070F40000080072100BFFFCCC14006DB
:10EA0A002000A30709400000E83F2000E937200062
:10EA1A00A30749940000A307C9830000A307497309
:10EA2A000000A307C9620000A30749520000A30718
:10EA3A00C9410000A30749310000232F1100231701
:10EA4A000D00230F0900231E4C00E0074801231E76
:10EA5A00B4FF630F090063170D00632F1100A307AA
:10EA6A004F310000A307CF410000A3074F52000017
:10EA7A00A307CF620000A3074F730000A307CF8349
:10EA8A000000A3074F940000E7474000E64F40000C
:10EA9A00A3070F40000080072100BFFF2CC14006DA
:10EAAA002000A30709400000E83F2000E9372000C2
:10EABA00A30749940000A307C9830000A307497369
:10EACA000000A307C9620000A30749520000A30778
:10EADA00C9410000A30749310000232F1100231761
:10EAEA000D00230F0900231E4C00E0074801231ED6
:10EAFA00B4FF630F090063170D00632F1100A3070A
:10EB0A004F310000A307CF410000A3074F52000076
:10EB1A00A307CF620000A3074F730000A307CF83A8
:10EB2A000000A3074F940000E7474000E64F40006B
:10EB3A00A3070F40000080072100BFFF8CC04006DA
:10EB4A002000A30709400000E83F2000E937200021
:10EB5A00A30749940000A307C9830000A3074973C8
:10EB6A000000A307C9620000A30749520000A307D7
:10EB7A00C9410000A30749310000232F11002317C0
:10EB8A000D00230F0900231E4C00E0074801231E35
:10EB9A00B4FF630F090063170D00632F1100A30769
:10EBAA004F310000A307CF410000A3074F520000D6
:10EBBA00A307CF620000A3074F730000A307CF8308
:10EBCA000000A3074F940000E7474000E64F4000CB
:10EBDA00A3070F40000080072100BFFFECBF4006DB
:10EBEA002000A30709400000E83F2000E937200081
:10EBFA00A30749940000A307C9830000A307497328
:10EC0A000000A307C9620000A30749520000A30736
:10EC1A00C9410000A30749310000232F110023171F
:10EC2A000D00230F0900231E4C00E0074801231E94
:10EC3A00B4FF630F090063170D00632F1100A307C8
:10EC4A004F310000A307CF410000A3074F52000035
:10EC5A00A307CF620000A3074F730000A307CF8367
:10EC6A000000A3074F940000E7474000E64F40002A
:10EC7A00A3070F40000080072100BFFF4CBF4006DA
:10EC8A002000A30709400000E83F2000E9372000E0
:10EC9A00A30749940000A307C9830000A307497387
:10ECAA000000A307C9620000A30749520000A30796
:10ECBA00C9410000A30749310000232F110023177F
:10ECCA000D00230F0900231E4C00E0074801231EF4
:10ECDA00B4FF630F090063170D00632F1100A30728
:10ECEA004F310000A307CF410000A3074F52000095
:10ECFA00A307CF620000A3074F730000A307CF83C7
:10ED0A000000A3074F940000E7474000E64F400089
:10ED1A00A3070F40000080072100BFFFACBE4006DA
:10ED2A002000A30709400000E83F2000E93720003F
:10ED3A00A30749940000A307C9830000A3074973E6
:10ED4A000000A307C9620000A30749520000A307F5
:10ED5A00C9410000A30749310000232F11002317DE
:10ED6A000D00230F0900231E4C00E0074801231E53
:10ED7A00B4FF630F090063170D00632F1100A30787
:10ED8A004F310000A307CF410000A3074F520000F4
:10ED9A00A307CF620000A3074F730000A307CF8326
:10EDAA000000A3074F940000E7474000E64F4000E9
:10EDBA00A3070F40000080072100BFFF0CBE4006DA
:10EDCA002000A30709400000E83F2000E93720009F
:10EDDA00A30749940000A307C9830000A307497346
:10EDEA000000A307C9620000A30749520000A30755
:10EDFA00C9410000A30749310000232F110023173E
:10EE0A000D00230F0900231E4C00E0074801231EB2
:10EE1A00B4FF630F090063170D00632F1100A307E6
:10EE2A004F310000A307CF410000A3074F52000053
:10EE3A00A307CF620000A3074F730000A307CF8385
:10EE4A000000A3074F940000E7474000E64F400048
:10EE5A00A3070F40000080072100BFFF6CBD4006DA
:10EE6A002000A30709400000E83F2000E9372000FE
:10EE7A00A30749940000A307C9830000A3074973A5
:10EE8A000000A307C9620000A30749520000A307B4
:10EE9A00C9410000A30749310000232F110023179D
:10EEAA000D00230F0900231E4C00E0074801231E12
:10EEBA00B4FF630F090063170D00632F1100A30746
:10EECA004F310000A307CF410000A3074F520000B3
:10EEDA00A307CF620000A3074F730000A307CF83E5
:10EEEA000000A3074F940000E7474000E64F4000A8
:10EEFA00A3070F40000080072100BFFFCCBC4006DB
:10EF0A002000A30709400000E83F2000E93720005D
:10EF1A00A30749940000A307C9830000A307497304
:10EF2A000000A307C9620000A30749520000A30713
:10EF3A00C9410000A30749310000232F11002317FC
:10EF4A000D00230F0900231E4C00E0074801231E71
:10EF5A00B4FF630F090063170D00632F1100A307A5
:10EF6A004F310000A307CF410000A3074F52000012
:10EF7A00A307CF620000A3074F730000A307CF8344
:10EF8A000000A3074F940000E7474000E64F400007
:10EF9A00A3070F40000080072100BFFF2CBC4006DA
:10EFAA002000A30709400000E83F2000E9372000BD
:10EFBA00A30749940000A307C9830000A307497364
:10EFCA000000A307C9620000A30749520000A30773
:10EFDA00C9410000A30749310000232F110023175C
:10EFEA000D00230F0900231E4C00E0074801231ED1
:10EFFA00B4FF630F090063170D00632F1100A30705
:10F00A004F310000A307CF410000A3074F52000071
:10F01A00A307CF620000A3074F730000A307CF83A3
:10F02A000000A3074F940000E7474000E64F400066
:10F03A00A3070F40000080072100BFFF8CBB4006DA
:10F04A002000A30709400000E83F2000E93720001C
:10F05A00A30749940000A307C9830000A3074973C3
:10F06A000000A307C9620000A30749520000A307D2
:10F07A00C9410000A30749310000232F11002317BB
:10F08A000D00230F0900231E4C00E0074801231E30
:10F09A00B4FF630F090063170D00632F1100A30764
:10F0AA004F310000A307CF410000A3074F520000D1
:10F0BA00A307CF620000A3074F730000A307CF8303
:10F0CA000000A3074F940000E7474000E64F4000C6
:10F0DA00A3070F40000080072100BFFFECBA4006DB
:10F0EA002000A30709400000E83F2000E93720007C
:10F0FA00A30749940000A307C9830000A307497323
:10F10A000000A307C9620000A30749520000A30731
:10F11A00C9410000A30749310000232F110023171A
:10F12A000D00230F0900231E4C00E0074801231E8F
:10F13A00B4FF630F090063170D00632F1100A307C3
:10F14A004F310000A307CF410000A3074F52000030
:10F15A00A307CF620000A3074F730000A307CF8362
:10F16A000000A3074F940000E7474000E64F400025
:10F17A00A3070F40000080072100BFFF4CBA4006DA
:10F18A002000A30709400000E83F2000E9372000DB
:10F19A00A30749940000A307C9830000A307497382
:10F1AA000000A307C9620000A30749520000A30791
:10F1BA00C9410000A30749310000232F110023177A
:10F1CA000D00230F0900231E4C00E0074801231EEF
:10F1DA00B4FF630F090063170D00632F1100A30723
:10F1EA004F310000A307CF410000A3074F52000090
:10F1FA00A307CF620000A3074F730000A307CF83C2
:10F20A000000A3074F940000E7474000E64F400084
:10F21A00A3070F40000080072100BFFFACB94006DA
:10F22A002000A30709400000E83F2000E93720003A
:10F23A00A30749940000A307C9830000A3074973E1
:10F24A000000A307C9620000A30749520000A307F0
:10F25A00C9410000A30749310000232F11002317D9
:10F26A000D00230F0900231E4C00E0074801231E4E
:10F27A00B4FF630F090063170D00632F1100A30782
:10F28A004F310000A307CF410000A3074F520000EF
:10F29A00A307CF620000A3074F730000A307CF8321
:10F2AA000000A3074F940000E7474000E64F4000E4
:10F2BA00A3070F40000080072100BFFF0CB94006DA
:10F2CA002000A30709400000E83F2000E93720009A
:10F2DA00A30749940000A307C9830000A307497341
:10F2EA000000A307C9620000A30749520000A30750
:10F2FA00C9410000A30749310000232F1100231739
:10F30A000D00230F0900231E4C00E0074801231EAD
:10F31A00B4FF630F090063170D00632F1100A307E1
:10F32A004F310000A307CF410000A3074F5200004E
:10F33A00A307CF620000A3074F730000A307CF8380
:10F34A000000A3074F940000E7474000E64F400043
:10F35A00A3070F40000080072100BFFF6CB84006DA
:10F36A002000A30709400000E83F2000E9372000F9
:10F37A00A30749940000A307C9830000A3074973A0
:10F38A000000A307C9620000A30749520000A307AF
:10F39A00C9410000A30749310000232F1100231798
:10F3AA000D00230F0900231E4C00E0074801231E0D
:10F3BA00B4FF630F090063170D00632F1100A30741
:10F3CA004F310000A307CF410000A3074F520000AE
:10F3DA00A307CF620000A3074F730000A307CF83E0
:10F3EA000000A3074F940000E7474000E64F4000A3
:10F3FA00A3070F40000080072100BFFFCCB74006DB
:10F40A002000A30709400000E83F2000E937200058
:10F41A00A30749940000A307C9830000A3074973FF
:10F42A000000A307C9620000A30749520000A3070E
:10F43A00C9410000A30749310000232F11002317F7
:10F44A000D00230F0900231E4C00E0074801231E6C
:10F45A00B4FF630F090063170D00632F1100A307A0
:10F46A004F310000A307CF410000A3074F5200000D
:10F47A00A307CF620000A3074F730000A307CF833F
:10F48A000000A3074F940000E7474000E64F400002
:10F49A00A3070F40000080072100BFFF2CB74006DA
:10F4AA002000A30709400000E83F2000E9372000B8
:10F4BA00A30749940000A307C9830000A30749735F
:10F4CA000000A307C9620000A30749520000A3076E
:10F4DA00C9410000A30749310000232F1100231757
:10F4EA000D00230F0900231E4C00E0074801231ECC
:10F4FA00B4FF630F090063170D00632F1100A30700
:10F50A004F310000A307CF410000A3074F5200006C
:10F51A00A307CF620000A3074F730000A307CF839E
:10F52A000000A3074F940000E7474000E64F400061
:10F53A00A3070F40000080072100BFFF8CB64006DA
:10F54A002000A30709400000E83F2000E937200017
:10F55A00A30749940000A307C9830000A3074973BE
:10F56A000000A307C9620000A30749520000A307CD
:10F57A00C9410000A30749310000232F11002317B6
:10F58A000D00230F0900231E4C00E0074801231E2B
:10F59A00B4FF630F090063170D00632F1100A3075F
:10F5AA004F310000A307CF410000A3074F520000CC
:10F5BA00A307CF620000A3074F730000A307CF83FE
:10F5CA000000A3074F940000E7474000E64F4000C1
:10F5DA00A3070F40000080072100BFFFECB54006DB
:10F5EA002000A30709400000E83F2000E937200077
:10F5FA00A30749940000A307C9830000A30749731E
:10F60A000000A307C9620000A30749520000A3072C
:10F61A00C9410000A30749310000232F1100231715
:10F62A000D00230F0900231E4C00E0074801231E8A
:10F63A00B4FF630F090063170D00632F1100A307BE
:10F64A004F310000A307CF410000A3074F5200002B
:10F65A00A307CF620000A3074F730000A307CF835D
:10F66A000000A3074F940000E7474000E64F400020
:10F67A00A3070F40000080072100BFFF4CB54006DA
:10F68A002000A30709400000E83F2000E9372000D6
:10F69A00A30749940000A307C9830000A30749737D
:10F6AA000000A307C9620000A30749520000A3078C
:10F6BA00C9410000A30749310000232F1100231775
:10F6CA000D00230F0900231E4C00E0074801231EEA
:10F6DA00B4FF630F090063170D00632F1100A3071E
:10F6EA004F310000A307CF410000A3074F5200008B
:10F6FA00A307CF620000A3074F730000A307CF83BD
:10F70A000000A3074F940000E7474000E64F40007F
:10F71A00A3070F40000080072100BFFFACB44006DA
:10F72A002000A30709400000E83F2000E937200035
:10F73A00A30749940000A307C9830000A3074973DC
:10F74A000000A307C9620000A30749520000A307EB
:10F75A00C9410000A30749310000232F11002317D4
:10F76A000D00230F0900231E4C00E0074801231E49
:10F77A00B4FF630F090063170D00632F1100A3077D
:10F78A004F310000A307CF410000A3074F520000EA
:10F79A00A307CF620000A3074F730000A307CF831C
:10F7AA000000A3074F940000E7474000E64F4000DF
:10F7BA00A3070F40000080072100BFFF0CB44006DA
:10F7CA002000A30709400000E83F2000E937200095
:10F7DA00A30749940000A307C9830000A30749733C
:10F7EA000000A307C9620000A30749520000A3074B
:10F7FA00C9410000A30749310000232F1100231734
:10F80A000D00230F0900231E4C00E0074801231EA8
:10F81A00B4FF630F090063170D00632F1100A307DC
:10F82A004F310000A307CF410000A3074F52000049
:10F83A00A307CF620000A3074F730000A307CF837B
:10F84A000000A3074F940000E7474000E64F40003E
:10F85A00A3070F40000080072100BFFF6CB34006DA
:10F86A002000A30709400000E83F2000E9372000F4
:10F87A00A30749940000A307C9830000A30749739B
:10F88A000000A307C9620000A30749520000A307AA
:10F89A00C9410000A30749310000232F1100231793
:10F8AA000D00230F0900231E4C00E0074801231E08
:10F8BA00B4FF630F090063170D00632F1100A3073C
:10F8CA004F310000A307CF410000A3074F520000A9
:10F8DA00A307CF620000A3074F730000A307CF83DB
:10F8EA000000A3074F940000E7474000E64F40009E
:10F8FA00A3070F40000080072100BFFFCCB24006DB
:10F90A002000A30709400000E83F2000E937200053
:10F91A00A30749940000A307C9830000A3074973FA
:10F92A000000A307C9620000A30749520000A30709
:10F93A00C9410000A30749310000232F11002317F2
:10F94A000D00230F0900231E4C00E0074801231E67
:10F95A00B4FF630F090063170D00632F1100A3079B
:10F96A004F310000A307CF410000A3074F52000008
:10F97A00A307CF620000A3074F730000A307CF833A
:10F98A000000A3074F940000E7474000E64F4000FD
:10F99A00A3070F40000080072100BFFF2CB24006DA
:10F9AA002000A30709400000E83F2000E9372000B3
:10F9BA00A30749940000A307C9830000A30749735A
:10F9CA000000A307C9620000A30749520000A30769
:10F9DA00C9410000A30749310000232F1100231752
:10F9EA000D00230F0900231E4C00E0074801231EC7
:10F9FA00B4FF630F090063170D00632F1100A307FB
:10FA0A004F310000A307CF410000A3074F52000067
:10FA1A00A307CF620000A3074F730000A307CF8399
:10FA2A000000A3074F940000E7474000E64F40005C
:10FA3A00A3070F40000080072100BFFF8CB14006DA
:10FA4A002000A30709400000E83F2000E937200012
:10FA5A00A30749940000A307C9830000A3074973B9
:10FA6A000000A307C9620000A30749520000A307C8
:10FA7A00C9410000A30749310000232F11002317B1
:10FA8A000D00230F0900231E4C00E0074801231E26
:10FA9A00B4FF630F090063170D00632F1100A3075A
:10FAAA004F310000A307CF410000A3074F520000C7
:10FABA00A307CF620000A3074F730000A307CF83F9
:10FACA000000A3074F940000E7474000E64F4000BC
:10FADA00A3070F40000080072100BFFFECB04006DB
:10FAEA002000A30709400000E83F2000E937200072
:10FAFA00A30749940000A307C9830000A307497319
:10FB0A000000A307C9620000A30749520000A30727
:10FB1A00C9410000A30749310000232F1100231710
:10FB2A000D00230F0900231E4C00E0074801231E85
:10FB3A00B4FF630F090063170D00632F1100A307B9
:10FB4A004F310000A307CF410000A3074F52000026
:10FB5A00A307CF620000A3074F730000A307CF8358
:10FB6A000000A3074F940000E7474000E64F40001B
:10FB7A00A3070F40000080072100BFFF4CB04006DA
:10FB8A002000A30709400000E83F2000E9372000D1
:10FB9A00A30749940000A307C9830000A307497378
:10FBAA000000A307C9620000A30749520000A30787
:10FBBA00C9410000A30749310000232F1100231770
:10FBCA000D00230F0900231E4C00E0074801231EE5
:10FBDA00B4FF630F090063170D00632F1100A30719
:10FBEA004F310000A307CF410000A3074F52000086
:10FBFA00A307CF620000A3074F730000A307CF83B8
:10FC0A000000A3074F940000E7474000E64F40007A
:10FC1A00A3070F40000080072100BFFFACAF4006DA
:10FC2A002000A30709400000E83F2000E937200030
:10FC3A00A30749940000A307C9830000A3074973D7
:10FC4A000000A307C9620000A30749520000A307E6
:10FC5A00C9410000A30749310000232F11002317CF
:10FC6A000D00230F0900231E4C00E0074801231E44
:10FC7A00B4FF630F090063170D00632F1100A30778
:10FC8A004F310000A307CF410000A3074F520000E5
:10FC9A00A307CF620000A3074F730000A307CF8317
:10FCAA000000A3074F940000E7474000E64F4000DA
:10FCBA00A3070F40000080072100BFFF0CAF4006DA
:10FCCA002000A30709400000E83F2000E937200090
:10FCDA00A30749940000A307C9830000A307497337
:10FCEA000000A307C9620000A30749520000A30746
:10FCFA00C9410000A30749310000232F110023172F
:10FD0A000D00230F0900231E4C00E0074801231EA3
:10FD1A00B4FF630F090063170D00632F1100A307D7
:10FD2A004F310000A307CF410000A3074F52000044
:10FD3A00A307CF620000A3074F730000A307CF8376
:10FD4A000000A3074F940000E7474000E64F400039
:10FD5A00A3070F40000080072100BFFF6CAE4006DA
:10FD6A002000A30709400000E83F2000E9372000EF
:10FD7A00A30749940000A307C9830000A307497396
:10FD8A000000A307C9620000A30749520000A307A5
:10FD9A00C9410000A30749310000232F110023178E
:10FDAA000D00230F0900231E4C00E0074801231E03
:10FDBA00B4FF630F090063170D00632F1100A30737
:10FDCA004F310000A307CF410000A3074F520000A4
:10FDDA00A307CF620000A3074F730000A307CF83D6
:10FDEA000000A3074F940000E7474000E64F400099
:10FDFA00A3070F40000080072100BFFFCCAD4006DB
:10FE0A002000A30709400000E83F2000E93720004E
:10FE1A00A30749940000A307C9830000A3074973F5
:10FE2A000000A307C9620000A30749520000A30704
:10FE3A00C9410000A30749310000232F11002317ED
:10FE4A000D00230F0900231E4C00E0074801231E62
:10FE5A00B4FF630F090063170D00632F1100A30796
:10FE6A004F310000A307CF410000A3074F52000003
:10FE7A00A307CF620000A3074F730000A307CF8335
:10FE8A000000A3074F940000E7474000E64F4000F8
:10FE9A00A3070F40000080072100BFFF2CAD4006DA
:10FEAA002000A30709400000E83F2000E9372000AE
:10FEBA00A30749940000A307C9830000A307497355
:10FECA000000A307C9620000A30749520000A30764
:10FEDA00C9410000A30749310000232F110023174D
:10FEEA000D00230F0900231E4C00E0074801231EC2
:10FEFA00B4FF630F090063170D00632F1100A307F6
:10FF0A004F310000A307CF410000A3074F52000062
:10FF1A00A307CF620000A3074F730000A307CF8394
:10FF2A000000A3074F940000E7474000E64F400057
:10FF3A00A3070F40000080072100BFFF8CAC4006DA
:10FF4A002000A30709400000E83F2000E93720000D
:10FF5A00A30749940000A307C9830000A3074973B4
:10FF6A000000A307C9620000A30749520000A307C3
:10FF7A00C9410000A30749310000232F11002317AC
:10FF8A000D00230F0900231E4C00E0074801231E21
:10FF9A00B4FF630F090063170D00632F1100A30755
:10FFAA004F310000A307CF410000A3074F520000C2
:10FFBA00A307CF620000A3074F730000A307CF83F4
:10FFCA000000A3074F940000E7474000E64F4000B7
:10FFDA00A3070F40000080072100BFFFECAB4006DB
:10FFEA002000A30709400000E83F2000E93720006D
:10FFFA00A30749940000A307C9830000A307497314
:020000022000DC
:10000A000000A307C9620000A30749520000A30722
:10001A00C9410000A30749310000232F110023170B
:10002A000D00230F0900231E4C00E0074801231E80
:10003A00B4FF630F090063170D00632F1100A307B4
:10004A004F310000A307CF410000A3074F52000021
:10005A00A307CF620000A3074F730000A307CF8353
:10006A000000A3074F940000E7474000E64F400016
:10007A00A3070F40000080072100BFFF4CAB4006DA
:10008A002000A30709400000E83F2000E9372000CC
:10009A00A30749940000A307C9830000A307497373
:1000AA000000A307C9620000A30749520000A30782
:1000BA00C9410000A30749310000232F110023176B
:1000CA000D00230F0900231E4C00E0074801231EE0
:1000DA00B4FF630F090063170D00632F1100A30714
:1000EA004F310000A307CF410000A3074F52000081
:1000FA00A307CF620000A3074F730000A307CF83B3
:10010A000000A3074F940000E7474000E64F400075
:10011A00A3070F40000080072100BFFFACAA4006DA
:10012A002000A30709400000E83F2000E93720002B
:10013A00A30749940000A307C9830000A3074973D2
:10014A000000A307C9620000A30749520000A307E1
:10015A00C9410000A30749310000232F11002317CA
:10016A000D00230F0900231E4C00E0074801231E3F
:10017A00B4FF630F090063170D00632F1100A30773
:10018A004F310000A307CF410000A3074F520000E0
:10019A00A307CF620000A3074F730000A307CF8312
:1001AA000000A3074F940000E7474000E64F4000D5
:1001BA00A3070F40000080072100BFFF0CAA4006DA
:1001CA002000A30709400000E83F2000E93720008B
:1001DA00A30749940000A307C9830000A307497332
:1001EA000000A307C9620000A30749520000A30741
:1001FA00C9410000A30749310000232F110023172A
:10020A000D00230F0900231E4C00E0074801231E9E
:10021A00B4FF630F090063170D00632F1100A307D2
:10022A004F310000A307CF410000A3074F5200003F
:10023A00A307CF620000A3074F730000A307CF8371
:10024A000000A3074F940000E7474000E64F400034
:10025A00A3070F40000080072100BFFF6CA94006DA
:10026A002000A30709400000E83F2000E9372000EA
:10027A00A30749940000A307C9830000A307497391
:10028A000000A307C9620000A30749520000A307A0
:10029A00C9410000A30749310000232F1100231789
:1002AA000D00230F0900231E4C00E0074801231EFE
:1002BA00B4FF630F090063170D00632F1100A30732
:1002CA004F310000A307CF410000A3074F5200009F
:1002DA00A307CF620000A3074F730000A307CF83D1
:1002EA000000A3074F940000E7474000E64F400094
:1002FA00A3070F40000080072100BFFFCCA84006DB
:10030A002000A30709400000E83F2000E937200049
:10031A00A30749940000A307C9830000A3074973F0
:10032A000000A307C9620000A30749520000A307FF
:10033A00C9410000A30749310000232F11002317E8
:10034A000D00230F0900231E4C00E0074801231E5D
:10035A00B4FF630F090063170D00632F1100A30791
:10036A004F310000A307CF410000A3074F520000FE
:10037A00A307CF620000A3074F730000A307CF8330
:10038A000000A3074F940000E7474000E64F4000F3
:10039A00A3070F40000080072100BFFF2CA84006DA
:1003AA002000A30709400000E83F2000E9372000A9
:1003BA00A30749940000A307C9830000A307497350
:1003CA000000A307C9620000A30749520000A3075F
:1003DA00C9410000A30749310000232F1100231748
:1003EA000D00230F0900231E4C00E0074801231EBD
:1003FA00B4FF630F090063170D00632F1100A307F1
:10040A004F310000A307CF410000A3074F5200005D
:10041A00A307CF620000A3074F730000A307CF838F
:10042A000000A3074F940000E7474000E64F400052
:10043A00A3070F40000080072100BFFF8CA74006DA
:10044A002000A30709400000E83F2000E937200008
:10045A00A30749940000A307C9830000A3074973AF
:10046A000000A307C9620000A30749520000A307BE
:10047A00C9410000A30749310000232F11002317A7
:10048A000D00230F0900231E4C00E0074801231E1C
:10049A00B4FF630F090063170D00632F1100A30750
:1004AA004F310000A307CF410000A3074F520000BD
:1004BA00A307CF620000A3074F730000A307CF83EF
:1004CA000000A3074F940000E7474000E64F4000B2
:1004DA00A3070F40000080072100BFFFECA64006DB
:1004EA002000A30709400000E83F2000E937200068
:1004FA00A30749940000A307C9830000A30749730F
:10050A000000A307C9620000A30749520000A3071D
:10051A00C9410000A30749310000232F1100231706
:10052A000D00230F0900231E4C00E0074801231E7B
:10053A00B4FF630F090063170D00632F1100A307AF
:10054A004F310000A307CF410000A3074F5200001C
:10055A00A307CF620000A3074F730000A307CF834E
:10056A000000A3074F940000E7474000E64F400011
:10057A00A3070F40000080072100BFFF4CA64006DA
:10058A002000A30709400000E83F2000E9372000C7
:10059A00A30749940000A307C9830000A30749736E
:1005AA000000A307C9620000A30749520000A3077D
:1005BA00C9410000A30749310000232F1100231766
:1005CA000D00230F0900231E4C00E0074801231EDB
:1005DA00B4FF630F090063170D00632F1100A3070F
:1005EA004F310000A307CF410000A3074F5200007C
:1005FA00A307CF620000A3074F730000A307CF83AE
:10060A000000A3074F940000E7474000E64F400070
:10061A00A3070F40000080072100BFFFACA54006DA
:10062A002000A30709400000E83F2000E937200026
:10063A00A30749940000A307C9830000A3074973CD
:10064A000000A307C9620000A30749520000A307DC
:10065A00C9410000A30749310000232F11002317C5
:10066A000D00230F0900231E4C00E0074801231E3A
:10067A00B4FF630F090063170D00632F1100A3076E
:10068A004F310000A307CF410000A3074F520000DB
:10069A00A307CF620000A3074F730000A307CF830D
:1006AA000000A3074F940000E7474000E64F4000D0
:1006BA00A3070F40000080072100BFFF0CA54006DA
:1006CA002000A30709400000E83F2000E937200086
:1006DA00A30749940000A307C9830000A30749732D
:1006EA000000A307C9620000A30749520000A3073C
:1006FA00C9410000A30749310000232F1100231725
:10070A000D00230F0900231E4C00E0074801231E99
:10071A00B4FF630F090063170D00632F1100A307CD
:10072A004F310000A307CF410000A3074F5200003A
:10073A00A307CF620000A3074F730000A307CF836C
:10074A000000A3074F940000E7474000E64F40002F
:10075A00A3070F40000080072100BFFF6CA44006DA
:10076A002000A30709400000E83F2000E9372000E5
:10077A00A30749940000A307C9830000A30749738C
:10078A000000A307C9620000A30749520000A3079B
:10079A00C9410000A30749310000232F1100231784
:1007AA000D00230F0900231E4C00E0074801231EF9
:1007BA00B4FF630F090063170D00632F1100A3072D
:1007CA004F310000A307CF410000A3074F5200009A
:1007DA00A307CF620000A3074F730000A307CF83CC
:1007EA000000A3074F940000E7474000E64F40008F
:1007FA00A3070F40000080072100BFFFCCA34006DB
:10080A002000A30709400000E83F2000E937200044
:10081A00A30749940000A307C9830000A3074973EB
:10082A000000A307C9620000A30749520000A307FA
:10083A00C9410000A30749310000232F11002317E3
:10084A000D00230F0900231E4C00E0074801231E58
:10085A00B4FF630F090063170D00632F1100A3078C
:10086A004F310000A307CF410000A3074F520000F9
:10087A00A307CF620000A3074F730000A307CF832B
:10088A000000A3074F940000E7474000E64F4000EE
:10089A00A3070F40000080072100BFFF2CA34006DA
:1008AA002000A30709400000E83F2000E9372000A4
:1008BA00A30749940000A307C9830000A30749734B
:1008CA000000A307C9620000A30749520000A3075A
:1008DA00C9410000A30749310000232F1100231743
:1008EA000D00230F0900231E4C00E0074801231EB8
:1008FA00B4FF630F090063170D00632F1100A307EC
:10090A004F310000A307CF410000A3074F52000058
:10091A00A307CF620000A3074F730000A307CF838A
:10092A000000A3074F940000E7474000E64F40004D
:10093A00A3070F40000080072100BFFF8CA24006DA
:10094A002000A30709400000E83F2000E937200003
:10095A00A30749940000A307C9830000A3074973AA
:10096A000000A307C9620000A30749520000A307B9
:10097A00C9410000A30749310000232F11002317A2
:10098A000D00230F0900231E4C00E0074801231E17
:10099A00B4FF630F090063170D00632F1100A3074B
:1009AA004F310000A307CF410000A3074F520000B8
:1009BA00A307CF620000A3074F730000A307CF83EA
:1009CA000000A3074F940000E7474000E64F4000AD
:1009DA00A3070F40000080072100BFFFECA14006DB
:1009EA002000A30709400000E83F2000E937200063
:1009FA00A30749940000A307C9830000A30749730A
:100A0A000000A307C9620000A30749520000A30718
:100A1A00C9410000A30749310000232F1100231701
:100A2A000D00230F0900231E4C00E0074801231E76
:100A3A00B4FF630F090063170D00632F1100A307AA
:100A4A004F310000A307CF410000A3074F52000017
:100A5A00A307CF620000A3074F730000A307CF8349
:100A6A000000A3074F940000E7474000E64F40000C
:100A7A00A3070F40000080072100BFFF4CA14006DA
:100A8A002000A30709400000E83F2000E9372000C2
:100A9A00A30749940000A307C9830000A307497369
:100AAA000000A307C9620000A30749520000A30778
:100ABA00C9410000A30749310000232F1100231761
:100ACA000D00230F0900231E4C00E0074801231ED6
:100ADA00B4FF630F090063170D00632F1100A3070A
:100AEA004F310000A307CF410000A3074F52000077
:100AFA00A307CF620000A3074F730000A307CF83A9
:100B0A000000A3074F940000E7474000E64F40006B
:100B1A00A3070F40000080072100BFFFACA04006DA
:100B2A002000A30709400000E83F2000E937200021
:100B3A00A30749940000A307C9830000A3074973C8
:100B4A000000A307C9620000A30749520000A307D7
:100B5A00C9410000A30749310000232F11002317C0
:100B6A000D00230F0900231E4C00E0074801231E35
:100B7A00B4FF630F090063170D00632F1100A30769
:100B8A004F310000A307CF410000A3074F520000D6
:100B9A00A307CF620000A3074F730000A307CF8308
:100BAA000000A3074F940000E7474000E64F4000CB
:100BBA00A3070F40000080072100BFFF0CA04006DA
:100BCA002000A30709400000E83F2000E937200081
:100BDA00A30749940000A307C9830000A307497328
:100BEA000000A307C9620000A30749520000A30737
:100BFA00C9410000A30749310000232F1100231720
:100C0A000D00230F0900231E4C00E0074801231E94
:100C1A00B4FF630F090063170D00632F1100A307C8
:100C2A004F310000A307CF410000A3074F52000035
:100C3A00A307CF620000A3074F730000A307CF8367
:100C4A000000A3074F940000E7474000E64F40002A
:100C5A00A3070F40000080072100BFFF6C9F4006DA
:100C6A002000A30709400000E83F2000E9372000E0
:100C7A00A30749940000A307C9830000A307497387
:100C8A000000A307C9620000A30749520000A30796
:100C9A00C9410000A30749310000232F110023177F
:100CAA000D00230F0900231E4C00E0074801231EF4
:100CBA00B4FF630F090063170D00632F1100A30728
:100CCA004F310000A307CF410000A3074F52000095
:100CDA00A307CF620000A3074F730000A307CF83C7
:100CEA000000A3074F940000E7474000E64F40008A
:100CFA00A3070F40000080072100BFFFCC9E4006DB
:100D0A002000A30709400000E83F2000E93720003F
:100D1A00A30749940000A307C9830000A3074973E6
:100D2A000000A307C9620000A30749520000A307F5
:100D3A00C9410000A30749310000232F11002317DE
:100D4A000D00230F0900231E4C00E0074801231E53
:100D5A00B4FF630F090063170D00632F1100A30787
:100D6A004F310000A307CF410000A3074F520000F4
:100D7A00A307CF620000A3074F730000A307CF8326
:100D8A000000A3074F940000E7474000E64F4000E9
:100D9A00A3070F40000080072100BFFF2C9E4006DA
:100DAA002000A30709400000E83F2000E93720009F
:100DBA00A30749940000A307C9830000A307497346
:100DCA000000A307C9620000A30749520000A30755
:100DDA00C9410000A30749310000232F110023173E
:100DEA000D00230F0900231E4C00E0074801231EB3
:100DFA00B4FF630F090063170D00632F1100A307E7
:100E0A004F310000A307CF410000A3074F52000053
:100E1A00A307CF620000A3074F730000A307CF8385
:100E2A000000A3074F940000E7474000E64F400048
:100E3A00A3070F40000080072100BFFF8C9D4006DA
:100E4A002000A30709400000E83F2000E9372000FE
:100E5A00A30749940000A307C9830000A3074973A5
:100E6A000000A307C9620000A30749520000A307B4
:100E7A00C9410000A30749310000232F110023179D
:100E8A000D00230F0900231E4C00E0074801231E12
:100E9A00B4FF630F090063170D00632F1100A30746
:100EAA004F310000A307CF410000A3074F520000B3
:100EBA00A307CF620000A3074F730000A307CF83E5
:100ECA000000A3074F940000E7474000E64F4000A8
:100EDA00A3070F40000080072100BFFFEC9C4006DB
:100EEA002000A30709400000E83F2000E93720005E
:100EFA00A30749940000A307C9830000A307497305
:100F0A000000A307C9620000A30749520000A30713
:100F1A00C9410000A30749310000232F11002317FC
:100F2A000D00230F0900231E4C00E0074801231E71
:100F3A00B4FF630F090063170D00632F1100A307A5
:100F4A004F310000A307CF410000A3074F52000012
:100F5A00A307CF620000A3074F730000A307CF8344
:100F6A000000A3074F940000E7474000E64F400007
:100F7A00A3070F40000080072100BFFF4C9C4006DA
:100F8A002000A30709400000E83F2000E9372000BD
:100F9A00A30749940000A307C9830000A307497364
:100FAA000000A307C9620000A30749520000A30773
:100FBA00C9410000A30749310000232F110023175C
:100FCA000D00230F0900231E4C00E0074801231ED1
:100FDA00B4FF630F090063170D00632F1100A30705
:100FEA004F310000A307CF410000A3074F52000072
:100FFA00A307CF620000A3074F730000A307CF83A4
:10100A000000A3074F940000E7474000E64F400066
:10101A00A3070F40000080072100BFFFAC9B4006DA
:10102A002000A30709400000E83F2000E93720001C
:10103A00A30749940000A307C9830000A3074973C3
:10104A000000A307C9620000A30749520000A307D2
:10105A00C9410000A30749310000232F11002317BB
:10106A000D00230F0900231E4C00E0074801231E30
:10107A00B4FF630F090063170D00632F1100A30764
:10108A004F310000A307CF410000A3074F520000D1
:10109A00A307CF620000A3074F730000A307CF8303
:1010AA000000A3074F940000E7474000E64F4000C6
:1010BA00A3070F40000080072100BFFF0C9B4006DA
:1010CA002000A30709400000E83F2000E93720007C
:1010DA00A30749940000A307C9830000A307497323
:1010EA000000A307C9620000A30749520000A30732
:1010FA00C9410000A30749310000232F110023171B
:10110A000D00230F0900231E4C00E0074801231E8F
:10111A00B4FF630F090063170D00632F1100A307C3
:10112A004F310000A307CF410000A3074F52000030
:10113A00A307CF620000A3074F730000A307CF8362
:10114A000000A3074F940000E7474000E64F400025
:10115A00A3070F40000080072100BFFF6C9A4006DA
:10116A002000A30709400000E83F2000E9372000DB
:10117A00A30749940000A307C9830000A307497382
:10118A000000A307C9620000A30749520000A30791
:10119A00C9410000A30749310000232F110023177A
:1011AA000D00230F0900231E4C00E0074801231EEF
:1011BA00B4FF630F090063170D00632F1100A30723
:1011CA004F310000A307CF410000A3074F52000090
:1011DA00A307CF620000A3074F730000A307CF83C2
:1011EA000000A3074F940000E7474000E64F400085
:1011FA00A3070F40000080072100BFFFCC994006DB
:10120A002000A30709400000E83F2000E93720003A
:10121A00A30749940000A307C9830000A3074973E1
:10122A000000A307C9620000A30749520000A307F0
:10123A00C9410000A30749310000232F11002317D9
:10124A000D00230F0900231E4C00E0074801231E4E
:10125A00B4FF630F090063170D00632F1100A30782
:10126A004F310000A307CF410000A3074F520000EF
:10127A00A307CF620000A3074F730000A307CF8321
:10128A000000A3074F940000E7474000E64F4000E4
:10129A00A3070F40000080072100BFFF2C994006DA
:1012AA002000A30709400000E83F2000E93720009A
:1012BA00A30749940000A307C9830000A307497341
:1012CA000000A307C9620000A30749520000A30750
:1012DA00C9410000A30749310000232F1100231739
:1012EA000D00230F0900231E4C00E0074801231EAE
:1012FA00B4FF630F090063170D00632F1100A307E2
:10130A004F310000A307CF410000A3074F5200004E
:10131A00A307CF620000A3074F730000A307CF8380
:10132A000000A3074F940000E7474000E64F400043
:10133A00A3070F40000080072100BFFF8C984006DA
:10134A002000A30709400000E83F2000E9372000F9
:10135A00A30749940000A307C9830000A3074973A0
:10136A000000A307C9620000A30749520000A307AF
:10137A00C9410000A30749310000232F1100231798
:10138A000D00230F0900231E4C00E0074801231E0D
:10139A00B4FF630F090063170D00632F1100A30741
:1013AA004F310000A307CF410000A3074F520000AE
:1013BA00A307CF620000A3074F730000A307CF83E0
:1013CA000000A3074F940000E7474000E64F4000A3
:1013DA00A3070F40000080072100BFFFEC974006DB
:1013EA002000A30709400000E83F2000E937200059
:1013FA00A30749940000A307C9830000A307497300
:10140A000000A307C9620000A30749520000A3070E
:10141A00C9410000A30749310000232F11002317F7
:10142A000D00230F0900231E4C00E0074801231E6C
:10143A00B4FF630F090063170D00632F1100A307A0
:10144A004F310000A307CF410000A3074F5200000D
:10145A00A307CF620000A3074F730000A307CF833F
:10146A000000A3074F940000E7474000E64F400002
:10147A00A3070F40000080072100BFFF4C974006DA
:10148A002000A30709400000E83F2000E9372000B8
:10149A00A30749940000A307C9830000A30749735F
:1014AA000000A307C9620000A30749520000A3076E
:1014BA00C9410000A30749310000232F1100231757
:1014CA000D00230F0900231E4C00E0074801231ECC
:1014DA00B4FF630F090063170D00632F1100A30700
:1014EA004F310000A307CF410000A3074F5200006D
:1014FA00A307CF620000A3074F730000A307CF839F
:10150A000000A3074F940000E7474000E64F400061
:10151A00A3070F40000080072100BFFFAC964006DA
:10152A002000A30709400000E83F2000E937200017
:10153A00A30749940000A307C9830000A3074973BE
:10154A000000A307C9620000A30749520000A307CD
:10155A00C9410000A30749310000232F11002317B6
:10156A000D00230F0900231E4C00E0074801231E2B
:10157A00B4FF630F090063170D00632F1100A3075F
:10158A004F310000A307CF410000A3074F520000CC
:10159A00A307CF620000A3074F730000A307CF83FE
:1015AA000000A3074F940000E7474000E64F4000C1
:1015BA00A3070F40000080072100BFFF0C964006DA
:1015CA002000A30709400000E83F2000E937200077
:1015DA00A30749940000A307C9830000A30749731E
:1015EA000000A307C9620000A30749520000A3072D
:1015FA00C9410000A30749310000232F1100231716
:10160A000D00230F0900231E4C00E0074801231E8A
:10161A00B4FF630F090063170D00632F1100A307BE
:10162A004F310000A307CF410000A3074F5200002B
:10163A00A307CF620000A3074F730000A307CF835D
:10164A000000A3074F940000E7474000E64F400020
:10165A00A3070F40000080072100BFFF6C954006DA
:10166A002000A30709400000E83F2000E9372000D6
:10167A00A30749940000A307C9830000A30749737D
:10168A000000A307C9620000A30749520000A3078C
:10169A00C9410000A30749310000232F1100231775
:1016AA000D00230F0900231E4C00E0074801231EEA
:1016BA00B4FF630F090063170D00632F1100A3071E
:1016CA004F310000A307CF410000A3074F5200008B
:1016DA00A307CF620000A3074F730000A307CF83BD
:1016EA000000A3074F940000E7474000E64F400080
:1016FA00A3070F40000080072100BFFFCC944006DB
:10170A002000A30709400000E83F2000E937200035
:10171A00A30749940000A307C9830000A3074973DC
:10172A000000A307C9620000A30749520000A307EB
:10173A00C9410000A30749310000232F11002317D4
:10174A000D00230F0900231E4C00E0074801231E49
:10175A00B4FF630F090063170D00632F1100A3077D
:10176A004F310000A307CF410000A3074F520000EA
:10177A00A307CF620000A3074F730000A307CF831C
:10178A000000A3074F940000E7474000E64F4000DF
:10179A00A3070F40000080072100BFFF2C944006DA
:1017AA002000A30709400000E83F2000E937200095
:1017BA00A30749940000A307C9830000A30749733C
:1017CA000000A307C9620000A30749520000A3074B
:1017DA00C9410000A30749310000232F1100231734
:1017EA000D00230F0900231E4C00E0074801231EA9
:1017FA00B4FF630F090063170D00632F1100A307DD
:10180A004F310000A307CF410000A3074F52000049
:10181A00A307CF620000A3074F730000A307CF837B
:10182A000000A3074F940000E7474000E64F40003E
:10183A00A3070F40000080072100BFFF8C934006DA
:10184A002000A30709400000E83F2000E9372000F4
:10185A00A30749940000A307C9830000A30749739B
:10186A000000A307C9620000A30749520000A307AA
:10187A00C9410000A30749310000232F1100231793
:10188A000D00230F0900231E4C00E0074801231E08
:10189A00B4FF630F090063170D00632F1100A3073C
:1018AA004F310000A307CF410000A3074F520000A9
:1018BA00A307CF620000A3074F730000A307CF83DB
:1018CA000000A3074F940000E7474000E64F40009E
:1018DA00A3070F40000080072100BFFFEC924006DB
:1018EA002000A30709400000E83F2000E937200054
:1018FA00A30749940000A307C9830000A3074973FB
:10190A000000A307C9620000A30749520000A30709
:10191A00C9410000A30749310000232F11002317F2
:10192A000D00230F0900231E4C00E0074801231E67
:10193A00B4FF630F090063170D00632F1100A3079B
:10194A004F310000A307CF410000A3074F52000008
:10195A00A307CF620000A3074F730000A307CF833A
:10196A000000A3074F940000E7474000E64F4000FD
:10197A00A3070F40000080072100BFFF4C924006DA
:10198A002000A30709400000E83F2000E9372000B3
:10199A00A30749940000A307C9830000A30749735A
:1019AA000000A307C9620000A30749520000A30769
:1019BA00C9410000A30749310000232F1100231752
:1019CA000D00230F0900231E4C00E0074801231EC7
:1019DA00B4FF630F090063170D00632F1100A307FB
:1019EA004F310000A307CF410000A3074F52000068
:1019FA00A307CF620000A3074F730000A307CF839A
:101A0A000000A3074F940000E7474000E64F40005C
:101A1A00A3070F40000080072100BFFFAC914006DA
:101A2A002000A30709400000E83F2000E937200012
:101A3A00A30749940000A307C9830000A3074973B9
:101A4A000000A307C9620000A30749520000A307C8
:101A5A00C9410000A30749310000232F11002317B1
:101A6A000D00230F0900231E4C00E0074801231E26
:101A7A00B4FF630F090063170D00632F1100A3075A
:101A8A004F310000A307CF410000A3074F520000C7
:101A9A00A307CF620000A3074F730000A307CF83F9
:101AAA000000A3074F940000E7474000E64F4000BC
:101ABA00A3070F40000080072100BFFF0C914006DA
:101ACA002000A30709400000E83F2000E937200072
:101ADA00A30749940000A307C9830000A307497319
:101AEA000000A307C9620000A30749520000A30728
:101AFA00C9410000A30749310000232F1100231711
:101B0A000D00230F0900231E4C00E0074801231E85
:101B1A00B4FF630F090063170D00632F1100A307B9
:101B2A004F310000A307CF410000A3074F52000026
:101B3A00A307CF620000A3074F730000A307CF8358
:101B4A000000A3074F940000E7474000E64F40001B
:101B5A00A3070F40000080072100BFFF6C904006DA
:101B6A002000A30709400000E83F2000E9372000D1
:101B7A00A30749940000A307C9830000A307497378
:101B8A000000A307C9620000A30749520000A30787
:101B9A00C9410000A30749310000232F1100231770
:101BAA000D00230F0900231E4C00E0074801231EE5
:101BBA00B4FF630F090063170D00632F1100A30719
:101BCA004F310000A307CF410000A3074F52000086
:101BDA00A307CF620000A3074F730000A307CF83B8
:101BEA000000A3074F940000E7474000E64F40007B
:101BFA00A3070F40000080072100BFFFCC8F4006DB
:101C0A002000A30709400000E83F2000E937200030
:101C1A00A30749940000A307C9830000A3074973D7
:101C2A000000A307C9620000A30749520000A307E6
:101C3A00C9410000A30749310000232F11002317CF
:101C4A000D00230F0900231E4C00E0074801231E44
:101C5A00B4FF630F090063170D00632F1100A30778
:101C6A004F310000A307CF410000A3074F520000E5
:101C7A00A307CF620000A3074F730000A307CF8317
:101C8A000000A3074F940000E7474000E64F4000DA
:101C9A00A3070F40000080072100BFFF2C8F4006DA
:101CAA002000A30709400000E83F2000E937200090
:101CBA00A30749940000A307C9830000A307497337
:101CCA000000A307C9620000A30749520000A30746
:101CDA00C9410000A30749310000232F110023172F
:101CEA000D00230F0900231E4C00E0074801231EA4
:101CFA00B4FF630F090063170D00632F1100A307D8
:101D0A004F310000A307CF410000A3074F52000044
:101D1A00A307CF620000A3074F730000A307CF8376
:101D2A000000A3074F940000E7474000E64F400039
:101D3A00A3070F40000080072100BFFF8C8E4006DA
:101D4A002000A30709400000E83F2000E9372000EF
:101D5A00A30749940000A307C9830000A307497396
:101D6A000000A307C9620000A30749520000A307A5
:101D7A00C9410000A30749310000232F110023178E
:101D8A000D00230F0900231E4C00E0074801231E03
:101D9A00B4FF630F090063170D00632F1100A30737
:101DAA004F310000A307CF410000A3074F520000A4
:101DBA00A307CF620000A3074F730000A307CF83D6
:101DCA000000A3074F940000E7474000E64F400099
:101DDA00A3070F40000080072100BFFFEC8D4006DB
:101DEA002000A30709400000E83F2000E93720004F
:101DFA00A30749940000A307C9830000A3074973F6
:101E0A000000A307C9620000A30749520000A30704
:101E1A00C9410000A30749310000232F11002317ED
:101E2A000D00230F0900231E4C00E0074801231E62
:101E3A00B4FF630F090063170D00632F1100A30796
:101E4A004F310000A307CF410000A3074F52000003
:101E5A00A307CF620000A3074F730000A307CF8335
:101E6A000000A3074F940000E7474000E64F4000F8
:101E7A00A3070F40000080072100BFFF4C8D4006DA
:101E8A002000A30709400000E83F2000E9372000AE
:101E9A00A30749940000A307C9830000A307497355
:101EAA000000A307C9620000A30749520000A30764
:101EBA00C9410000A30749310000232F110023174D
:101ECA000D00230F0900231E4C00E0074801231EC2
:101EDA00B4FF630F090063170D00632F1100A307F6
:101EEA004F310000A307CF410000A3074F52000063
:101EFA00A307CF620000A3074F730000A307CF8395
:101F0A000000A3074F940000E7474000E64F400057
:101F1A00A3070F40000080072100BFFFAC8C4006DA
:101F2A002000A30709400000E83F2000E93720000D
:101F3A00A30749940000A307C9830000A3074973B4
:101F4A000000A307C9620000A30749520000A307C3
:101F5A00C9410000A30749310000232F11002317AC
:101F6A000D00230F0900231E4C00E0074801231E21
:101F7A00B4FF630F090063170D00632F1100A30755
:101F8A004F310000A307CF410000A3074F520000C2
:101F9A00A307CF620000A3074F730000A307CF83F4
:101FAA000000A3074F940000E7474000E64F4000B7
:101FBA00A3070F40000080072100BFFF0C8C4006DA
:101FCA002000A30709400000E83F2000E93720006D
:101FDA00A30749940000A307C9830000A307497314
:101FEA000000A307C9620000A30749520000A30723
:101FFA00C9410000A30749310000232F110023170C
:10200A000D00230F0900231E4C00E0074801231E80
:10201A00B4FF630F090063170D00632F1100A307B4
:10202A004F310000A307CF410000A3074F52000021
:10203A00A307CF620000A3074F730000A307CF8353
:10204A000000A3074F940000E7474000E64F400016
:10205A00A3070F40000080072100BFFF6C8B4006DA
:10206A002000A30709400000E83F2000E9372000CC
:10207A00A30749940000A307C9830000A307497373
:10208A000000A307C9620000A30749520000A30782
:10209A00C9410000A30749310000232F110023176B
:1020AA000D00230F0900231E4C00E0074801231EE0
:1020BA00B4FF630F090063170D00632F1100A30714
:1020CA004F310000A307CF410000A3074F52000081
:1020DA00A307CF620000A3074F730000A307CF83B3
:1020EA000000A3074F940000E7474000E64F400076
:1020FA00A3070F40000080072100BFFFCC8A4006DB
:10210A002000A30709400000E83F2000E93720002B
:10211A00A30749940000A307C9830000A3074973D2
:10212A000000A307C9620000A30749520000A307E1
:10213A00C9410000A30749310000232F11002317CA
:10214A000D00230F0900231E4C00E0074801231E3F
:10215A00B4FF630F090063170D00632F1100A30773
:10216A004F310000A307CF410000A3074F520000E0
:10217A00A307CF620000A3074F730000A307CF8312
:10218A000000A3074F940000E7474000E64F4000D5
:10219A00A3070F40000080072100BFFF2C8A4006DA
:1021AA002000A30709400000E83F2000E93720008B
:1021BA00A30749940000A307C9830000A307497332
:1021CA000000A307C9620000A30749520000A30741
:1021DA00C9410000A30749310000232F110023172A
:1021EA000D00230F0900231E4C00E0074801231E9F
:1021FA00B4FF630F090063170D00632F1100A307D3
:10220A004F310000A307CF410000A3074F5200003F
:10221A00A307CF620000A3074F730000A307CF8371
:10222A000000A3074F940000E7474000E64F400034
:10223A00A3070F40000080072100BFFF8C894006DA
:10224A002000A30709400000E83F2000E9372000EA
:10225A00A30749940000A307C9830000A307497391
:10226A000000A307C9620000A30749520000A307A0
:10227A00C9410000A30749310000232F1100231789
:10228A000D00230F0900231E4C00E0074801231EFE
:10229A00B4FF630F090063170D00632F1100A30732
:1022AA004F310000A307CF410000A3074F5200009F
:1022BA00A307CF620000A3074F730000A307CF83D1
:1022CA000000A3074F940000E7474000E64F400094
:1022DA00A3070F40000080072100BFFFEC884006DB
:1022EA002000A30709400000E83F2000E93720004A
:1022FA00A30749940000A307C9830000A3074973F1
:10230A000000A307C9620000A30749520000A307FF
:10231A00C9410000A30749310000232F11002317E8
:10232A000D00230F0900231E4C00E0074801231E5D
:10233A00B4FF630F090063170D00632F1100A30791
:10234A004F310000A307CF410000A3074F520000FE
:10235A00A307CF620000A3074F730000A307CF8330
:10236A000000A3074F940000E7474000E64F4000F3
:10237A00A3070F40000080072100BFFF4C884006DA
:10238A002000A30709400000E83F2000E9372000A9
:10239A00A30749940000A307C9830000A307497350
:1023AA000000A307C9620000A30749520000A3075F
:1023BA00C9410000A30749310000232F1100231748
:1023CA000D00230F0900231E4C00E0074801231EBD
:1023DA00B4FF630F090063170D00632F1100A307F1
:1023EA004F310000A307CF410000A3074F5200005E
:1023FA00A307CF620000A3074F730000A307CF8390
:10240A000000A3074F940000E7474000E64F400052
:10241A00A3070F40000080072100BFFFAC874006DA
:10242A002000A30709400000E83F2000E937200008
:10243A00A30749940000A307C9830000A3074973AF
:10244A000000A307C9620000A30749520000A307BE
:10245A00C9410000A30749310000232F11002317A7
:10246A000D00230F0900231E4C00E0074801231E1C
:10247A00B4FF630F090063170D00632F1100A30750
:10248A004F310000A307CF410000A3074F520000BD
:10249A00A307CF620000A3074F730000A307CF83EF
:1024AA000000A3074F940000E7474000E64F4000B2
:1024BA00A3070F40000080072100BFFF0C874006DA
:1024CA002000A30709400000E83F2000E937200068
:1024DA00A30749940000A307C9830000A30749730F
:1024EA000000A307C9620000A30749520000A3071E
:1024FA00C9410000A30749310000232F1100231707
:10250A000D00230F0900231E4C00E0074801231E7B
:10251A00B4FF630F090063170D00632F1100A307AF
:10252A004F310000A307CF410000A3074F5200001C
:10253A00A307CF620000A3074F730000A307CF834E
:10254A000000A3074F940000E7474000E64F400011
:10255A00A3070F40000080072100BFFF6C864006DA
:10256A002000A30709400000E83F2000E9372000C7
:10257A00A30749940000A307C9830000A30749736E
:10258A000000A307C9620000A30749520000A3077D
:10259A00C9410000A30749310000232F1100231766
:1025AA000D00230F0900231E4C00E0074801231EDB
:1025BA00B4FF630F090063170D00632F1100A3070F
:1025CA004F310000A307CF410000A3074F5200007C
:1025DA00A307CF620000A3074F730000A307CF83AE
:1025EA000000A3074F940000E7474000E64F400071
:1025FA00A3070F40000080072100BFFFCC854006DB
:10260A002000A30709400000E83F2000E937200026
:10261A00A30749940000A307C9830000A3074973CD
:10262A000000A307C9620000A30749520000A307DC
:10263A00C9410000A30749310000232F11002317C5
:10264A000D00230F0900231E4C00E0074801231E3A
:10265A00B4FF630F090063170D00632F1100A3076E
:10266A004F310000A307CF410000A3074F520000DB
:10267A00A307CF620000A3074F730000A307CF830D
:10268A000000A3074F940000E7474000E64F4000D0
:10269A00A3070F40000080072100BFFF2C854006DA
:1026AA002000A30709400000E83F2000E937200086
:1026BA00A30749940000A307C9830000A30749732D
:1026CA000000A307C9620000A30749520000A3073C
:1026DA00C9410000A30749310000232F1100231725
:1026EA000D00230F0900231E4C00E0074801231E9A
:1026FA00B4FF630F090063170D00632F1100A307CE
:10270A004F310000A307CF410000A3074F5200003A
:10271A00A307CF620000A3074F730000A307CF836C
:10272A000000A3074F940000E7474000E64F40002F
:10273A00A3070F40000080072100BFFF8C844006DA
:10274A002000A30709400000E83F2000E9372000E5
:10275A00A30749940000A307C9830000A30749738C
:10276A000000A307C9620000A30749520000A3079B
:10277A00C9410000A30749310000232F1100231784
:10278A000D00230F0900231E4C00E0074801231EF9
:10279A00B4FF630F090063170D00632F1100A3072D
:1027AA004F310000A307CF410000A3074F5200009A
:1027BA00A307CF620000A3074F730000A307CF83CC
:1027CA000000A3074F940000E7474000E64F40008F
:1027DA00A3070F40000080072100BFFFEC834006DB
:1027EA002000A30709400000E83F2000E937200045
:1027FA00A30749940000A307C9830000A3074973EC
:10280A000000A307C9620000A30749520000A307FA
:10281A00C9410000A30749310000232F11002317E3
:10282A000D00230F0900231E4C00E0074801231E58
:10283A00B4FF630F090063170D00632F1100A3078C
:10284A004F310000A307CF410000A3074F520000F9
:10285A00A307CF620000A3074F730000A307CF832B
:10286A000000A3074F940000E7474000E64F4000EE
:10287A00A3070F40000080072100BFFF4C834006DA
:10288A002000A30709400000E83F2000E9372000A4
:10289A00A30749940000A307C9830000A30749734B
:1028AA000000A307C9620000A30749520000A3075A
:1028BA00C9410000A30749310000232F1100231743
:1028CA000D00230F0900231E4C00E0074801231EB8
:1028DA00B4FF630F090063170D00632F1100A307EC
:1028EA004F310000A307CF410000A3074F52000059
:1028FA00A307CF620000A3074F730000A307CF838B
:10290A000000A3074F940000E7474000E64F40004D
:10291A00A3070F40000080072100BFFFAC824006DA
:10292A002000A30709400000E83F2000E937200003
:10293A00A30749940000A307C9830000A3074973AA
:10294A000000A307C9620000A30749520000A307B9
:10295A00C9410000A30749310000232F11002317A2
:10296A000D00230F0900231E4C00E0074801231E17
:10297A00B4FF630F090063170D00632F1100A3074B
:10298A004F310000A307CF410000A3074F520000B8
:10299A00A307CF620000A3074F730000A307CF83EA
:1029AA000000A3074F940000E7474000E64F4000AD
:1029BA00A3070F40000080072100BFFF0C824006DA
:1029CA002000A30709400000E83F2000E937200063
:1029DA00A30749940000A307C9830000A30749730A
:1029EA000000A307C9620000A30749520000A30719
:1029FA00C9410000A30749310000232F1100231702
:102A0A000D00230F0900231E4C00E0074801231E76
:102A1A00B4FF630F090063170D00632F1100A307AA
:102A2A004F310000A307CF410000A3074F52000017
:102A3A00A307CF620000A3074F730000A307CF8349
:102A4A000000A3074F940000E7474000E64F40000C
:102A5A00A3070F40000080072100BFFF6C814006DA
:102A6A002000A30709400000E83F2000E9372000C2
:102A7A00A30749940000A307C9830000A307497369
:102A8A000000A307C9620000A30749520000A30778
:102A9A00C9410000A30749310000232F1100231761
:102AAA000D00230F0900231E4C00E0074801231ED6
:102ABA00B4FF630F090063170D00632F1100A3070A
:102ACA004F310000A307CF410000A3074F52000077
:102ADA00A307CF620000A3074F730000A307CF83A9
:102AEA000000A3074F940000E7474000E64F40006C
:102AFA00A3070F40000080072100BFFFCC804006DB
:102B0A002000A30709400000E83F2000E937200021
:102B1A00A30749940000A307C9830000A3074973C8
:102B2A000000A307C9620000A30749520000A307D7
:102B3A00C9410000A30749310000232F11002317C0
:102B4A000D00230F0900231E4C00E0074801231E35
:102B5A00B4FF630F090063170D00632F1100A30769
:102B6A004F310000A307CF410000A3074F520000D6
:102B7A00A307CF620000A3074F730000A307CF8308
:102B8A000000A3074F940000E7474000E64F4000CB
:102B9A00A3070F40000080072100BFFF2C804006DA
:102BAA002000A30709400000E83F2000E937200081
:102BBA00A30749940000A307C9830000A307497328
:102BCA000000A307C9620000A30749520000A30737
:102BDA00C9410000A30749310000232F1100231720
:102BEA000D00230F0900231E4C00E0074801231E95
:102BFA00B4FF630F090063170D00632F1100A307C9
:102C0A004F310000A307CF410000A3074F52000035
:102C1A00A307CF620000A3074F730000A307CF8367
:102C2A000000A3074F940000E7474000E64F40002A
:102C3A00A3070F40000080072100BFFF8C7F4006DA
:102C4A002000A30709400000E83F2000E9372000E0
:102C5A00A30749940000A307C9830000A307497387
:102C6A000000A307C9620000A30749520000A30796
:102C7A00C9410000A30749310000232F110023177F
:102C8A000D00230F0900231E4C00E0074801231EF4
:102C9A00B4FF630F090063170D00632F1100A30728
:102CAA004F310000A307CF410000A3074F52000095
:102CBA00A307CF620000A3074F730000A307CF83C7
:102CCA000000A3074F940000E7474000E64F40008A
:102CDA00A3070F40000080072100BFFFEC7E4006DB
:102CEA002000A30709400000E83F2000E937200040
:102CFA00A30749940000A307C9830000A3074973E7
:102D0A000000A307C9620000A30749520000A307F5
:102D1A00C9410000A30749310000232F11002317DE
:102D2A000D00230F0900231E4C00E0074801231E53
:102D3A00B4FF630F090063170D00632F1100A30787
:102D4A004F310000A307CF410000A3074F520000F4
:102D5A00A307CF620000A3074F730000A307CF8326
:102D6A000000A3074F940000E7474000E64F4000E9
:102D7A00A3070F40000080072100BFFF4C7E4006DA
:102D8A002000A30709400000E83F2000E93720009F
:102D9A00A30749940000A307C9830000A307497346
:102DAA000000A307C9620000A30749520000A30755
:102DBA00C9410000A30749310000232F110023173E
:102DCA000D00230F0900231E4C00E0074801231EB3
:102DDA00B4FF630F090063170D00632F1100A307E7
:102DEA004F310000A307CF410000A3074F52000054
:102DFA00A307CF620000A3074F730000A307CF8386
:102E0A000000A3074F940000E7474000E64F400048
:102E1A00A3070F40000080072100BFFFAC7D4006DA
:102E2A002000A30709400000E83F2000E9372000FE
:102E3A00A30749940000A307C9830000A3074973A5
:102E4A000000A307C9620000A30749520000A307B4
:102E5A00C9410000A30749310000232F110023179D
:102E6A000D00230F0900231E4C00E0074801231E12
:102E7A00B4FF630F090063170D00632F1100A30746
:102E8A004F310000A307CF410000A3074F520000B3
:102E9A00A307CF620000A3074F730000A307CF83E5
:102EAA000000A3074F940000E7474000E64F4000A8
:102EBA00A3070F40000080072100BFFF0C7D4006DA
:102ECA002000A30709400000E83F2000E93720005E
:102EDA00A30749940000A307C9830000A307497305
:102EEA000000A307C9620000A30749520000A30714
:102EFA00C9410000A30749310000232F11002317FD
:102F0A000D00230F0900231E4C00E0074801231E71
:102F1A00B4FF630F090063170D00632F1100A307A5
:102F2A004F310000A307CF410000A3074F52000012
:102F3A00A307CF620000A3074F730000A307CF8344
:102F4A000000A3074F940000E7474000E64F400007
:102F5A00A3070F40000080072100BFFF6C7C4006DA
:102F6A002000A30709400000E83F2000E9372000BD
:102F7A00A30749940000A307C9830000A307497364
:102F8A000000A307C9620000A30749520000A30773
:102F9A00C9410000A30749310000232F110023175C
:102FAA000D00230F0900231E4C00E0074801231ED1
:102FBA00B4FF630F090063170D00632F1100A30705
:102FCA004F310000A307CF410000A3074F52000072
:102FDA00A307CF620000A3074F730000A307CF83A4
:102FEA000000A3074F940000E7474000E64F400067
:102FFA00A3070F40000080072100BFFFCC7B4006DB
:10300A002000A30709400000E83F2000E93720001C
:10301A00A30749940000A307C9830000A3074973C3
:10302A000000A307C9620000A30749520000A307D2
:10303A00C9410000A30749310000232F11002317BB
:10304A000D00230F0900231E4C00E0074801231E30
:10305A00B4FF630F090063170D00632F1100A30764
:10306A004F310000A307CF410000A3074F520000D1
:10307A00A307CF620000A3074F730000A307CF8303
:10308A000000A3074F940000E7474000E64F4000C6
:10309A00A3070F40000080072100BFFF2C7B4006DA
:1030AA002000A30709400000E83F2000E93720007C
:1030BA00A30749940000A307C9830000A307497323
:1030CA000000A307C9620000A30749520000A30732
:1030DA00C9410000A30749310000232F110023171B
:1030EA000D00230F0900231E4C00E0074801231E90
:1030FA00B4FF630F090063170D00632F1100A307C4
:10310A004F310000A307CF410000A3074F52000030
:10311A00A307CF620000A3074F730000A307CF8362
:10312A000000A3074F940000E7474000E64F400025
:10313A00A3070F40000080072100BFFF8C7A4006DA
:10314A002000A30709400000E83F2000E9372000DB
:10315A00A30749940000A307C9830000A307497382
:10316A000000A307C9620000A30749520000A30791
:10317A00C9410000A30749310000232F110023177A
:10318A000D00230F0900231E4C00E0074801231EEF
:10319A00B4FF630F090063170D00632F1100A30723
:1031AA004F310000A307CF410000A3074F52000090
:1031BA00A307CF620000A3074F730000A307CF83C2
:1031CA000000A3074F940000E7474000E64F400085
:1031DA00A3070F40000080072100BFFFEC794006DB
:1031EA002000A30709400000E83F2000E93720003B
:1031FA00A30749940000A307C9830000A3074973E2
:10320A000000A307C9620000A30749520000A307F0
:10321A00C9410000A30749310000232F11002317D9
:10322A000D00230F0900231E4C00E0074801231E4E
:10323A00B4FF630F090063170D00632F1100A30782
:10324A004F310000A307CF410000A3074F520000EF
:10325A00A307CF620000A3074F730000A307CF8321
:10326A000000A3074F940000E7474000E64F4000E4
:10327A00A3070F40000080072100BFFF4C794006DA
:10328A002000A30709400000E83F2000E93720009A
:10329A00A30749940000A307C9830000A307497341
:1032AA000000A307C9620000A30749520000A30750
:1032BA00C9410000A30749310000232F1100231739
:1032CA000D00230F0900231E4C00E0074801231EAE
:1032DA00B4FF630F090063170D00632F1100A307E2
:1032EA004F310000A307CF410000A3074F5200004F
:1032FA00A307CF620000A3074F730000A307CF8381
:10330A000000A3074F940000E7474000E64F400043
:10331A00A3070F40000080072100BFFFAC784006DA
:10332A002000A30709400000E83F2000E9372000F9
:10333A00A30749940000A307C9830000A3074973A0
:10334A000000A307C9620000A30749520000A307AF
:10335A00C9410000A30749310000232F1100231798
:10336A000D00230F0900231E4C00E0074801231E0D
:10337A00B4FF630F090063170D00632F1100A30741
:10338A004F310000A307CF410000A3074F520000AE
:10339A00A307CF620000A3074F730000A307CF83E0
:1033AA000000A3074F940000E7474000E64F4000A3
:1033BA00A3070F40000080072100BFFF0C784006DA
:1033CA002000A30709400000E83F2000E937200059
:1033DA00A30749940000A307C9830000A307497300
:1033EA000000A307C9620000A30749520000A3070F
:1033FA00C9410000A30749310000232F11002317F8
:10340A000D00230F0900231E4C00E0074801231E6C
:10341A00B4FF630F090063170D00632F1100A307A0
:10342A004F310000A307CF410000A3074F5200000D
:10343A00A307CF620000A3074F730000A307CF833F
:10344A000000A3074F940000E7474000E64F400002
:10345A00A3070F40000080072100BFFF6C774006DA
:10346A002000A30709400000E83F2000E9372000B8
:10347A00A30749940000A307C9830000A30749735F
:10348A000000A307C9620000A30749520000A3076E
:10349A00C9410000A30749310000232F1100231757
:1034AA000D00230F0900231E4C00E0074801231ECC
:1034BA00B4FF630F090063170D00632F1100A30700
:1034CA004F310000A307CF410000A3074F5200006D
:1034DA00A307CF620000A3074F730000A307CF839F
:1034EA000000A3074F940000E7474000E64F400062
:1034FA00A3070F40000080072100BFFFCC764006DB
:10350A002000A30709400000E83F2000E937200017
:10351A00A30749940000A307C9830000A3074973BE
:10352A000000A307C9620000A30749520000A307CD
:10353A00C9410000A30749310000232F11002317B6
:10354A000D00230F0900231E4C00E0074801231E2B
:10355A00B4FF630F090063170D00632F1100A3075F
:10356A004F310000A307CF410000A3074F520000CC
:10357A00A307CF620000A3074F730000A307CF83FE
:10358A000000A3074F940000E7474000E64F4000C1
:10359A00A3070F40000080072100BFFF2C764006DA
:1035AA002000A30709400000E83F2000E937200077
:1035BA00A30749940000A307C9830000A30749731E
:1035CA000000A307C9620000A30749520000A3072D
:1035DA00C9410000A30749310000232F1100231716
:1035EA000D00230F0900231E4C00E0074801231E8B
:1035FA00B4FF630F090063170D00632F1100A307BF
:10360A004F310000A307CF410000A3074F5200002B
:10361A00A307CF620000A3074F730000A307CF835D
:10362A000000A3074F940000E7474000E64F400020
:10363A00A3070F40000080072100BFFF8C754006DA
:10364A002000A30709400000E83F2000E9372000D6
:10365A00A30749940000A307C9830000A30749737D
:10366A000000A307C9620000A30749520000A3078C
:10367A00C9410000A30749310000232F1100231775
:10368A000D00230F0900231E4C00E0074801231EEA
:10369A00B4FF630F090063170D00632F1100A3071E
:1036AA004F310000A307CF410000A3074F5200008B
:1036BA00A307CF620000A3074F730000A307CF83BD
:1036CA000000A3074F940000E7474000E64F400080
:1036DA00A3070F40000080072100BFFFEC744006DB
:1036EA002000A30709400000E83F2000E937200036
:1036FA00A30749940000A307C9830000A3074973DD
:10370A000000A307C9620000A30749520000A307EB
:10371A00C9410000A30749310000232F11002317D4
:10372A000D00230F0900231E4C00E0074801231E49
:10373A00B4FF630F090063170D00632F1100A3077D
:10374A004F310000A307CF410000A3074F520000EA
:10375A00A307CF620000A3074F730000A307CF831C
:10376A000000A3074F940000E7474000E64F4000DF
:10377A00A3070F40000080072100BFFF4C744006DA
:10378A002000A30709400000E83F2000E937200095
:10379A00A30749940000A307C9830000A30749733C
:1037AA000000A307C9620000A30749520000A3074B
:1037BA00C9410000A30749310000232F1100231734
:1037CA000D00230F0900231E4C00E0074801231EA9
:1037DA00B4FF630F090063170D00632F1100A307DD
:1037EA004F310000A307CF410000A3074F5200004A
:1037FA00A307CF620000A3074F730000A307CF837C
:10380A000000A3074F940000E7474000E64F40003E
:10381A00A3070F40000080072100BFFFAC734006DA
:10382A002000A30709400000E83F2000E9372000F4
:10383A00A30749940000A307C9830000A30749739B
:10384A000000A307C9620000A30749520000A307AA
:10385A00C9410000A30749310000232F1100231793
:10386A000D00230F0900231E4C00E0074801231E08
:10387A00B4FF630F090063170D00632F1100A3073C
:10388A004F310000A307CF410000A3074F520000A9
:10389A00A307CF620000A3074F730000A307CF83DB
:1038AA000000A3074F940000E7474000E64F40009E
:1038BA00A3070F40000080072100BFFF0C734006DA
:1038CA002000A30709400000E83F2000E937200054
:1038DA00A30749940000A307C9830000A3074973FB
:1038EA000000A307C9620000A30749520000A3070A
:1038FA00C9410000A30749310000232F11002317F3
:10390A000D00230F0900231E4C00E0074801231E67
:10391A00B4FF630F090063170D00632F1100A3079B
:10392A004F310000A307CF410000A3074F52000008
:10393A00A307CF620000A3074F730000A307CF833A
:10394A000000A3074F940000E7474000E64F4000FD
:10395A00A3070F40000080072100BFFF6C724006DA
:10396A002000A30709400000E83F2000E9372000B3
:10397A00A30749940000A307C9830000A30749735A
:10398A000000A307C9620000A30749520000A30769
:10399A00C9410000A30749310000232F1100231752
:1039AA000D00230F0900231E4C00E0074801231EC7
:1039BA00B4FF630F090063170D00632F1100A307FB
:1039CA004F310000A307CF410000A3074F52000068
:1039DA00A307CF620000A3074F730000A307CF839A
:1039EA000000A3074F940000E7474000E64F40005D
:1039FA00A3070F40000080072100BFFFCC714006DB
:103A0A002000A30709400000E83F2000E937200012
:103A1A00A30749940000A307C9830000A3074973B9
:103A2A000000A307C9620000A30749520000A307C8
:103A3A00C9410000A30749310000232F11002317B1
:103A4A000D00230F0900231E4C00E0074801231E26
:103A5A00B4FF630F090063170D00632F1100A3075A
:103A6A004F310000A307CF410000A3074F520000C7
:103A7A00A307CF620000A3074F730000A307CF83F9
:103A8A000000A3074F940000E7474000E64F4000BC
:103A9A00A3070F40000080072100BFFF2C714006DA
:103AAA002000A30709400000E83F2000E937200072
:103ABA00A30749940000A307C9830000A307497319
:103ACA000000A307C9620000A30749520000A30728
:103ADA00C9410000A30749310000232F1100231711
:103AEA000D00230F0900231E4C00E0074801231E86
:103AFA00B4FF630F090063170D00632F1100A307BA
:103B0A004F310000A307CF410000A3074F52000026
:103B1A00A307CF620000A3074F730000A307CF8358
:103B2A000000A3074F940000E7474000E64F40001B
:103B3A00A3070F40000080072100BFFF8C704006DA
:103B4A002000A30709400000E83F2000E9372000D1
:103B5A00A30749940000A307C9830000A307497378
:103B6A000000A307C9620000A30749520000A30787
:103B7A00C9410000A30749310000232F1100231770
:103B8A000D00230F0900231E4C00E0074801231EE5
:103B9A00B4FF630F090063170D00632F1100A30719
:103BAA004F310000A307CF410000A3074F52000086
:103BBA00A307CF620000A3074F730000A307CF83B8
:103BCA000000A3074F940000E7474000E64F40007B
:103BDA00A3070F40000080072100BFFFEC6F4006DB
:103BEA002000A30709400000E83F2000E937200031
:103BFA00A30749940000A307C9830000A3074973D8
:103C0A000000A307C9620000A30749520000A307E6
:103C1A00C9410000A30749310000232F11002317CF
:103C2A000D00230F0900231E4C00E0074801231E44
:103C3A00B4FF630F090063170D00632F1100A30778
:103C4A004F310000A307CF410000A3074F520000E5
:103C5A00A307CF620000A3074F730000A307CF8317
:103C6A000000A3074F940000E7474000E64F4000DA
:103C7A00A3070F40000080072100BFFF4C6F4006DA
:103C8A002000A30709400000E83F2000E937200090
:103C9A00A30749940000A307C9830000A307497337
:103CAA000000A307C9620000A30749520000A30746
:103CBA00C9410000A30749310000232F110023172F
:103CCA000D00230F0900231E4C00E0074801231EA4
:103CDA00B4FF630F090063170D00632F1100A307D8
:103CEA004F310000A307CF410000A3074F52000045
:103CFA00A307CF620000A3074F730000A307CF8377
:103D0A000000A3074F940000E7474000E64F400039
:103D1A00A3070F40000080072100BFFFAC6E4006DA
:103D2A002000A30709400000E83F2000E9372000EF
:103D3A00A30749940000A307C9830000A307497396
:103D4A000000A307C9620000A30749520000A307A5
:103D5A00C9410000A30749310000232F110023178E
:103D6A000D00230F0900231E4C00E0074801231E03
:103D7A00B4FF630F090063170D00632F1100A30737
:103D8A004F310000A307CF410000A3074F520000A4
:103D9A00A307CF620000A3074F730000A307CF83D6
:103DAA000000A3074F940000E7474000E64F400099
:103DBA00A3070F40000080072100BFFF0C6E4006DA
:103DCA002000A30709400000E83F2000E93720004F
:103DDA00A30749940000A307C9830000A3074973F6
:103DEA000000A307C9620000A30749520000A30705
:103DFA00C9410000A30749310000232F11002317EE
:103E0A000D00230F0900231E4C00E0074801231E62
:103E1A00B4FF630F090063170D00632F1100A30796
:103E2A004F310000A307CF410000A3074F52000003
:103E3A00A307CF620000A3074F730000A307CF8335
:103E4A000000A3074F940000E7474000E64F4000F8
:103E5A00A3070F40000080072100BFFF6C6D4006DA
:103E6A002000A30709400000E83F2000E9372000AE
:103E7A00A30749940000A307C9830000A307497355
:103E8A000000A307C9620000A30749520000A30764
:103E9A00C9410000A30749310000232F110023174D
:103EAA000D00230F0900231E4C00E0074801231EC2
:103EBA00B4FF630F090063170D00632F1100A307F6
:103ECA004F310000A307CF410000A3074F52000063
:103EDA00A307CF620000A3074F730000A307CF8395
:103EEA000000A3074F940000E7474000E64F400058
:103EFA00A3070F40000080072100BFFFCC6C4006DB
:103F0A002000A30709400000E83F2000E93720000D
:103F1A00A30749940000A307C9830000A3074973B4
:103F2A000000A307C9620000A30749520000A307C3
:103F3A00C9410000A30749310000232F11002317AC
:103F4A000D00230F0900231E4C00E0074801231E21
:103F5A00B4FF630F090063170D00632F1100A30755
:103F6A004F310000A307CF410000A3074F520000C2
:103F7A00A307CF620000A3074F730000A307CF83F4
:103F8A000000A3074F940000E7474000E64F4000B7
:103F9A00A3070F40000080072100BFFF2C6C4006DA
:103FAA002000A30709400000E83F2000E93720006D
:103FBA00A30749940000A307C9830000A307497314
:103FCA000000A307C9620000A30749520000A30723
:103FDA00C9410000A30749310000232F110023170C
:103FEA000D00230F0900231E4C00E0074801231E81
:103FFA00B4FF630F090063170D00632F1100A307B5
:10400A004F310000A307CF410000A3074F52000021
:10401A00A307CF620000A3074F730000A307CF8353
:10402A000000A3074F940000E7474000E64F400016
:10403A00A3070F40000080072100BFFF8C6B4006DA
:10404A002000A30709400000E83F2000E9372000CC
:10405A00A30749940000A307C9830000A307497373
:10406A000000A307C9620000A30749520000A30782
:10407A00C9410000A30749310000232F110023176B
:10408A000D00230F0900231E4C00E0074801231EE0
:10409A00B4FF630F090063170D00632F1100A30714
:1040AA004F310000A307CF410000A3074F52000081
:1040BA00A307CF620000A3074F730000A307CF83B3
:1040CA000000A3074F940000E7474000E64F400076
:1040DA00A3070F40000080072100BFFFEC6A4006DB
:1040EA002000A30709400000E83F2000E93720002C
:1040FA00A30749940000A307C9830000A3074973D3
:10410A000000A307C9620000A30749520000A307E1
:10411A00C9410000A30749310000232F11002317CA
:10412A000D00230F0900231E4C00E0074801231E3F
:10413A00B4FF630F090063170D00632F1100A30773
:10414A004F310000A307CF410000A3074F520000E0
:10415A00A307CF620000A3074F730000A307CF8312
:10416A000000A3074F940000E7474000E64F4000D5
:10417A00A3070F40000080072100BFFF4C6A4006DA
:10418A002000A30709400000E83F2000E93720008B
:10419A00A30749940000A307C9830000A307497332
:1041AA000000A307C9620000A30749520000A30741
:1041BA00C9410000A30749310000232F110023172A
:1041CA000D00230F0900231E4C00E0074801231E9F
:1041DA00B4FF630F090063170D00632F1100A307D3
:1041EA004F310000A307CF410000A3074F52000040
:1041FA00A307CF620000A3074F730000A307CF8372
:10420A000000A3074F940000E7474000E64F400034
:10421A00A3070F40000080072100BFFFAC694006DA
:10422A002000A30709400000E83F2000E9372000EA
:10423A00A30749940000A307C9830000A307497391
:10424A000000A307C9620000A30749520000A307A0
:10425A00C9410000A30749310000232F1100231789
:10426A000D00230F0900231E4C00E0074801231EFE
:10427A00B4FF630F090063170D00632F1100A30732
:10428A004F310000A307CF410000A3074F5200009F
:10429A00A307CF620000A3074F730000A307CF83D1
:1042AA000000A3074F940000E7474000E64F400094
:1042BA00A3070F40000080072100BFFF0C694006DA
:1042CA002000A30709400000E83F2000E93720004A
:1042DA00A30749940000A307C9830000A3074973F1
:1042EA000000A307C9620000A30749520000A30700
:1042FA00C9410000A30749310000232F11002317E9
:10430A000D00230F0900231E4C00E0074801231E5D
:10431A00B4FF630F090063170D00632F1100A30791
:10432A004F310000A307CF410000A3074F520000FE
:10433A00A307CF620000A3074F730000A307CF8330
:10434A000000A3074F940000E7474000E64F4000F3
:10435A00A3070F40000080072100BFFF6C684006DA
:10436A002000A30709400000E83F2000E9372000A9
:10437A00A30749940000A307C9830000A307497350
:10438A000000A307C9620000A30749520000A3075F
:10439A00C9410000A30749310000232F1100231748
:1043AA000D00230F0900231E4C00E0074801231EBD
:1043BA00B4FF630F090063170D00632F1100A307F1
:1043CA004F310000A307CF410000A3074F5200005E
:1043DA00A307CF620000A3074F730000A307CF8390
:1043EA000000A3074F940000E7474000E64F400053
:1043FA00A3070F40000080072100BFFFCC674006DB
:10440A002000A30709400000E83F2000E937200008
:10441A00A30749940000A307C9830000A3074973AF
:10442A000000A307C9620000A30749520000A307BE
:10443A00C9410000A30749310000232F11002317A7
:10444A000D00230F0900231E4C00E0074801231E1C
:10445A00B4FF630F090063170D00632F1100A30750
:10446A004F310000A307CF410000A3074F520000BD
:10447A00A307CF620000A3074F730000A307CF83EF
:10448A000000A3074F940000E7474000E64F4000B2
:10449A00A3070F40000080072100BFFF2C674006DA
:1044AA002000A30709400000E83F2000E937200068
:1044BA00A30749940000A307C9830000A30749730F
:1044CA000000A307C9620000A30749520000A3071E
:1044DA00C9410000A30749310000232F1100231707
:1044EA000D00230F0900231E4C00E0074801231E7C
:1044FA00B4FF630F090063170D00632F1100A307B0
:10450A004F310000A307CF410000A3074F5200001C
:10451A00A307CF620000A3074F730000A307CF834E
:10452A000000A3074F940000E7474000E64F400011
:10453A00A3070F40000080072100BFFF8C664006DA
:10454A002000A30709400000E83F2000E9372000C7
:10455A00A30749940000A307C9830000A30749736E
:10456A000000A307C9620000A30749520000A3077D
:10457A00C9410000A30749310000232F1100231766
:10458A000D00230F0900231E4C00E0074801231EDB
:10459A00B4FF630F090063170D00632F1100A3070F
:1045AA004F310000A307CF410000A3074F5200007C
:1045BA00A307CF620000A3074F730000A307CF83AE
:1045CA000000A3074F940000E7474000E64F400071
:1045DA00A3070F40000080072100BFFFEC654006DB
:1045EA002000A30709400000E83F2000E937200027
:1045FA00A30749940000A307C9830000A3074973CE
:10460A000000A307C9620000A30749520000A307DC
:10461A00C9410000A30749310000232F11002317C5
:10462A000D00230F0900231E4C00E0074801231E3A
:10463A00B4FF630F090063170D00632F1100A3076E
:10464A004F310000A307CF410000A3074F520000DB
:10465A00A307CF620000A3074F730000A307CF830D
:10466A000000A3074F940000E7474000E64F4000D0
:10467A00A3070F40000080072100BFFF4C654006DA
:10468A002000A30709400000E83F2000E937200086
:10469A00A30749940000A307C9830000A30749732D
:1046AA000000A307C9620000A30749520000A3073C
:1046BA00C9410000A30749310000232F1100231725
:1046CA000D00230F0900231E4C00E0074801231E9A
:1046DA00B4FF630F090063170D00632F1100A307CE
:1046EA004F310000A307CF410000A3074F5200003B
:1046FA00A307CF620000A3074F730000A307CF836D
:10470A000000A3074F940000E7474000E64F40002F
:10471A00A3070F40000080072100BFFFAC644006DA
:10472A002000A30709400000E83F2000E9372000E5
:10473A00A30749940000A307C9830000A30749738C
:10474A000000A307C9620000A30749520000A3079B
:10475A00C9410000A30749310000232F1100231784
:10476A000D00230F0900231E4C00E0074801231EF9
:10477A00B4FF630F090063170D00632F1100A3072D
:10478A004F310000A307CF410000A3074F5200009A
:10479A00A307CF620000A3074F730000A307CF83CC
:1047AA000000A3074F940000E7474000E64F40008F
:1047BA00A3070F40000080072100BFFF0C644006DA
:1047CA002000A30709400000E83F2000E937200045
:1047DA00A30749940000A307C9830000A3074973EC
:1047EA000000A307C9620000A30749520000A307FB
:1047FA00C9410000A30749310000232F11002317E4
:10480A000D00230F0900231E4C00E0074801231E58
:10481A00B4FF630F090063170D00632F1100A3078C
:10482A004F310000A307CF410000A3074F520000F9
:10483A00A307CF620000A3074F730000A307CF832B
:10484A000000A3074F940000E7474000E64F4000EE
:10485A00A3070F40000080072100BFFF6C634006DA
:10486A002000A30709400000E83F2000E9372000A4
:10487A00A30749940000A307C9830000A30749734B
:10488A000000A307C9620000A30749520000A3075A
:10489A00C9410000A30749310000232F1100231743
:1048AA000D00230F0900231E4C00E0074801231EB8
:1048BA00B4FF630F090063170D00632F1100A307EC
:1048CA004F310000A307CF410000A3074F52000059
:1048DA00A307CF620000A3074F730000A307CF838B
:1048EA000000A3074F940000E7474000E64F40004E
:1048FA00A3070F40000080072100BFFFCC624006DB
:10490A002000A30709400000E83F2000E937200003
:10491A00A30749940000A307C9830000A3074973AA
:10492A000000A307C9620000A30749520000A307B9
:10493A00C9410000A30749310000232F11002317A2
:10494A000D00230F0900231E4C00E0074801231E17
:10495A00B4FF630F090063170D00632F1100A3074B
:10496A004F310000A307CF410000A3074F520000B8
:10497A00A307CF620000A3074F730000A307CF83EA
:10498A000000A3074F940000E7474000E64F4000AD
:10499A00A3070F40000080072100BFFF2C624006DA
:1049AA002000A30709400000E83F2000E937200063
:1049BA00A30749940000A307C9830000A30749730A
:1049CA000000A307C9620000A30749520000A30719
:1049DA00C9410000A30749310000232F1100231702
:1049EA000D00230F0900231E4C00E0074801231E77
:1049FA00B4FF630F090063170D00632F1100A307AB
:104A0A004F310000A307CF410000A3074F52000017
:104A1A00A307CF620000A3074F730000A307CF8349
:104A2A000000A3074F940000E7474000E64F40000C
:104A3A00A3070F40000080072100BFFF8C614006DA
:104A4A002000A30709400000E83F2000E9372000C2
:104A5A00A30749940000A307C9830000A307497369
:104A6A000000A307C9620000A30749520000A30778
:104A7A00C9410000A30749310000232F1100231761
:104A8A000D00230F0900231E4C00E0074801231ED6
:104A9A00B4FF630F090063170D00632F1100A3070A
:104AAA004F310000A307CF410000A3074F52000077
:104ABA00A307CF620000A3074F730000A307CF83A9
:104ACA000000A3074F940000E7474000E64F40006C
:104ADA00A3070F40000080072100BFFFEC604006DB
:104AEA002000A30709400000E83F2000E937200022
:104AFA00A30749940000A307C9830000A3074973C9
:104B0A000000A307C9620000A30749520000A307D7
:104B1A00C9410000A30749310000232F11002317C0
:104B2A000D00230F0900231E4C00E0074801231E35
:104B3A00B4FF630F090063170D00632F1100A30769
:104B4A004F310000A307CF410000A3074F520000D6
:104B5A00A307CF620000A3074F730000A307CF8308
:104B6A000000A3074F940000E7474000E64F4000CB
:104B7A00A3070F40000080072100BFFF4C604006DA
:104B8A002000A30709400000E83F2000E937200081
:104B9A00A30749940000A307C9830000A307497328
:104BAA000000A307C9620000A30749520000A30737
:104BBA00C9410000A30749310000232F1100231720
:104BCA000D00230F0900231E4C00E0074801231E95
:104BDA00B4FF630F090063170D00632F1100A307C9
:104BEA004F310000A307CF410000A3074F52000036
:104BFA00A307CF620000A3074F730000A307CF8368
:104C0A000000A3074F940000E7474000E64F40002A
:104C1A00A3070F40000080072100BFFFAC5F4006DA
:104C2A002000A30709400000E83F2000E9372000E0
:104C3A00A30749940000A307C9830000A307497387
:104C4A000000A307C9620000A30749520000A30796
:104C5A00C9410000A30749310000232F110023177F
:104C6A000D00230F0900231E4C00E0074801231EF4
:104C7A00B4FF630F090063170D00632F1100A30728
:104C8A004F310000A307CF410000A3074F52000095
:104C9A00A307CF620000A3074F730000A307CF83C7
:104CAA000000A3074F940000E7474000E64F40008A
:104CBA00A3070F40000080072100BFFF0C5F4006DA
:104CCA002000A30709400000E83F2000E937200040
:104CDA00A30749940000A307C9830000A3074973E7
:104CEA000000A307C9620000A30749520000A307F6
:104CFA00C9410000A30749310000232F11002317DF
:104D0A000D00230F0900231E4C00E0074801231E53
:104D1A00B4FF630F090063170D00632F1100A30787
:104D2A004F310000A307CF410000A3074F520000F4
:104D3A00A307CF620000A3074F730000A307CF8326
:104D4A000000A3074F940000E7474000E64F4000E9
:104D5A00A3070F40000080072100BFFF6C5E4006DA
:104D6A002000A30709400000E83F2000E93720009F
:104D7A00A30749940000A307C9830000A307497346
:104D8A000000A307C9620000A30749520000A30755
:104D9A00C9410000A30749310000232F110023173E
:104DAA000D00230F0900231E4C00E0074801231EB3
:104DBA00B4FF630F090063170D00632F1100A307E7
:104DCA004F310000A307CF410000A3074F52000054
:104DDA00A307CF620000A3074F730000A307CF8386
:104DEA000000A3074F940000E7474000E64F400049
:104DFA00A3070F40000080072100BFFFCC5D4006DB
:104E0A002000A30709400000E83F2000E9372000FE
:104E1A00A30749940000A307C9830000A3074973A5
:104E2A000000A307C9620000A30749520000A307B4
:104E3A00C9410000A30749310000232F110023179D
:104E4A000D00230F0900231E4C00E0074801231E12
:104E5A00B4FF630F090063170D00632F1100A30746
:104E6A004F310000A307CF410000A3074F520000B3
:104E7A00A307CF620000A3074F730000A307CF83E5
:104E8A000000A3074F940000E7474000E64F4000A8
:104E9A00A3070F40000080072100BFFF2C5D4006DA
:104EAA002000A30709400000E83F2000E93720005E
:104EBA00A30749940000A307C9830000A307497305
:104ECA000000A307C9620000A30749520000A30714
:104EDA00C9410000A30749310000232F11002317FD
:104EEA000D00230F0900231E4C00E0074801231E72
:104EFA00B4FF630F090063170D00632F1100A307A6
:104F0A004F310000A307CF410000A3074F52000012
:104F1A00A307CF620000A3074F730000A307CF8344
:104F2A000000A3074F940000E7474000E64F400007
:104F3A00A3070F40000080072100BFFF8C5C4006DA
:104F4A002000A30709400000E83F2000E9372000BD
:104F5A00A30749940000A307C9830000A307497364
:104F6A000000A307C9620000A30749520000A30773
:104F7A00C9410000A30749310000232F110023175C
:104F8A000D00230F0900231E4C00E0074801231ED1
:104F9A00B4FF630F090063170D00632F1100A30705
:104FAA004F310000A307CF410000A3074F52000072
:104FBA00A307CF620000A3074F730000A307CF83A4
:104FCA000000A3074F940000E7474000E64F400067
:104FDA00A3070F40000080072100BFFFEC5B4006DB
:104FEA002000A30709400000E83F2000E93720001D
:104FFA00A30749940000A307C9830000A3074973C4
:10500A000000A307C9620000A30749520000A307D2
:10501A00C9410000A30749310000232F11002317BB
:10502A000D00230F0900231E4C00E0074801231E30
:10503A00B4FF630F090063170D00632F1100A30764
:10504A004F310000A307CF410000A3074F520000D1
:10505A00A307CF620000A3074F730000A307CF8303
:10506A000000A3074F940000E7474000E64F4000C6
:10507A00A3070F40000080072100BFFF4C5B4006DA
:10508A002000A30709400000E83F2000E93720007C
:10509A00A30749940000A307C9830000A307497323
:1050AA000000A307C9620000A30749520000A30732
:1050BA00C9410000A30749310000232F110023171B
:1050CA000D00230F0900231E4C00E0074801231E90
:1050DA00B4FF630F090063170D00632F1100A307C4
:1050EA004F310000A307CF410000A3074F52000031
:1050FA00A307CF620000A3074F730000A307CF8363
:10510A000000A3074F940000E7474000E64F400025
:10511A00A3070F40000080072100BFFFAC5A4006DA
:10512A002000A30709400000E83F2000E9372000DB
:10513A00A30749940000A307C9830000A307497382
:10514A000000A307C9620000A30749520000A30791
:10515A00C9410000A30749310000232F110023177A
:10516A000D00230F0900231E4C00E0074801231EEF
:10517A00B4FF630F090063170D00632F1100A30723
:10518A004F310000A307CF410000A3074F52000090
:10519A00A307CF620000A3074F730000A307CF83C2
:1051AA000000A3074F940000E7474000E64F400085
:1051BA00A3070F40000080072100BFFF0C5A4006DA
:1051CA002000A30709400000E83F2000E93720003B
:1051DA00A30749940000A307C9830000A3074973E2
:1051EA000000A307C9620000A30749520000A307F1
:1051FA00C9410000A30749310000232F11002317DA
:10520A000D00230F0900231E4C00E0074801231E4E
:10521A00B4FF630F090063170D00632F1100A30782
:10522A004F310000A307CF410000A3074F520000EF
:10523A00A307CF620000A3074F730000A307CF8321
:10524A000000A3074F940000E7474000E64F4000E4
:10525A00A3070F40000080072100BFFF6C594006DA
:10526A002000A30709400000E83F2000E93720009A
:10527A00A30749940000A307C9830000A307497341
:10528A000000A307C9620000A30749520000A30750
:10529A00C9410000A30749310000232F1100231739
:1052AA000D00230F0900231E4C00E0074801231EAE
:1052BA00B4FF630F090063170D00632F1100A307E2
:1052CA004F310000A307CF410000A3074F5200004F
:1052DA00A307CF620000A3074F730000A307CF8381
:1052EA000000A3074F940000E7474000E64F400044
:1052FA00A3070F40000080072100BFFFCC584006DB
:10530A002000A30709400000E83F2000E9372000F9
:10531A00A30749940000A307C9830000A3074973A0
:10532A000000A307C9620000A30749520000A307AF
:10533A00C9410000A30749310000232F1100231798
:10534A000D00230F0900231E4C00E0074801231E0D
:10535A00B4FF630F090063170D00632F1100A30741
:10536A004F310000A307CF410000A3074F520000AE
:10537A00A307CF620000A3074F730000A307CF83E0
:10538A000000A3074F940000E7474000E64F4000A3
:10539A00A3070F40000080072100BFFF2C584006DA
:1053AA002000A30709400000E83F2000E937200059
:1053BA00A30749940000A307C9830000A307497300
:1053CA000000A307C9620000A30749520000A3070F
:1053DA00C9410000A30749310000232F11002317F8
:1053EA000D00230F0900231E4C00E0074801231E6D
:1053FA00B4FF630F090063170D00632F1100A307A1
:10540A004F310000A307CF410000A3074F5200000D
:10541A00A307CF620000A3074F730000A307CF833F
:10542A000000A3074F940000E7474000E64F400002
:10543A00A3070F40000080072100BFFF8C574006DA
:10544A002000A30709400000E83F2000E9372000B8
:10545A00A30749940000A307C9830000A30749735F
:10546A000000A307C9620000A30749520000A3076E
:10547A00C9410000A30749310000232F1100231757
:10548A000D00230F0900231E4C00E0074801231ECC
:10549A00B4FF630F090063170D00632F1100A30700
:1054AA004F310000A307CF410000A3074F5200006D
:1054BA00A307CF620000A3074F730000A307CF839F
:1054CA000000A3074F940000E7474000E64F400062
:1054DA00A3070F40000080072100BFFFEC564006DB
:1054EA002000A30709400000E83F2000E937200018
:1054FA00A30749940000A307C9830000A3074973BF
:10550A000000A307C9620000A30749520000A307CD
:10551A00C9410000A30749310000232F11002317B6
:10552A000D00230F0900231E4C00E0074801231E2B
:10553A00B4FF630F090063170D00632F1100A3075F
:10554A004F310000A307CF410000A3074F520000CC
:10555A00A307CF620000A3074F730000A307CF83FE
:10556A000000A3074F940000E7474000E64F4000C1
:10557A00A3070F40000080072100BFFF4C564006DA
:10558A002000A30709400000E83F2000E937200077
:10559A00A30749940000A307C9830000A30749731E
:1055AA000000A307C9620000A30749520000A3072D
:1055BA00C9410000A30749310000232F1100231716
:1055CA000D00230F0900231E4C00E0074801231E8B
:1055DA00B4FF630F090063170D00632F1100A307BF
:1055EA004F310000A307CF410000A3074F5200002C
:1055FA00A307CF620000A3074F730000A307CF835E
:10560A000000A3074F940000E7474000E64F400020
:10561A00A3070F40000080072100BFFFAC554006DA
:10562A002000A30709400000E83F2000E9372000D6
:10563A00A30749940000A307C9830000A30749737D
:10564A000000A307C9620000A30749520000A3078C
:10565A00C9410000A30749310000232F1100231775
:10566A000D00230F0900231E4C00E0074801231EEA
:10567A00B4FF630F090063170D00632F1100A3071E
:10568A004F310000A307CF410000A3074F5200008B
:10569A00A307CF620000A3074F730000A307CF83BD
:1056AA000000A3074F940000E7474000E64F400080
:1056BA00A3070F40000080072100BFFF0C554006DA
:1056CA002000A30709400000E83F2000E937200036
:1056DA00A30749940000A307C9830000A3074973DD
:1056EA000000A307C9620000A30749520000A307EC
:1056FA00C9410000A30749310000232F11002317D5
:10570A000D00230F0900231E4C00E0074801231E49
:10571A00B4FF630F090063170D00632F1100A3077D
:10572A004F310000A307CF410000A3074F520000EA
:10573A00A307CF620000A3074F730000A307CF831C
:10574A000000A3074F940000E7474000E64F4000DF
:10575A00A3070F40000080072100BFFF6C544006DA
:10576A002000A30709400000E83F2000E937200095
:10577A00A30749940000A307C9830000A30749733C
:10578A000000A307C9620000A30749520000A3074B
:10579A00C9410000A30749310000232F1100231734
:1057AA000D00230F0900231E4C00E0074801231EA9
:1057BA00B4FF630F090063170D00632F1100A307DD
:1057CA004F310000A307CF410000A3074F5200004A
:1057DA00A307CF620000A3074F730000A307CF837C
:1057EA000000A3074F940000E7474000E64F40003F
:1057FA00A3070F40000080072100BFFFCC534006DB
:10580A002000A30709400000E83F2000E9372000F4
:10581A00A30749940000A307C9830000A30749739B
:10582A000000A307C9620000A30749520000A307AA
:10583A00C9410000A30749310000232F1100231793
:10584A000D00230F0900231E4C00E0074801231E08
:10585A00B4FF630F090063170D00632F1100A3073C
:10586A004F310000A307CF410000A3074F520000A9
:10587A00A307CF620000A3074F730000A307CF83DB
:10588A000000A3074F940000E7474000E64F40009E
:10589A00A3070F40000080072100BFFF2C534006DA
:1058AA002000A30709400000E83F2000E937200054
:1058BA00A30749940000A307C9830000A3074973FB
:1058CA000000A307C9620000A30749520000A3070A
:1058DA00C9410000A30749310000232F11002317F3
:1058EA000D00230F0900231E4C00E0074801231E68
:1058FA00B4FF630F090063170D00632F1100A3079C
:10590A004F310000A307CF410000A3074F52000008
:10591A00A307CF620000A3074F730000A307CF833A
:10592A000000A3074F940000E7474000E64F4000FD
:10593A00A3070F40000080072100BFFF8C524006DA
:10594A002000A30709400000E83F2000E9372000B3
:10595A00A30749940000A307C9830000A30749735A
:10596A000000A307C9620000A30749520000A30769
:10597A00C9410000A30749310000232F1100231752
:10598A000D00230F0900231E4C00E0074801231EC7
:10599A00B4FF630F090063170D00632F1100A307FB
:1059AA004F310000A307CF410000A3074F52000068
:1059BA00A307CF620000A3074F730000A307CF839A
:1059CA000000A3074F940000E7474000E64F40005D
:1059DA00A3070F40000080072100BFFFEC514006DB
:1059EA002000A30709400000E83F2000E937200013
:1059FA00A30749940000A307C9830000A3074973BA
:105A0A000000A307C9620000A30749520000A307C8
:105A1A00C9410000A30749310000232F11002317B1
:105A2A000D00230F0900231E4C00E0074801231E26
:105A3A00B4FF630F090063170D00632F1100A3075A
:105A4A004F310000A307CF410000A3074F520000C7
:105A5A00A307CF620000A3074F730000A307CF83F9
:105A6A000000A3074F940000E7474000E64F4000BC
:105A7A00A3070F40000080072100BFFF4C514006DA
:105A8A002000A30709400000E83F2000E937200072
:105A9A00A30749940000A307C9830000A307497319
:105AAA000000A307C9620000A30749520000A30728
:105ABA00C9410000A30749310000232F1100231711
:105ACA000D00230F0900231E4C00E0074801231E86
:105ADA00B4FF630F090063170D00632F1100A307BA
:105AEA004F310000A307CF410000A3074F52000027
:105AFA00A307CF620000A3074F730000A307CF8359
:105B0A000000A3074F940000E7474000E64F40001B
:105B1A00A3070F40000080072100BFFFAC504006DA
:105B2A002000A30709400000E83F2000E9372000D1
:105B3A00A30749940000A307C9830000A307497378
:105B4A000000A307C9620000A30749520000A30787
:105B5A00C9410000A30749310000232F1100231770
:105B6A000D00230F0900231E4C00E0074801231EE5
:105B7A00B4FF630F090063170D00632F1100A30719
:105B8A004F310000A307CF410000A3074F52000086
:105B9A00A307CF620000A3074F730000A307CF83B8
:105BAA000000A3074F940000E7474000E64F40007B
:105BBA00A3070F40000080072100BFFF0C504006DA
:105BCA002000A30709400000E83F2000E937200031
:105BDA00A30749940000A307C9830000A3074973D8
:105BEA000000A307C9620000A30749520000A307E7
:105BFA00C9410000A30749310000232F11002317D0
:105C0A000D00230F0900231E4C00E0074801231E44
:105C1A00B4FF630F090063170D00632F1100A30778
:105C2A004F310000A307CF410000A3074F520000E5
:105C3A00A307CF620000A3074F730000A307CF8317
:105C4A000000A3074F940000E7474000E64F4000DA
:105C5A00A3070F40000080072100BFFF6C4F4006DA
:105C6A002000A30709400000E83F2000E937200090
:105C7A00A30749940000A307C9830000A307497337
:105C8A000000A307C9620000A30749520000A30746
:105C9A00C9410000A30749310000232F110023172F
:105CAA000D00230F0900231E4C00E0074801231EA4
:105CBA00B4FF630F090063170D00632F1100A307D8
:105CCA004F310000A307CF410000A3074F52000045
:105CDA00A307CF620000A3074F730000A307CF8377
:105CEA000000A3074F940000E7474000E64F40003A
:105CFA00A3070F40000080072100BFFFCC4E4006DB
:105D0A002000A30709400000E83F2000E9372000EF
:105D1A00A30749940000A307C9830000A307497396
:105D2A000000A307C9620000A30749520000A307A5
:105D3A00C9410000A30749310000232F110023178E
:105D4A000D00230F0900231E4C00E0074801231E03
:105D5A00B4FF630F090063170D00632F1100A30737
:105D6A004F310000A307CF410000A3074F520000A4
:105D7A00A307CF620000A3074F730000A307CF83D6
:105D8A000000A3074F940000E7474000E64F400099
:105D9A00A3070F40000080072100BFFF2C4E4006DA
:105DAA002000A30709400000E83F2000E93720004F
:105DBA00A30749940000A307C9830000A3074973F6
:105DCA000000A307C9620000A30749520000A30705
:105DDA00C9410000A30749310000232F11002317EE
:105DEA000D00230F0900231E4C00E0074801231E63
:105DFA00B4FF630F090063170D00632F1100A30797
:105E0A004F310000A307CF410000A3074F52000003
:105E1A00A307CF620000A3074F730000A307CF8335
:105E2A000000A3074F940000E7474000E64F4000F8
:105E3A00A3070F40000080072100BFFF8C4D4006DA
:105E4A002000A30709400000E83F2000E9372000AE
:105E5A00A30749940000A307C9830000A307497355
:105E6A000000A307C9620000A30749520000A30764
:105E7A00C9410000A30749310000232F110023174D
:105E8A000D00230F0900231E4C00E0074801231EC2
:105E9A00B4FF630F090063170D00632F1100A307F6
:105EAA004F310000A307CF410000A3074F52000063
:105EBA00A307CF620000A3074F730000A307CF8395
:105ECA000000A3074F940000E7474000E64F400058
:105EDA00A3070F40000080072100BFFFEC4C4006DB
:105EEA002000A30709400000E83F2000E93720000E
:105EFA00A30749940000A307C9830000A3074973B5
:105F0A000000A307C9620000A30749520000A307C3
:105F1A00C9410000A30749310000232F11002317AC
:105F2A000D00230F0900231E4C00E0074801231E21
:105F3A00B4FF630F090063170D00632F1100A30755
:105F4A004F310000A307CF410000A3074F520000C2
:105F5A00A307CF620000A3074F730000A307CF83F4
:105F6A000000A3074F940000E7474000E64F4000B7
:105F7A00A3070F40000080072100BFFF4C4C4006DA
:105F8A002000A30709400000E83F2000E93720006D
:105F9A00A30749940000A307C9830000A307497314
:105FAA000000A307C9620000A30749520000A30723
:105FBA00C9410000A30749310000232F110023170C
:105FCA000D00230F0900231E4C00E0074801231E81
:105FDA00B4FF630F090063170D00632F1100A307B5
:105FEA004F310000A307CF410000A3074F52000022
:105FFA00A307CF620000A3074F730000A307CF8354
:10600A000000A3074F940000E7474000E64F400016
:10601A00A3070F40000080072100BFFFAC4B4006DA
:10602A002000A30709400000E83F2000E9372000CC
:10603A00A30749940000A307C9830000A307497373
:10604A000000A307C9620000A30749520000A30782
:10605A00C9410000A30749310000232F110023176B
:10606A000D00230F0900231E4C00E0074801231EE0
:10607A00B4FF630F090063170D00632F1100A30714
:10608A004F310000A307CF410000A3074F52000081
:10609A00A307CF620000A3074F730000A307CF83B3
:1060AA000000A3074F940000E7474000E64F400076
:1060BA00A3070F40000080072100BFFF0C4B4006DA
:1060CA002000A30709400000E83F2000E93720002C
:1060DA00A30749940000A307C9830000A3074973D3
:1060EA000000A307C9620000A30749520000A307E2
:1060FA00C9410000A30749310000232F11002317CB
:10610A000D00230F0900231E4C00E0074801231E3F
:10611A00B4FF630F090063170D00632F1100A30773
:10612A004F310000A307CF410000A3074F520000E0
:10613A00A307CF620000A3074F730000A307CF8312
:10614A000000A3074F940000E7474000E64F4000D5
:10615A00A3070F40000080072100BFFF6C4A4006DA
:10616A002000A30709400000E83F2000E93720008B
:10617A00A30749940000A307C9830000A307497332
:10618A000000A307C9620000A30749520000A30741
:10619A00C9410000A30749310000232F110023172A
:1061AA000D00230F0900231E4C00E0074801231E9F
:1061BA00B4FF630F090063170D00632F1100A307D3
:1061CA004F310000A307CF410000A3074F52000040
:1061DA00A307CF620000A3074F730000A307CF8372
:1061EA000000A3074F940000E7474000E64F400035
:1061FA00A3070F40000080072100BFFFCC494006DB
:10620A002000A30709400000E83F2000E9372000EA
:10621A00A30749940000A307C9830000A307497391
:10622A000000A307C9620000A30749520000A307A0
:10623A00C9410000A30749310000232F1100231789
:10624A000D00230F0900231E4C00E0074801231EFE
:10625A00B4FF630F090063170D00632F1100A30732
:10626A004F310000A307CF410000A3074F5200009F
:10627A00A307CF620000A3074F730000A307CF83D1
:10628A000000A3074F940000E7474000E64F400094
:10629A00A3070F40000080072100BFFF2C494006DA
:1062AA002000A30709400000E83F2000E93720004A
:1062BA00A30749940000A307C9830000A3074973F1
:1062CA000000A307C9620000A30749520000A30700
:1062DA00C9410000A30749310000232F11002317E9
:1062EA000D00230F0900231E4C00E0074801231E5E
:1062FA00B4FF630F090063170D00632F1100A30792
:10630A004F310000A307CF410000A3074F520000FE
:10631A00A307CF620000A3074F730000A307CF8330
:10632A000000A3074F940000E7474000E64F4000F3
:10633A00A3070F40000080072100BFFF8C484006DA
:10634A002000A30709400000E83F2000E9372000A9
:10635A00A30749940000A307C9830000A307497350
:10636A000000A307C9620000A30749520000A3075F
:10637A00C9410000A30749310000232F1100231748
:10638A000D00230F0900231E4C00E0074801231EBD
:10639A00B4FF630F090063170D00632F1100A307F1
:1063AA004F310000A307CF410000A3074F5200005E
:1063BA00A307CF620000A3074F730000A307CF8390
:1063CA000000A3074F940000E7474000E64F400053
:1063DA00A3070F40000080072100BFFFEC474006DB
:1063EA002000A30709400000E83F2000E937200009
:1063FA00A30749940000A307C9830000A3074973B0
:10640A000000A307C9620000A30749520000A307BE
:10641A00C9410000A30749310000232F11002317A7
:10642A000D00230F0900231E4C00E0074801231E1C
:10643A00B4FF630F090063170D00632F1100A30750
:10644A004F310000A307CF410000A3074F520000BD
:10645A00A307CF620000A3074F730000A307CF83EF
:10646A000000A3074F940000E7474000E64F4000B2
:10647A00A3070F40000080072100BFFF4C474006DA
:10648A002000A30709400000E83F2000E937200068
:10649A00A30749940000A307C9830000A30749730F
:1064AA000000A307C9620000A30749520000A3071E
:1064BA00C9410000A30749310000232F1100231707
:1064CA000D00230F0900231E4C00E0074801231E7C
:1064DA00B4FF630F090063170D00632F1100A307B0
:1064EA004F310000A307CF410000A3074F5200001D
:1064FA00A307CF620000A3074F730000A307CF834F
:10650A000000A3074F940000E7474000E64F400011
:10651A00A3070F40000080072100BFFFAC464006DA
:10652A002000A30709400000E83F2000E9372000C7
:10653A00A30749940000A307C9830000A30749736E
:10654A000000A307C9620000A30749520000A3077D
:10655A00C9410000A30749310000232F1100231766
:10656A000D00230F0900231E4C00E0074801231EDB
:10657A00B4FF630F090063170D00632F1100A3070F
:10658A004F310000A307CF410000A3074F5200007C
:10659A00A307CF620000A3074F730000A307CF83AE
:1065AA000000A3074F940000E7474000E64F400071
:1065BA00A3070F40000080072100BFFF0C464006DA
:1065CA002000A30709400000E83F2000E937200027
:1065DA00A30749940000A307C9830000A3074973CE
:1065EA000000A307C9620000A30749520000A307DD
:1065FA00C9410000A30749310000232F11002317C6
:10660A000D00230F0900231E4C00E0074801231E3A
:10661A00B4FF630F090063170D00632F1100A3076E
:10662A004F310000A307CF410000A3074F520000DB
:10663A00A307CF620000A3074F730000A307CF830D
:10664A000000A3074F940000E7474000E64F4000D0
:10665A00A3070F40000080072100BFFF6C454006DA
:10666A002000A30709400000E83F2000E937200086
:10667A00A30749940000A307C9830000A30749732D
:10668A000000A307C9620000A30749520000A3073C
:10669A00C9410000A30749310000232F1100231725
:1066AA000D00230F0900231E4C00E0074801231E9A
:1066BA00B4FF630F090063170D00632F1100A307CE
:1066CA004F310000A307CF410000A3074F5200003B
:1066DA00A307CF620000A3074F730000A307CF836D
:1066EA000000A3074F940000E7474000E64F400030
:1066FA00A3070F40000080072100BFFFCC444006DB
:10670A002000A30709400000E83F2000E9372000E5
:10671A00A30749940000A307C9830000A30749738C
:10672A000000A307C9620000A30749520000A3079B
:10673A00C9410000A30749310000232F1100231784
:10674A000D00230F0900231E4C00E0074801231EF9
:10675A00B4FF630F090063170D00632F1100A3072D
:10676A004F310000A307CF410000A3074F5200009A
:10677A00A307CF620000A3074F730000A307CF83CC
:10678A000000A3074F940000E7474000E64F40008F
:10679A00A3070F40000080072100BFFF2C444006DA
:1067AA002000A30709400000E83F2000E937200045
:1067BA00A30749940000A307C9830000A3074973EC
:1067CA000000A307C9620000A30749520000A307FB
:1067DA00C9410000A30749310000232F11002317E4
:1067EA000D00230F0900231E4C00E0074801231E59
:1067FA00B4FF630F090063170D00632F1100A3078D
:10680A004F310000A307CF410000A3074F520000F9
:10681A00A307CF620000A3074F730000A307CF832B
:10682A000000A3074F940000E7474000E64F4000EE
:10683A00A3070F40000080072100BFFF8C434006DA
:10684A002000A30709400000E83F2000E9372000A4
:10685A00A30749940000A307C9830000A30749734B
:10686A000000A307C9620000A30749520000A3075A
:10687A00C9410000A30749310000232F1100231743
:10688A000D00230F0900231E4C00E0074801231EB8
:10689A00B4FF630F090063170D00632F1100A307EC
:1068AA004F310000A307CF410000A3074F52000059
:1068BA00A307CF620000A3074F730000A307CF838B
:1068CA000000A3074F940000E7474000E64F40004E
:1068DA00A3070F40000080072100BFFFEC424006DB
:1068EA002000A30709400000E83F2000E937200004
:1068FA00A30749940000A307C9830000A3074973AB
:10690A000000A307C9620000A30749520000A307B9
:10691A00C9410000A30749310000232F11002317A2
:10692A000D00230F0900231E4C00E0074801231E17
:10693A00B4FF630F090063170D00632F1100A3074B
:10694A004F310000A307CF410000A3074F520000B8
:10695A00A307CF620000A3074F730000A307CF83EA
:10696A000000A3074F940000E7474000E64F4000AD
:10697A00A3070F40000080072100BFFF4C424006DA
:10698A002000A30709400000E83F2000E937200063
:10699A00A30749940000A307C9830000A30749730A
:1069AA000000A307C9620000A30749520000A30719
:1069BA00C9410000A30749310000232F1100231702
:1069CA000D00230F0900231E4C00E0074801231E77
:1069DA00B4FF630F090063170D00632F1100A307AB
:1069EA004F310000A307CF410000A3074F52000018
:1069FA00A307CF620000A3074F730000A307CF834A
:106A0A000000A3074F940000E7474000E64F40000C
:106A1A00A3070F40000080072100BFFFAC414006DA
:106A2A002000A30709400000E83F2000E9372000C2
:106A3A00A30749940000A307C9830000A307497369
:106A4A000000A307C9620000A30749520000A30778
:106A5A00C9410000A30749310000232F1100231761
:106A6A000D00230F0900231E4C00E0074801231ED6
:106A7A00B4FF630F090063170D00632F1100A3070A
:106A8A004F310000A307CF410000A3074F52000077
:106A9A00A307CF620000A3074F730000A307CF83A9
:106AAA000000A3074F940000E7474000E64F40006C
:106ABA00A3070F40000080072100BFFF0C414006DA
:106ACA002000A30709400000E83F2000E937200022
:106ADA00A30749940000A307C9830000A3074973C9
:106AEA000000A307C9620000A30749520000A307D8
:106AFA00C9410000A30749310000232F11002317C1
:106B0A000D00230F0900231E4C00E0074801231E35
:106B1A00B4FF630F090063170D00632F1100A30769
:106B2A004F310000A307CF410000A3074F520000D6
:106B3A00A307CF620000A3074F730000A307CF8308
:106B4A000000A3074F940000E7474000E64F4000CB
:106B5A00A3070F40000080072100BFFF6C404006DA
:106B6A002000A30709400000E83F2000E937200081
:106B7A00A30749940000A307C9830000A307497328
:106B8A000000A307C9620000A30749520000A30737
:106B9A00C9410000A30749310000232F1100231720
:106BAA000D00230F0900231E4C00E0074801231E95
:106BBA00B4FF630F090063170D00632F1100A307C9
:106BCA004F310000A307CF410000A3074F52000036
:106BDA00A307CF620000A3074F730000A307CF8368
:106BEA000000A3074F940000E7474000E64F40002B
:106BFA00A3070F40000080072100BFFFCC3F4006DB
:106C0A002000A30709400000E83F2000E9372000E0
:106C1A00A30749940000A307C9830000A307497387
:106C2A000000A307C9620000A30749520000A30796
:106C3A00C9410000A30749310000232F110023177F
:106C4A000D00230F0900231E4C00E0074801231EF4
:106C5A00B4FF630F090063170D00632F1100A30728
:106C6A004F310000A307CF410000A3074F52000095
:106C7A00A307CF620000A3074F730000A307CF83C7
:106C8A000000A3074F940000E7474000E64F40008A
:106C9A00A3070F40000080072100BFFF2C3F4006DA
:106CAA002000A30709400000E83F2000E937200040
:106CBA00A30749940000A307C9830000A3074973E7
:106CCA000000A307C9620000A30749520000A307F6
:106CDA00C9410000A30749310000232F11002317DF
:106CEA000D00230F0900231E4C00E0074801231E54
:106CFA00B4FF630F090063170D00632F1100A30788
:106D0A004F310000A307CF410000A3074F520000F4
:106D1A00A307CF620000A3074F730000A307CF8326
:106D2A000000A3074F940000E7474000E64F4000E9
:106D3A00A3070F40000080072100BFFF8C3E4006DA
:106D4A002000A30709400000E83F2000E93720009F
:106D5A00A30749940000A307C9830000A307497346
:106D6A000000A307C9620000A30749520000A30755
:106D7A00C9410000A30749310000232F110023173E
:106D8A000D00230F0900231E4C00E0074801231EB3
:106D9A00B4FF630F090063170D00632F1100A307E7
:106DAA004F310000A307CF410000A3074F52000054
:106DBA00A307CF620000A3074F730000A307CF8386
:106DCA000000A3074F940000E7474000E64F400049
:106DDA00A3070F40000080072100BFFFEC3D4006DB
:106DEA002000A30709400000E83F2000E9372000FF
:106DFA00A30749940000A307C9830000A3074973A6
:106E0A000000A307C9620000A30749520000A307B4
:106E1A00C9410000A30749310000232F110023179D
:106E2A000D00230F0900231E4C00E0074801231E12
:106E3A00B4FF630F090063170D00632F1100A30746
:106E4A004F310000A307CF410000A3074F520000B3
:106E5A00A307CF620000A3074F730000A307CF83E5
:106E6A000000A3074F940000E7474000E64F4000A8
:106E7A00A3070F40000080072100BFFF4C3D4006DA
:106E8A002000A30709400000E83F2000E93720005E
:106E9A00A30749940000A307C9830000A307497305
:106EAA000000A307C9620000A30749520000A30714
:106EBA00C9410000A30749310000232F11002317FD
:106ECA000D00230F0900231E4C00E0074801231E72
:106EDA00B4FF630F090063170D00632F1100A307A6
:106EEA004F310000A307CF410000A3074F52000013
:106EFA00A307CF620000A3074F730000A307CF8345
:106F0A000000A3074F940000E7474000E64F400007
:106F1A00A3070F40000080072100BFFFAC3C4006DA
:106F2A002000A30709400000E83F2000E9372000BD
:106F3A00A30749940000A307C9830000A307497364
:106F4A000000A307C9620000A30749520000A30773
:106F5A00C9410000A30749310000232F110023175C
:106F6A000D00230F0900231E4C00E0074801231ED1
:106F7A00B4FF630F090063170D00632F1100A30705
:106F8A004F310000A307CF410000A3074F52000072
:106F9A00A307CF620000A3074F730000A307CF83A4
:106FAA000000A3074F940000E7474000E64F400067
:106FBA00A3070F40000080072100BFFF0C3C4006DA
:106FCA002000A30709400000E83F2000E93720001D
:106FDA00A30749940000A307C9830000A3074973C4
:106FEA000000A307C9620000A30749520000A307D3
:106FFA00C9410000A30749310000232F11002317BC
:10700A000D00230F0900231E4C00E0074801231E30
:10701A00B4FF630F090063170D00632F1100A30764
:10702A004F310000A307CF410000A3074F520000D1
:10703A00A307CF620000A3074F730000A307CF8303
:10704A000000A3074F940000E7474000E64F4000C6
:10705A00A3070F40000080072100BFFF6C3B4006DA
:10706A002000A30709400000E83F2000E93720007C
:10707A00A30749940000A307C9830000A307497323
:10708A000000A307C9620000A30749520000A30732
:10709A00C9410000A30749310000232F110023171B
:1070AA000D00230F0900231E4C00E0074801231E90
:1070BA00B4FF630F090063170D00632F1100A307C4
:1070CA004F310000A307CF410000A3074F52000031
:1070DA00A307CF620000A3074F730000A307CF8363
:1070EA000000A3074F940000E7474000E64F400026
:1070FA00A3070F40000080072100BFFFCC3A4006DB
:10710A002000A30709400000E83F2000E9372000DB
:10711A00A30749940000A307C9830000A307497382
:10712A000000A307C9620000A30749520000A30791
:10713A00C9410000A30749310000232F110023177A
:10714A000D00230F0900231E4C00E0074801231EEF
:10715A00B4FF630F090063170D00632F1100A30723
:10716A004F310000A307CF410000A3074F52000090
:10717A00A307CF620000A3074F730000A307CF83C2
:10718A000000A3074F940000E7474000E64F400085
:10719A00A3070F40000080072100BFFF2C3A4006DA
:1071AA002000A30709400000E83F2000E93720003B
:1071BA00A30749940000A307C9830000A3074973E2
:1071CA000000A307C9620000A30749520000A307F1
:1071DA00C9410000A30749310000232F11002317DA
:1071EA000D00230F0900231E4C00E0074801231E4F
:1071FA00B4FF630F090063170D00632F1100A30783
:10720A004F310000A307CF410000A3074F520000EF
:10721A00A307CF620000A3074F730000A307CF8321
:10722A000000A3074F940000E7474000E64F4000E4
:10723A00A3070F40000080072100BFFF8C394006DA
:10724A002000A30709400000E83F2000E93720009A
:10725A00A30749940000A307C9830000A307497341
:10726A000000A307C9620000A30749520000A30750
:10727A00C9410000A30749310000232F1100231739
:10728A000D00230F0900231E4C00E0074801231EAE
:10729A00B4FF630F090063170D00632F1100A307E2
:1072AA004F310000A307CF410000A3074F5200004F
:1072BA00A307CF620000A3074F730000A307CF8381
:1072CA000000A3074F940000E7474000E64F400044
:1072DA00A3070F40000080072100BFFFEC384006DB
:1072EA002000A30709400000E83F2000E9372000FA
:1072FA00A30749940000A307C9830000A3074973A1
:10730A000000A307C9620000A30749520000A307AF
:10731A00C9410000A30749310000232F1100231798
:10732A000D00230F0900231E4C00E0074801231E0D
:10733A00B4FF630F090063170D00632F1100A30741
:10734A004F310000A307CF410000A3074F520000AE
:10735A00A307CF620000A3074F730000A307CF83E0
:10736A000000A3074F940000E7474000E64F4000A3
:10737A00A3070F40000080072100BFFF4C384006DA
:10738A002000A30709400000E83F2000E937200059
:10739A00A30749940000A307C9830000A307497300
:1073AA000000A307C9620000A30749520000A3070F
:1073BA00C9410000A30749310000232F11002317F8
:1073CA000D00230F0900231E4C00E0074801231E6D
:1073DA00B4FF630F090063170D00632F1100A307A1
:1073EA004F310000A307CF410000A3074F5200000E
:1073FA00A307CF620000A3074F730000A307CF8340
:10740A000000A3074F940000E7474000E64F400002
:10741A00A3070F40000080072100BFFFAC374006DA
:10742A002000A30709400000E83F2000E9372000B8
:10743A00A30749940000A307C9830000A30749735F
:10744A000000A307C9620000A30749520000A3076E
:10745A00C9410000A30749310000232F1100231757
:10746A000D00230F0900231E4C00E0074801231ECC
:10747A00B4FF630F090063170D00632F1100A30700
:10748A004F310000A307CF410000A3074F5200006D
:10749A00A307CF620000A3074F730000A307CF839F
:1074AA000000A3074F940000E7474000E64F400062
:1074BA00A3070F40000080072100BFFF0C374006DA
:1074CA002000A30709400000E83F2000E937200018
:1074DA00A30749940000A307C9830000A3074973BF
:1074EA000000A307C9620000A30749520000A307CE
:1074FA00C9410000A30749310000232F11002317B7
:10750A000D00230F0900231E4C00E0074801231E2B
:10751A00B4FF630F090063170D00632F1100A3075F
:10752A004F310000A307CF410000A3074F520000CC
:10753A00A307CF620000A3074F730000A307CF83FE
:10754A000000A3074F940000E7474000E64F4000C1
:10755A00A3070F40000080072100BFFF6C364006DA
:10756A002000A30709400000E83F2000E937200077
:10757A00A30749940000A307C9830000A30749731E
:10758A000000A307C9620000A30749520000A3072D
:10759A00C9410000A30749310000232F1100231716
:1075AA000D00230F0900231E4C00E0074801231E8B
:1075BA00B4FF630F090063170D00632F1100A307BF
:1075CA004F310000A307CF410000A3074F5200002C
:1075DA00A307CF620000A3074F730000A307CF835E
:1075EA000000A3074F940000E7474000E64F400021
:1075FA00A3070F40000080072100BFFFCC354006DB
:10760A002000A30709400000E83F2000E9372000D6
:10761A00A30749940000A307C9830000A30749737D
:10762A000000A307C9620000A30749520000A3078C
:10763A00C9410000A30749310000232F1100231775
:10764A000D00230F0900231E4C00E0074801231EEA
:10765A00B4FF630F090063170D00632F1100A3071E
:10766A004F310000A307CF410000A3074F5200008B
:10767A00A307CF620000A3074F730000A307CF83BD
:10768A000000A3074F940000E7474000E64F400080
:10769A00A3070F40000080072100BFFF2C354006DA
:1076AA002000A30709400000E83F2000E937200036
:1076BA00A30749940000A307C9830000A3074973DD
:1076CA000000A307C9620000A30749520000A307EC
:1076DA00C9410000A30749310000232F11002317D5
:1076EA000D00230F0900231E4C00E0074801231E4A
:1076FA00B4FF630F090063170D00632F1100A3077E
:10770A004F310000A307CF410000A3074F520000EA
:10771A00A307CF620000A3074F730000A307CF831C
:10772A000000A3074F940000E7474000E64F4000DF
:10773A00A3070F40000080072100BFFF8C344006DA
:10774A002000A30709400000E83F2000E937200095
:10775A00A30749940000A307C9830000A30749733C
:10776A000000A307C9620000A30749520000A3074B
:10777A00C9410000A30749310000232F1100231734
:10778A000D00230F0900231E4C00E0074801231EA9
:10779A00B4FF630F090063170D00632F1100A307DD
:1077AA004F310000A307CF410000A3074F5200004A
:1077BA00A307CF620000A3074F730000A307CF837C
:1077CA000000A3074F940000E7474000E64F40003F
:1077DA00A3070F40000080072100BFFFEC334006DB
:1077EA002000A30709400000E83F2000E9372000F5
:1077FA00A30749940000A307C9830000A30749739C
:10780A000000A307C9620000A30749520000A307AA
:10781A00C9410000A30749310000232F1100231793
:10782A000D00230F0900231E4C00E0074801231E08
:10783A00B4FF630F090063170D00632F1100A3073C
:10784A004F310000A307CF410000A3074F520000A9
:10785A00A307CF620000A3074F730000A307CF83DB
:10786A000000A3074F940000E7474000E64F40009E
:10787A00A3070F40000080072100BFFF4C334006DA
:10788A002000A30709400000E83F2000E937200054
:10789A00A30749940000A307C9830000A3074973FB
:1078AA000000A307C9620000A30749520000A3070A
:1078BA00C9410000A30749310000232F11002317F3
:1078CA000D00230F0900231E4C00E0074801231E68
:1078DA00B4FF630F090063170D00632F1100A3079C
:1078EA004F310000A307CF410000A3074F52000009
:1078FA00A307CF620000A3074F730000A307CF833B
:10790A000000A3074F940000E7474000E64F4000FD
:10791A00A3070F40000080072100BFFFAC324006DA
:10792A002000A30709400000E83F2000E9372000B3
:10793A00A30749940000A307C9830000A30749735A
:10794A000000A307C9620000A30749520000A30769
:10795A00C9410000A30749310000232F1100231752
:10796A000D00230F0900231E4C00E0074801231EC7
:10797A00B4FF630F090063170D00632F1100A307FB
:10798A004F310000A307CF410000A3074F52000068
:10799A00A307CF620000A3074F730000A307CF839A
:1079AA000000A3074F940000E7474000E64F40005D
:1079BA00A3070F40000080072100BFFF0C324006DA
:1079CA002000A30709400000E83F2000E937200013
:1079DA00A30749940000A307C9830000A3074973BA
:1079EA000000A307C9620000A30749520000A307C9
:1079FA00C9410000A30749310000232F11002317B2
:107A0A000D00230F0900231E4C00E0074801231E26
:107A1A00B4FF630F090063170D00632F1100A3075A
:107A2A004F310000A307CF410000A3074F520000C7
:107A3A00A307CF620000A3074F730000A307CF83F9
:107A4A000000A3074F940000E7474000E64F4000BC
:107A5A00A3070F40000080072100BFFF6C314006DA
:107A6A002000A30709400000E83F2000E937200072
:107A7A00A30749940000A307C9830000A307497319
:107A8A000000A307C9620000A30749520000A30728
:107A9A00C9410000A30749310000232F1100231711
:107AAA000D00230F0900231E4C00E0074801231E86
:107ABA00B4FF630F090063170D00632F1100A307BA
:107ACA004F310000A307CF410000A3074F52000027
:107ADA00A307CF620000A3074F730000A307CF8359
:107AEA000000A3074F940000E7474000E64F40001C
:107AFA00A3070F40000080072100BFFFCC304006DB
:107B0A002000A30709400000E83F2000E9372000D1
:107B1A00A30749940000A307C9830000A307497378
:107B2A000000A307C9620000A30749520000A30787
:107B3A00C9410000A30749310000232F1100231770
:107B4A000D00230F0900231E4C00E0074801231EE5
:107B5A00B4FF630F090063170D00632F1100A30719
:107B6A004F310000A307CF410000A3074F52000086
:107B7A00A307CF620000A3074F730000A307CF83B8
:107B8A000000A3074F940000E7474000E64F40007B
:107B9A00A3070F40000080072100BFFF2C304006DA
:107BAA002000A30709400000E83F2000E937200031
:107BBA00A30749940000A307C9830000A3074973D8
:107BCA000000A307C9620000A30749520000A307E7
:107BDA00C9410000A30749310000232F11002317D0
:107BEA000D00230F0900231E4C00E0074801231E45
:107BFA00B4FF630F090063170D00632F1100A30779
:107C0A004F310000A307CF410000A3074F520000E5
:107C1A00A307CF620000A3074F730000A307CF8317
:107C2A000000A3074F940000E7474000E64F4000DA
:107C3A00A3070F40000080072100BFFF8C2F4006DA
:107C4A002000A30709400000E83F2000E937200090
:107C5A00A30749940000A307C9830000A307497337
:107C6A000000A307C9620000A30749520000A30746
:107C7A00C9410000A30749310000232F110023172F
:107C8A000D00230F0900231E4C00E0074801231EA4
:107C9A00B4FF630F090063170D00632F1100A307D8
:107CAA004F310000A307CF410000A3074F52000045
:107CBA00A307CF620000A3074F730000A307CF8377
:107CCA000000A3074F940000E7474000E64F40003A
:107CDA00A3070F40000080072100BFFFEC2E4006DB
:107CEA002000A30709400000E83F2000E9372000F0
:107CFA00A30749940000A307C9830000A307497397
:107D0A000000A307C9620000A30749520000A307A5
:107D1A00C9410000A30749310000232F110023178E
:107D2A000D00230F0900231E4C00E0074801231E03
:107D3A00B4FF630F090063170D00632F1100A30737
:107D4A004F310000A307CF410000A3074F520000A4
:107D5A00A307CF620000A3074F730000A307CF83D6
:107D6A000000A3074F940000E7474000E64F400099
:107D7A00A3070F40000080072100BFFF4C2E4006DA
:107D8A002000A30709400000E83F2000E93720004F
:107D9A00A30749940000A307C9830000A3074973F6
:107DAA000000A307C9620000A30749520000A30705
:107DBA00C9410000A30749310000232F11002317EE
:107DCA000D00230F0900231E4C00E0074801231E63
:107DDA00B4FF630F090063170D00632F1100A30797
:107DEA004F310000A307CF410000A3074F52000004
:107DFA00A307CF620000A3074F730000A307CF8336
:107E0A000000A3074F940000E7474000E64F4000F8
:107E1A00A3070F40000080072100BFFFAC2D4006DA
:107E2A002000A30709400000E83F2000E9372000AE
:107E3A00A30749940000A307C9830000A307497355
:107E4A000000A307C9620000A30749520000A30764
:107E5A00C9410000A30749310000232F110023174D
:107E6A000D00230F0900231E4C00E0074801231EC2
:107E7A00B4FF630F090063170D00632F1100A307F6
:107E8A004F310000A307CF410000A3074F52000063
:107E9A00A307CF620000A3074F730000A307CF8395
:107EAA000000A3074F940000E7474000E64F400058
:107EBA00A3070F40000080072100BFFF0C2D4006DA
:107ECA002000A30709400000E83F2000E93720000E
:107EDA00A30749940000A307C9830000A3074973B5
:107EEA000000A307C9620000A30749520000A307C4
:107EFA00C9410000A30749310000232F11002317AD
:107F0A000D00230F0900231E4C00E0074801231E21
:107F1A00B4FF630F090063170D00632F1100A30755
:107F2A004F310000A307CF410000A3074F520000C2
:107F3A00A307CF620000A3074F730000A307CF83F4
:107F4A000000A3074F940000E7474000E64F4000B7
:107F5A00A3070F40000080072100BFFF6C2C4006DA
:107F6A002000A30709400000E83F2000E93720006D
:107F7A00A30749940000A307C9830000A307497314
:107F8A000000A307C9620000A30749520000A30723
:107F9A00C9410000A30749310000232F110023170C
:107FAA000D00230F0900231E4C00E0074801231E81
:107FBA00B4FF630F090063170D00632F1100A307B5
:107FCA004F310000A307CF410000A3074F52000022
:107FDA00A307CF620000A3074F730000A307CF8354
:107FEA000000A3074F940000E7474000E64F400017
:107FFA00A3070F40000080072100BFFFCC2B4006DB
:10800A002000A30709400000E83F2000E9372000CC
:10801A00A30749940000A307C9830000A307497373
:10802A000000A307C9620000A30749520000A30782
:10803A00C9410000A30749310000232F110023176B
:10804A000D00230F0900231E4C00E0074801231EE0
:10805A00B4FF630F090063170D00632F1100A30714
:10806A004F310000A307CF410000A3074F52000081
:10807A00A307CF620000A3074F730000A307CF83B3
:10808A000000A3074F940000E7474000E64F400076
:10809A00A3070F40000080072100BFFF2C2B4006DA
:1080AA002000A30709400000E83F2000E93720002C
:1080BA00A30749940000A307C9830000A3074973D3
:1080CA000000A307C9620000A30749520000A307E2
:1080DA00C9410000A30749310000232F11002317CB
:1080EA000D00230F0900231E4C00E0074801231E40
:1080FA00B4FF630F090063170D00632F1100A30774
:10810A004F310000A307CF410000A3074F520000E0
:10811A00A307CF620000A3074F730000A307CF8312
:10812A000000A3074F940000E7474000E64F4000D5
:10813A00A3070F40000080072100BFFF8C2A4006DA
:10814A002000A30709400000E83F2000E93720008B
:10815A00A30749940000A307C9830000A307497332
:10816A000000A307C9620000A30749520000A30741
:10817A00C9410000A30749310000232F110023172A
:10818A000D00230F0900231E4C00E0074801231E9F
:10819A00B4FF630F090063170D00632F1100A307D3
:1081AA004F310000A307CF410000A3074F52000040
:1081BA00A307CF620000A3074F730000A307CF8372
:1081CA000000A3074F940000E7474000E64F400035
:1081DA00A3070F40000080072100BFFFEC294006DB
:1081EA002000A30709400000E83F2000E9372000EB
:1081FA00A30749940000A307C9830000A307497392
:10820A000000A307C9620000A30749520000A307A0
:10821A00C9410000A30749310000232F1100231789
:10822A000D00230F0900231E4C00E0074801231EFE
:10823A00B4FF630F090063170D00632F1100A30732
:10824A004F310000A307CF410000A3074F5200009F
:10825A00A307CF620000A3074F730000A307CF83D1
:10826A000000A3074F940000E7474000E64F400094
:10827A00A3070F40000080072100BFFF4C294006DA
:10828A002000A30709400000E83F2000E93720004A
:10829A00A30749940000A307C9830000A3074973F1
:1082AA000000A307C9620000A30749520000A30700
:1082BA00C9410000A30749310000232F11002317E9
:1082CA000D00230F0900231E4C00E0074801231E5E
:1082DA00B4FF630F090063170D00632F1100A30792
:1082EA004F310000A307CF410000A3074F520000FF
:1082FA00A307CF620000A3074F730000A307CF8331
:10830A000000A3074F940000E7474000E64F4000F3
:10831A00A3070F40000080072100BFFFAC284006DA
:10832A002000A30709400000E83F2000E9372000A9
:10833A00A30749940000A307C9830000A307497350
:10834A000000A307C9620000A30749520000A3075F
:10835A00C9410000A30749310000232F1100231748
:10836A000D00230F0900231E4C00E0074801231EBD
:10837A00B4FF630F090063170D00632F1100A307F1
:10838A004F310000A307CF410000A3074F5200005E
:10839A00A307CF620000A3074F730000A307CF8390
:1083AA000000A3074F940000E7474000E64F400053
:1083BA00A3070F40000080072100BFFF0C284006DA
:1083CA002000A30709400000E83F2000E937200009
:1083DA00A30749940000A307C9830000A3074973B0
:1083EA000000A307C9620000A30749520000A307BF
:1083FA00C9410000A30749310000232F11002317A8
:10840A000D00230F0900231E4C00E0074801231E1C
:10841A00B4FF630F090063170D00632F1100A30750
:10842A004F310000A307CF410000A3074F520000BD
:10843A00A307CF620000A3074F730000A307CF83EF
:10844A000000A3074F940000E7474000E64F4000B2
:10845A00A3070F40000080072100BFFF6C274006DA
:10846A002000A30709400000E83F2000E937200068
:10847A00A30749940000A307C9830000A30749730F
:10848A000000A307C9620000A30749520000A3071E
:10849A00C9410000A30749310000232F1100231707
:1084AA000D00230F0900231E4C00E0074801231E7C
:1084BA00B4FF630F090063170D00632F1100A307B0
:1084CA004F310000A307CF410000A3074F5200001D
:1084DA00A307CF620000A3074F730000A307CF834F
:1084EA000000A3074F940000E7474000E64F400012
:1084FA00A3070F40000080072100BFFFCC264006DB
:10850A002000A30709400000E83F2000E9372000C7
:10851A00A30749940000A307C9830000A30749736E
:10852A000000A307C9620000A30749520000A3077D
:10853A00C9410000A30749310000232F1100231766
:10854A000D00230F0900231E4C00E0074801231EDB
:10855A00B4FF630F090063170D00632F1100A3070F
:10856A004F310000A307CF410000A3074F5200007C
:10857A00A307CF620000A3074F730000A307CF83AE
:10858A000000A3074F940000E7474000E64F400071
:10859A00A3070F40000080072100BFFF2C264006DA
:1085AA002000A30709400000E83F2000E937200027
:1085BA00A30749940000A307C9830000A3074973CE
:1085CA000000A307C9620000A30749520000A307DD
:1085DA00C9410000A30749310000232F11002317C6
:1085EA000D00230F0900231E4C00E0074801231E3B
:1085FA00B4FF630F090063170D00632F1100A3076F
:10860A004F310000A307CF410000A3074F520000DB
:10861A00A307CF620000A3074F730000A307CF830D
:10862A000000A3074F940000E7474000E64F4000D0
:10863A00A3070F40000080072100BFFF8C254006DA
:10864A002000A30709400000E83F2000E937200086
:10865A00A30749940000A307C9830000A30749732D
:10866A000000A307C9620000A30749520000A3073C
:10867A00C9410000A30749310000232F1100231725
:10868A000D00230F0900231E4C00E0074801231E9A
:10869A00B4FF630F090063170D00632F1100A307CE
:1086AA004F310000A307CF410000A3074F5200003B
:1086BA00A307CF620000A3074F730000A307CF836D
:1086CA000000A3074F940000E7474000E64F400030
:1086DA00A3070F40000080072100BFFFEC244006DB
:1086EA002000A30709400000E83F2000E9372000E6
:1086FA00A30749940000A307C9830000A30749738D
:10870A000000A307C9620000A30749520000A3079B
:10871A00C9410000A30749310000232F1100231784
:10872A000D00230F0900231E4C00E0074801231EF9
:10873A00B4FF630F090063170D00632F1100A3072D
:10874A004F310000A307CF410000A3074F5200009A
:10875A00A307CF620000A3074F730000A307CF83CC
:10876A000000A3074F940000E7474000E64F40008F
:10877A00A3070F40000080072100BFFF4C244006DA
:10878A002000A30709400000E83F2000E937200045
:10879A00A30749940000A307C9830000A3074973EC
:1087AA000000A307C9620000A30749520000A307FB
:1087BA00C9410000A30749310000232F11002317E4
:1087CA000D00230F0900231E4C00E0074801231E59
:1087DA00B4FF630F090063170D00632F1100A3078D
:1087EA004F310000A307CF410000A3074F520000FA
:1087FA00A307CF620000A3074F730000A307CF832C
:10880A000000A3074F940000E7474000E64F4000EE
:10881A00A3070F40000080072100BFFFAC234006DA
:10882A002000A30709400000E83F2000E9372000A4
:10883A00A30749940000A307C9830000A30749734B
:10884A000000A307C9620000A30749520000A3075A
:10885A00C9410000A30749310000232F1100231743
:10886A000D00230F0900231E4C00E0074801231EB8
:10887A00B4FF630F090063170D00632F1100A307EC
:10888A004F310000A307CF410000A3074F52000059
:10889A00A307CF620000A3074F730000A307CF838B
:1088AA000000A3074F940000E7474000E64F40004E
:1088BA00A3070F40000080072100BFFF0C234006DA
:1088CA002000A30709400000E83F2000E937200004
:1088DA00A30749940000A307C9830000A3074973AB
:1088EA000000A307C9620000A30749520000A307BA
:1088FA00C9410000A30749310000232F11002317A3
:10890A000D00230F0900231E4C00E0074801231E17
:10891A00B4FF630F090063170D00632F1100A3074B
:10892A004F310000A307CF410000A3074F520000B8
:10893A00A307CF620000A3074F730000A307CF83EA
:10894A000000A3074F940000E7474000E64F4000AD
:10895A00A3070F40000080072100BFFF6C224006DA
:10896A002000A30709400000E83F2000E937200063
:10897A00A30749940000A307C9830000A30749730A
:10898A000000A307C9620000A30749520000A30719
:10899A00C9410000A30749310000232F1100231702
:1089AA000D00230F0900231E4C00E0074801231E77
:1089BA00B4FF630F090063170D00632F1100A307AB
:1089CA004F310000A307CF410000A3074F52000018
:1089DA00A307CF620000A3074F730000A307CF834A
:1089EA000000A3074F940000E7474000E64F40000D
:1089FA00A3070F40000080072100BFFFCC214006DB
:108A0A002000A30709400000E83F2000E9372000C2
:108A1A00A30749940000A307C9830000A307497369
:108A2A000000A307C9620000A30749520000A30778
:108A3A00C9410000A30749310000232F1100231761
:108A4A000D00230F0900231E4C00E0074801231ED6
:108A5A00B4FF630F090063170D00632F1100A3070A
:108A6A004F310000A307CF410000A3074F52000077
:108A7A00A307CF620000A3074F730000A307CF83A9
:108A8A000000A3074F940000E7474000E64F40006C
:108A9A00A3070F40000080072100BFFF2C214006DA
:108AAA002000A30709400000E83F2000E937200022
:108ABA00A30749940000A307C9830000A3074973C9
:108ACA000000A307C9620000A30749520000A307D8
:108ADA00C9410000A30749310000232F11002317C1
:108AEA000D00230F0900231E4C00E0074801231E36
:108AFA00B4FF630F090063170D00632F1100A3076A
:108B0A004F310000A307CF410000A3074F520000D6
:108B1A00A307CF620000A3074F730000A307CF8308
:108B2A000000A3074F940000E7474000E64F4000CB
:108B3A00A3070F40000080072100BFFF8C204006DA
:108B4A002000A30709400000E83F2000E937200081
:108B5A00A30749940000A307C9830000A307497328
:108B6A000000A307C9620000A30749520000A30737
:108B7A00C9410000A30749310000232F1100231720
:0E8B8A000D00230F0900231E4C00E0074801D8
:108B9800E849C32528570100285F0500EA59C31D85
:108BA800CA760300A20D4A0700004152EA59CA7664
:108BB8000300AAFDEA5982151C624B61EA61E305CC
:108BC8006A0701004452EA61CBFDEA59D3054A0716
:108BD80000004152B5FD4842C5DDE63993352657B8
:108BE8000100265F0500266709000C680A69CD7632
:108BF8000100BA1DCD760200DA0D0B6EFCFFEA69A2
:108C0800910D2A7701006C77010044524462EA59B9
:108C1800FBF50B6EFEFFEA69810D2A7700006C7781
:108C280000004252426285FDEA59830D0A6F000036
:108C38004C6F00004152416285FD4C32F5CD7F00FA
:108C480080072100E007600180FF8E2C80FF34320E
:108C580080FF482D80FFFE2B80FFC40D80FFA60FEC
:108C680040063F0080072100E087600180FF2E2C2E
:108C780080FF6C0780FFE40E80FFEE0E80FF361B3E
:048C880040063F0063
:108C8C008007210880074E024016DFFE42076D80E8
:108C9C0080FF020380FFCA0580FF3E2180FF56073C
:108CAC004016DFFEA21779806012BA1580FF841B74
:108CBC0080FFA4276152FA0D4016DFFE012A422FD5
:108CCC007980BFFFF01B80FF0C1B80FF0E18B505D1
:108CDC0080FF181B4016DFFE8217A7816112CA1D88
:108CEC004016DFFE222F7580412A622F7580050603
:108CFC00ECFFAA154016DFFE6207758080FF58272F
:108D0C006152EA07D10180FFDC0180FFF801E00726
:108D1C0060018007C0014016DFFE82177980601267
:108D2C000012A24D80078A014016DFFEA217258F84
:108D3C00E22E050026065480DEFEC531862F050086
:108D4C00602ADA35E22E050026065480DEFEC53197
:108D5C00862F0100A63F0100C83A0539862F030073
:108D6C00A6370300C8320531D03207316032F21D0C
:108D7C00E51234065480DEFED411A22F0300823794
:108D8C000300A23F010082170100C83A0239C82A29
:108D9C000629D02A0729E5C760F94016DFFEA2177D
:108DAC00258FE512C2A10112541704004016DFFEF4
:108DBC000217258F4112402EDFFE4517258F402EBE
:108DCC000300A52F995F8200E511F1AD4016DFFE7F
:108DDC00012A422F78800012B56D4016DFFEE21793
:108DEC006F800228C32A26063480DEFEC531862F0A
:108DFC000700A63F0700C83A0539862F0500A6379D
:108E0C000500C8320531E63F823A603A9A3D0228A5
:108E1C00C32A26063480DEFEC531862F0100A63F0C
:108E2C000100C83A0539862F0300A6370300C83263
:108E3C000531D03207316032E215C3122506348079
:108E4C00DEFEC229A517030085370300A53F0100EC
:108E5C00852F0100C83A0539C8120611D012071126
:108E6C00E2C760F94016DFFEE2176F80C3122506D9
:108E7C003480DEFEC2294507070045070600401670
:108E8C00DFFEE22F6F80C32A26063480DEFEC5315A
:108E9C00862F0700063F0700C83A0539413A463F7E
:108EAC000600883A463F070022176E804112402E7A
:108EBC00DFFE65176E80402E0300852F995FC20080
:108ECC00E511C68D4016DFFEA2176D806012FA0701
:108EDC00BBFD4016DFFE82176D806012C2F54006A6
:108EEC003F082016A50080070F1000F04016F8FF71
:108EFC00012A622F050A1E326237050A622F050A03
:0E8F0C007F004016DFFE012A422F6C807F009E
:108F1A000012C51DC22EFF00E92F40022606298F26
:108F2A00DEFEC53146070800460707004607060069
:108F3A0046070500460704004607020046070300E5
:108F4A0046070100460700004112C206FF00B2E5CB
:108F5A000012C51DC22EFF00E92F40022606328FDD
:108F6A00DEFEC53146070700460706004607010030
:108F7A0046070000460703004607020046070500A9
:108F8A0046070400460708004112C22EFF00662A5F
:108F9A00A6E57F008007210C00A29515D4AEFF003C
:108FAA00153080FF7A27E9AF40022606298FDEFEB8
:108FBA00D5314657080080FF460041A2D406FF007B
:108FCA00E2ED80FFE42600A2C515D4AEFF001530FD
:108FDA0080FF0227E9AF40022606328FDEFED53136
:108FEA004657020088524657030080FFDC0141A21F
:108FFA00D416FF006612A6ED40063F0C861709003C
:10900A006112AA6DA6170500C812862F0500051160
:10901A00A62F0700C82A863F07000729D02A022957
:10902A00602AEA0D032A462F04004607070046076E
:10903A000600460705004607010046070000632AA6
:10904A00FA15A6170100C812862F0100051102069B
:10905A00CEFFE60D01124617040046070700460731
:10906A000600460705004617020080075201A617A8
:10907A000500C812862F05000511A62F0700C82A69
:10908A00863F07000729D02A0229632AAA0DA617B4
:10909A000100C812862F010005110206CFFFA76D35
:1090AA00A6170500C812862F05000511A62F07006E
:1090BA00C82A863F07000729D02A0229622AEA0716
:1090CA000701011246170400460707004607060073
:1090DA0046070500C5756012EA75A6170500C8128D
:1090EA00862F05000511A62F0700C82A863F07000C
:1090FA000729D02A0229612AEA0D022A462F0400EA
:10910A00460707004607060046070500460701000E
:10911A0046070000622ADA15A6170100C812862F30
:10912A00010005110206CEFFC60D460707004607D5
:10913A000600460705004607040046070200F53DFB
:10914A00A6170500C812862F05000511A62F0700CD
:10915A00C82A863F07000729D02A0229622AFA1557
:10916A00A6170100C812862F010005110206CFFFBB
:10917A00EF0D06170100C812862F010005114512CE
:10918A00461700008812461701007F00A61705003F
:10919A00C812862F05000511A62F0700C82A863F88
:1091AA0007000729D02A0229632ADA0D4607070091
:1091BA004607060046070500460704004607010061
:1091CA00460700007F008007210806A0B43F05007B
:1091DA0094170500B4370300942F0300C83A0239E4
:1091EA00C832053180FFDC2F20166500E251811557
:1091FA0001125417080054070100540700001417FD
:10920A000300942F030054170500542F04009417E9
:10921A0009006112CA25B4170100C812942F01006F
:10922A0005110206CFFF9F0D451254170000881240
:10923A005417010040063F0854070800141703009A
:10924A00942F030054170700542F06001417030025
:10925A00942F030054170500542F040040063F08BA
:10926A008007210C00A2F51DD416FF00C2112506A5
:10927A00688FDEFEC22985170100A52F0100E511BE
:10928A009215D436FF000610C2113506688FDEFE2D
:10929A00C2A9953F010080FFD22415170000551777
:1092AA00010041A2D416FF006712F6DD40063F0C0A
:0292BA007F0033
:1092BC00800721000012C54DC22EFFFFEA2F40028D
:1092CC0028066C620300C541882F0500084705007D
:1092DC00C8420541C800062F0100C82A864F01006C
:1092EC000929C500E541BA35862F0500622AC2005E
:1092FC00EA17400225066C620300DA0DC229A53775
:10930C00090085170900C832023180FF601800522D
:10931C0040063F00C229A5170300854F0300A5573F
:10932C000100852F0100A647030086370300C852B1
:10933C000551C8120911D0120A11C8420641073052
:10934C00023880FF821F005240063F004112C22E9D
:10935C00FFFF20461100E82981B5005240063F006E
:10936C008007210000128535C22EFFFFEA2F400234
:10937C0028066C620300C541882F050008470500CC
:10938C00C8420541C800062F0100C82A864F0100BB
:10939C000929C500E541FA15862F0500622ABA1580
:1093AC00C200EA17400225066C620300C229A537E9
:1093BC00090085170900C832023180FFFA140152E6
:1093CC0040063F004112C22EFFFF20461100E82943
:0893DC00C1CD005240063F0024
:1093E40022063890DEFE2506888FDEFE622F0100FD
:1093F40042070400420705007F0080072100401651
:10940400DFFE221739906012E2070B014016DFFEDF
:1094140022177D8F60128A3D80FFB2036052CA35E5
:1094240022063890DEFE822F05004036DFFE013A28
:10943400663F7D8FC42A22370100C53126370900D3
:1094440027062890DEFE6737090022370100C53160
:10945400263705006737050022370100C531263756
:1094640001006737010022370100C53126370C009F
:1094740067370C0022170100C51102170E004717A9
:109484000E0080FF5E034016DFFE22177D8F6112FF
:10949400BA2D4016DFFE8217798F6012DA2580FF1D
:1094A40078004016DFFE22177D8F6312EA0D401606
:1094B400DFFE62077D8F4016DFFE22372990003AD7
:1094C40080FFF01340063F006212CA254016DFFEFB
:1094D40062077D8F4016DFFE22372990013A80FF14
:1094E400D21340063F004016DFFE8217798F6112C7
:1094F4009A154016DFFE223789804016DFFE223F90
:10950400818F80FF2C036B52D1054016DFFE42078A
:10951400788F40063F00800721084016DFFE22179F
:1095240039906012E20797014016DFFE221731904E
:109534006012E20789014016DFFE8217379061123C
:109544009A7D4016DFFE22372D9022062890DEFEFB
:10955400C6063F009A35E2470D00402EDFFE013A71
:10956400453F788F202E4100E541223F0900F15507
:109574002046400080FF24134016DFFE2217898016
:10958400402EDFFE6517818F22062890DEFE222FF3
:109594000C00252EC0FF622F0C00222F0500252E63
:1095A4004000622F0500222F0900252E4000622F63
:1095B40009000012B575E22F0D00223F0500404658
:1095C400DFFE014A484F788FC73E3F0020A6400087
:1095D400A7A11440F429223F0900972580FFBC125B
:1095E4004016DFFE22178980402EDFFE6517818F2B
:1095F400D4167F0034062890DEFEF42F0D00A22935
:10960400742F0C00342F0500C229742F0500342F49
:109614000900C229742F09000012854580FF7C12BD
:109624004016DFFE22178980402EDFFE6517818FEA
:1096340085356212C20500520A108535220628902B
:10964400DEFEE2470D00202E8100E541223F0900A5
:1096540022370500C11D2046800080FF2612220605
:109664002890DEFE222F0500252E8000622F0500A3
:10967400222F0900252E8000622F0900222F0C00C2
:10968400252E80FF622F0C000012850D80FFF4113F
:109694004016DFFE62073490011261528A0D4016B3
:1096A400DFFE022A622F7D8F40063F086112EA0521
:1096B4004016DFFE032A622F7D8F40063F08800795
:1096C400210F06A007A808B009B880FFCC0060529B
:1096D400AA2D4016DFFE221739906012C2252506F6
:1096E4003890DEFEA5370500C432C61162B7090002
:1096F40025170100C61162AF050025170100C61128
:1097040062BF0C0025170100C61162A701002517CE
:109714000100C611022A422F0E0080FFF2000152FE
:1097240040063F0F005240063F0F8007210F06A05E
:1097340007A808B009B880FF60006052AA2D40163F
:10974400DFFE221739906012C22525063890DEFE0E
:10975400A5370500C432C61162B7090025170100F8
:10976400C61162AF050025170100C61162BF0C00C7
:1097740025170100C61162A7010025170100C611B3
:1097840001A242A70E0080FF8600145040063F0F3E
:10979400005240063F0F4016DFFEA2173D906912AB
:1097A400FA054016DFFE82173D906012D20D2206A4
:1097B4003890DEFE822F0500A21705004112E51144
:1097C400B20500527F0001527F0022063890DEFE6F
:1097D400A22F050082170500E229E25700007F004E
:1097E40022063890DEFE822F0500A2170500E2292A
:1097F400D20D692AEA05402EDFFE45073C907F0022
:10980400412A4016DFFE422F3C907F004016DFFEC7
:10981400A2173D906912EA054016DFFE42073D900B
:109824007F004112402EDFFE45173D907F00E73157
:0E983400C105A73106507F002750C6517F00A6
:109842008A0721EF43071300430712004307110061
:109852004307100043070F0043070E0043070D00A4
:1098620043070C0043070C00001223A7390023AF63
:10987200350009B008B807C006C8C50DC22EFF00E2
:1098820023360C00C531D829052F0000462F0000D1
:109892004112C22EFF00682AA6F560CAD20D19161F
:1098A200FFFF6012F2056112EA07670100D280072A
:1098B200500100D2C56D00D29535DA16FF00F417BB
:1098C20040022506E05E0300C22925170100E2A13D
:1098D200CA25DA16FF00F41740022506E05E0300EF
:1098E200C229251711006012821DDA16FF00F41733
:1098F20040022506E05E0300C2292517110063A776
:10990200090063AF050063B7010023460C00003273
:1099120006381748E2C760F941D2401603008217A1
:10992200DD5EDA2EFF00E22991CDA575DA16FF0081
:10993200F417400225061C5F0300C2292517010007
:10994200E2A1CA25DA16FF00F417400225061C5FC1
:109952000300C229251711006012821DDA16FF00CA
:10996200F417400225061C5F0300C22925171100C7
:1099720063A7090063AF050063B7010023460C002B
:10998200013A00321748E2C760F941D2401603009B
:10999200A217DD5EDA2EFF00E22991CD953DDA169F
:1099A200FF00F417400225066C5F0300C229251749
:1099B2000100E2A1CA25DA16FF00F41740022506CB
:1099C2006C5F0300C229251711006012821DDA168E
:1099D200FF00F417400225066C5F0300C229251719
:1099E200110063A7090063AF050063B701002346B6
:1099F2000C00023A00321748E2C760F941D2401621
:109A020003008217DF5EDA2EFF00E22991CD63C7E1
:109A12000100153017381940144880FF7E0D4A06A0
:029A22003FEF14
:109A240080072100C03F70B0C0A771B04016FFFF8F
:109A3400C23F24EAC2A725EAC03770B0E02F71B054
:109A4400C52ECF00602F70B0C23724EAE22F25EA7A
:109A5400C52ECF00622F24EA4016F2FF202E1801F3
:109A6400622F0100202E1001622F0500202E190103
:109A7400622F0900202E0201622F0D00202E1101F9
:109A8400622F1100202E1D01622F150062070503AD
:109A9400202E1200622F81030C2A622F3503402EE0
:109AA400F0FF622F3903622F3D03622F4103622FBF
:109AB4006505622F6905622F6D05622F7105622F9E
:109AC4007505012A622F5103222F5503622F550376
:109AD40062072D03202E1000622F490462074D04F3
:109AE400052A622F510462075504222F4904622F6C
:109AF400490422170103402EDFFE651715911F004C
:109B0400C0A771B0C0BF70B0BFFFC00E40063F0019
:109B1400011280070F1006E44016FFFFC23F24EA3B
:109B2400C2A725EA4016DFFE8007092806E4622F53
:109B340015911F007F008007491006E482168000FB
:109B440080074F1006E47F008007491006E4202EAA
:109B54007FFF451180074F1006E47F004016FFFF8A
:109B6400C2A725EAC2BF24EA7F00011280070F14AE
:109B740008E47F00011280074F1408E47F00800787
:109B8400C91408E4C22EFF008007094508E48800D0
:109B9400A5414142C82EFF00E729C3052056810094
:109BA400C525C211C216FE0125060001F2FFC5112A
:109BB400002AC515C53EFF000748C949C6492257B2
:109BC400010069570000C85EFF00A759625AC10529
:109BD400905269570200422A4412C53EFF00C84E03
:0A9BE400FF00E93981ED00527F0017
:109BEE008007210080FFEC1C80FFAA1D80FF601CF7
:0C9BFE00BFFF26FE80FF862240063F00CD
:109C0A008C07210C0F1280070D11308B2606186362
:109C1A00030080FF96EA6052EA0773010512631790
:109C2A0001006307090063070C0063071100033092
:109C3A0080FF4CDFB50580FF16E623171500611279
:109C4A00B2FD231715006012D205000000524C061F
:109C5A003F0C2206D883DEFE822F0100A2370100C4
:109C6A00C8320531822F0300A2170300C81205115A
:109C7A00D0120611402E0100E511E9071101022850
:109C8A008E2A26064C90DEFE462F01000228862ADE
:109C9A00462F00002506D883DEFE85370500052FEE
:109CAA000500C82A0629C2363F00C531C6008632D9
:109CBA00C500C511C2063F00A205413222064C90DA
:109CCA00DEFE423704000628882A422F0500822F2A
:109CDA000100023F0100C83A0539C639423F020075
:109CEA00883A423F03000628822A02A70100823FDF
:109CFA000100422F0700C63242370600C8A207A158
:109D0A00C6A2822F0300A2170300C8120511020679
:109D1A0000FCCF3D00AAC545021263170100D41604
:109D2A00FFFF63170900011263170C006317110084
:109D3A00033080FF4ADEB50580FF14E523171500BE
:109D4A006112B2FD231715006012BA2501126317BA
:109D5A000100D42EFFFF632F090063170C002506AC
:109D6A00D883DEFE462A632F0500631711000330ED
:109D7A0080FF0CDEB50580FFD6E4231715006112BB
:109D8A00B2FD231715006012920D00524C063F0CCB
:109D9A00231715006012A205000044AA44A2220655
:109DAA004C90DEFE822F070002170700C812051129
:109DBA00C200D52EFFFFE22981B501524016DFFE0F
:109DCA00425754904C063F0C8C0721EF22064C90C8
:109DDA00DEFE822F010002170100C8120511C2001F
:109DEA0006A086A2E2A106A808B007B8A17DD516EA
:109DFA003F00D71186121528D729C5063F00E0175C
:109E0A00B4C3C5063F00F417B41325064C90DEFE12
:109E1A00853F0300A52F0300C82A0729C6CEC0FF25
:109E2A00E511FF5DD816FFFF6212BF5D4016030001
:109E3A002247A55F1838C63AC700193080FFB80014
:109E4A0018D0C4D20012A515C22EFF001630C53193
:109E5A00D53E3F00C729403E0300273FA55FC539CD
:109E6A00062F0000472F00004112C22EFF00F729DB
:109E7A00C6ED6307010063A7090063C70C0001125E
:109E8A0063171100033080FFF6DCB50580FFC0E3DD
:109E9A00231715006112B2FD2317150060129A25C7
:109EAA0001126317010063CF090063D70C00402E2B
:109EBA000300252FA55F632F0500631711000330E8
:109ECA0080FFBCDCB50580FF86E32317150061120D
:109EDA00B2FD231715006012CA0501524C063FEF66
:109EEA0000524C063FEFC632C7314016DFFE6237DA
:109EFA0059907F008C07210E4016DFFE821755907D
:109F0A00601206A008A807B0BA050052F56D22062D
:109F1A004C90DEFE822F010002170100C8120511C3
:109F2A00C2000628862AE22991F522064C90DEFE16
:109F3A00822F0300A2170300C8120511C6120628B1
:109F4A00D629E229BFE5D4160300D611C62E03008E
:109F5A0086291438D639C7060300F205D631C63623
:109F6A000300043AA639C711C236FFFF060680FF6E
:109F7A00DFCD033263370100632F0900C20082126A
:109F8A0063170C00401603002217A95F6317050028
:109F9A00011263171100033080FFE4DBB50580FF6F
:109FAA00AEE2231715006112B2FD231715006012E5
:109FBA00BA050012E515000000524C063F0EC22EEB
:109FCA00FF001530C531D43E0300C729403E0300C7
:109FDA00273FA95FC539072F0000462F000041120D
:109FEA00C22EFF00F629C6ED01524C063F0EC632BC
:109FFA00C7314016DFFE623759907F008C07210F68
:10A00A00001207A006A8B50D402E0300252FA55F54
:10A01A00C236FFFFC629450700004112C22EFFFFC4
:10A02A000506C0FFA6F515B0A545D616FFFF020620
:10A03A0000FCBF4563070100D6BEFFFF63BF0900EE
:10A04A00011263170C0063171100033080FF30DB25
:10A05A00C6BAB50580FFF8E1231715006112B2FDF3
:10A06A002317150060129A2D011263170100D72ECB
:10A07A00C0FF632F0900202E1000632F0C00402E12
:10A08A000300252FA55F632F050063171100033016
:10A09A0080FFECDAB50580FFB6E1231715006112DF
:10A0AA00B2FD2317150060128A0D41B21510D411A2
:0EA0BA00D62EFFFFE229A6BD00524C063F0F36
:10A0C8008007210806A60000820D80FF0E567451F5
:10A0D800CA05005240063F08015240063F08800763
:10A0E800210080FFAE46AA0040063F0080072100FD
:10A0F80080FF5A4680FFEE55003280FF420040162E
:10A10800DFFEA217C5906112BA152206A081DEFEF5
:10A11800420701004207000042070300420702000D
:10A128004016DFFE4207C590003280FFAA004006B5
:10A138003F004016DFFE2257C1817F004016DFFE38
:10A148006237C1817F008007210080FF32554006B9
:10A158003F004016DFFE6207AD814016DFFE620752
:10A16800B1814016DFFE6207B5817F0080072108B4
:10A178003406C290DEFE0032143880FFF409143E23
:10A188000100013280FFEA09143E0200023280FF1A
:10A19800E009143E0300033280FFD609143E040090
:10A1A800043280FFCC09143E0800053280FFC20942
:10A1B800143E0C00063280FFB809143E0D00073229
:10A1C80080FFAE095407000054070300540701003C
:10A1D80040063F08800721086032BA2D3406C29035
:10A1E800DEFE0032143880FFD206143E0100013230
:10A1F80080FFC806143E0200023280FFBE06143EED
:10A208000300033280FFB406143E0400043280FFCA
:10A21800AA06143E0800053280FFA006143E0C0072
:10A22800063280FF9606143E0D00073280FF8C062A
:10A2380040063F087F008007210080FFA8544006A1
:02A248003F00D5
:10A24A008007210F4016DFFE22178980402EDFFE8D
:10A25A0001324537CC81002A953DC536FFFFC3320E
:10A26A002706248CDEFEC731263F0100273F19004E
:10A27A00E711C115C53EFFFF2806E090DEFEC8398A
:10A28A0001424747000026370100403EDFFE273FD4
:10A29A008980273E8813663F19004036DFFE8637DD
:10A2AA00CD816032D20DC536FFFF2706E090DEFE73
:10A2BA00C731863701006032B2050132A505003286
:10A2CA00403EDFFE4737CC81412AC506FFFFE2C583
:10A2DA004016DFFE8217CD816012CA0500A28007F0
:10A2EA009C0140A6DFFE5407CC8180FF900400A2A7
:10A2FA00A50DD416FFFF2506E090DEFEC22945070C
:10A30A00000041A2D406FFFFD2F595EDD4AEFFFFBF
:10A31A00C3AA2206248CDEFEC2A935170100A217A1
:10A32A0011006612EA075501D436FFFF80FFF001DB
:10A33A00351705002217090082170100020681FF5E
:10A34A000AB0BA153517050022170900821703004B
:10A35A000206EFFFC21D35170500221709008217F2
:10A36A000300020681FFB21535170100402EDFFEF9
:10A37A00252F8980252E8813622F1900D416FFFFF6
:10A38A002506E090DEFEC511420700001616FFFF03
:10A39A006112BB15D436FFFF003A80FF0E31351724
:10A3AA000500A22F1100652AD205042A422F1100A6
:10A3BA00C505012A422F170063B2EA05D436FFFF0A
:10A3CA00003A80FFE6304016DFFE4207148864B286
:10A3DA004016DFFE22BF8980DA2D35170100821769
:10A3EA0011006012FA25D436FFFF003A80FFBC3014
:10A3FA0035170100012A422F10004016DFFE2217EE
:10A40A001D91352F01006517050035170100222F10
:10A41A000500D729622F010035170500A22F110068
:10A42A00652AD205042A422F1100C505012A422FA6
:10A43A0017003517010022170100E2B9E11D35178F
:10A44A000100821711006112CA1564B2EA153517A4
:10A45A000100222F0500C5B962BF010035170100AE
:10A46A004207110035AF0500041255171100D50532
:10A47A00351701006207010041A2D406FFFFF20767
:10A48A008FFEBFFFC2FC40063F0F4016DFFE623759
:10A49A00C9817F002206248CDEFE222F0100252F8F
:10A4AA0009002606D490DEFE662F01002217050059
:10A4BA0022170900661705006607080066070A00E2
:10A4CA007F00800721000B3A2606AC5F0300BFFF1E
:10A4DA00BCFFBFFFC2FF40063F0080072108BFFF45
:10A4EA008CFC00A2E5154016DFFE2217C981D42E86
:10A4FA00FF00C42AC229252F0500602A920DD42EF6
:10A50A00FF00C42AC51122170500E2C760F941A25B
:10A51A00D416FF006B1286ED40063F088007210C17
:10A52A004016DFFE2217C9816012E2074B02C332CE
:10A53A002206248CDEFE06A0C2A1341701002217CF
:10A54A0009002506D490DEFE6517010034170500C0
:10A55A00221709006517050065070A00341701006C
:10A56A0022170C00651708004016DFFE8217CF81FC
:10A57A006012B20500AAE51D40AEDFFE35AFD590E8
:10A58A0015AF00004016DFFE42AFCD8100AAA51527
:10A59A004016DFFE2217C981D52EFF00C42AC51135
:10A5AA0082170100402EDFFEA52FCD81E229820D00
:10A5BA0041AAD516FF006B12C6ED0012A5050112BD
:10A5CA006012CA25402EDFFE852F1588602AEA1DF3
:10A5DA002206D490DEFE22AF0500202E7F00552FE2
:10A5EA00000040AEDFFE15AFCD81222F050045AF3A
:10A5FA00010022AF0500202E1100552F020003AAE8
:10A60A0062AF0A00025280075A0160128A0D40AEF8
:10A61A00DFFE550714880352800748014016DFFE03
:10A62A008217158861128A154016DFFE2217C98122
:10A63A00D52EFF00C42AC511A2170D006012CA0543
:10A64A00035280071E014016DFFE2217C981D52E4C
:10A65A00FF00C42AC229252F0900602AA2F5D52E97
:10A66A00FF00C42AC51182370D00BFFF72FA60527B
:10A67A0082154016DFFE2217C9819500C4AAD5119A
:10A68A00221709002606D490DEFEE2C760F9A51D4E
:10A69A002206D490DEFE222F050020367F004537A1
:10A6AA000000402EDFFE052FCD81223F0500472FF7
:10A6BA000100222F050045370200032A622F0A00F3
:10A6CA0002526452D22D6252A21D6152BA1522065A
:10A6DA00D490DEFE222F0100052F0000252E400017
:10A6EA0022370500462F0000222F0A00412A622F36
:10A6FA000A004016DFFE4207CE81B5354016DFFE5E
:10A70A002217D990821703000206EDFFB2F5401610
:10A71A00DFFE821715886112DAED0352B5ED2206C3
:10A72A00D490DEFE222F05002237010006370000F2
:10A73A0045370100222F050020367F0045370000EB
:10A74A00222F05002036780045370200222F0A0002
:10A75A00432A622F0A004016DFFE012A422FCE81C9
:10A76A004016DFFE2217DE90342F050065170E0013
:10A77A0040063F0C035240063F0C80072100BFFFF2
:06A78A006CF940063F00DF
:10A790004016DFFE6237D1817F008207210040161C
:10A7A000DFFE2217D1816012232F0900D205632F0B
:0AA7B0000100E2C760F942063F0015
:10A7BA00800721004016DFFE62078D8C80FF205B38
:10A7CA0080FF045E80FFE61C80FF282DBFFFF6FC99
:10A7DA0040063F008007210080FF4E674016DFFEDB
:10A7EA00012A422FD48140063F00800721084016E3
:10A7FA00DFFE22A7898080FF605E05121428E22FFF
:10A80A00822A602AFA0580FF9C1D80FFA82DBFFFBF
:10A81A0032FA4016DFFE8217D58161129A0D201690
:10A82A003200E2A782A260A2BA0580FFBC6340069A
:10A83A003F08800721084016DFFE22A7898080FF93
:10A84A00185E05121428E22F822A602AFA0580FF70
:10A85A00541D80FF602DBFFFEAF94016DFFE821704
:10A86A00D58161129A0D20163200E2A782A260A257
:0AA87A00BA0580FF746340063F0832
:10A88400800721000710C83EFFFFC6000240BFFF3B
:10A894006CF6005240063F00800721000710C83EB6
:10A8A400FFFFC6000240BFFF28F5005240063F00EC
:0CA8B4008007210080FF540A40063F008E
:10A8C0008007A1FF001207A006A802B002B8800707
:10A8D00096021628FB2F4002260692680300C53117
:10A8E0006032E20779021628FB2F400226069268A2
:10A8F0000300C531862F1500A63F1500C83A05395B
:10A90000862F1700A6371700C8320531D03207311D
:10A910006032E20749021628FB2F400226069268A1
:10A920000300C531862F1500A63F1500C83A05392A
:10A93000862F1700A6C71700C8C205C1D0C207C11D
:10A9400000CA8007F201D92EFFFFEA2F4002D82962
:10A9500085370100A53F0100C83A06398537030055
:10A96000A52F0300C82A0629D02A0729E5A9EA0746
:10A97000BD011610E91740023A06E490DEFEC2D18E
:10A980009A170100BA2F0100C82A02299A1703005A
:10A99000BA370300C8320231D03205316832C205FD
:10A9A00002BA800786011610E91740022506E490D6
:10A9B000DEFEC229851709006112AA1D1610FB17B9
:10A9C0004002250692680300C22985170D00A537AD
:10A9D0000D00C832023185170F00A52F0F00C82ABD
:10A9E0000229D02A0629602AB2050012A505011203
:10A9F0001628FB2F40023B0692680300C5D99B2F07
:10AA00000D00BB3F0D00C83A05399B2F0F00BB3727
:10AA10000F00C8320531D0320731D92EFFFFEA2F9F
:10AA20004002D829853F0500A5470500C8420741D7
:10AA3000853F0700A54F0700C84A0749D04A084983
:10AA4000C931853F0900A5470900C84207414CDAD2
:10AA500014386012FA6580FF7A081610FB1740025E
:10AA60003C0692680300C2E1BC3F0B009C170B0040
:10AA7000BC2F09009C470900BB3703009B4F030014
:10AA8000BB5701009B5F0100C82A0829C83A023958
:10AA9000D03A05395C3AC8520B51C8320931D0322C
:10AAA0000A3144328046FFFF80FFB6080A10881240
:10AAB000BB2F0100C82A9B3701000629BB370300C2
:10AAC000C8329B3F03000731D032053146170200E0
:10AAD000BB170100C8129B2F01000511BB2F0300FB
:10AAE000C82A9B3703000629D02A022945570300AC
:10AAF0009C171B006112BA0D05125A1700005A0765
:10AB000003005A0702005A070100F50D1610E91755
:10AB100040022506E490DEFEC22901124517070017
:10AB2000D50580FFAE0705BA0112C22EFF00612ACB
:10AB3000D21541CA1628FB2F400226069268030050
:10AB4000C531862F190006371900C8320531C600F5
:10AB5000D92EFFFFE629F107F1FDC22EFF00612A81
:10AB6000D20541B265B2F1076DFDC206FF00E3BF39
:10AB700004534006BFFF8007218F0112002A07A05F
:10AB800006A805B080074C021630FB3740022706A6
:10AB900092680300C639603AE20737021630FB3785
:10ABA0004002270692680300C63987371500A74779
:10ABB0001500C842064187371700A73F1700C83A5B
:10ABC0000639D03A0839603AE20707021630FB37F7
:10ABD0004002270692680300C63987371500A74749
:10ABE0001500C842064187371700A7BF1700C8BA2B
:10ABF00006B9D0BA08B900C28007A801D836FFFF4D
:10AC0000EA374002D731863F0100A6470100C8421B
:10AC10000741863F0300A6370300C8320731D03210
:10AC20000831E6A9EA0773011610E9174002250664
:10AC3000E490DEFEC22985170100A5370100C83265
:10AC4000023185170300A52F0300C82A0229D02A44
:10AC50000629682AC205021280073C011610E9176E
:10AC600040022506E490DEFEC22985170900611224
:10AC7000DA4D1610FB174002250692680300C22920
:10AC800085170D00A5370D00C832023185170F005A
:10AC9000A52F0F00C82A0229D02A0629602AE235EA
:10ACA0001610FB174002250692680300C229A53F33
:10ACB0000F00D816FFFFEA174002D711A23707008E
:10ACC000854F0F00A5570D00825F0700A2670500A2
:10ACD000852F0D00826F0500A24709008217090029
:10ACE000C8520551C83A0939D03A0A39C8620D61CB
:10ACF000C8320B31D0320C31C639C842024114304F
:10AD000080FFD005012A0510F5451610FB174002FB
:10AD1000250692680300C22985171100A537110086
:10AD2000C832023185171300A53F1300C83A023913
:10AD3000D03A0639603A1810C200EA17400282255C
:10AD4000D711A22F070082370700A24F05008217F4
:10AD50000500D856FFFFEA574002D751AA4709001D
:10AD60008A570900C84A0249C82A0629D02A09294F
:10AD7000C539C8420A41143080FF5805B50DD711B6
:10AD8000A23F090082170900C83A0239143080FF37
:10AD900066050412012AC536FF006132D21541C290
:10ADA0001630FB374002270692680300C639873702
:10ADB0001900073F1900C83A0639C700D836FFFF07
:10ADC000E731F1073BFEC536FF006132D20541B2E3
:10ADD00065B2F107B7FDC506FF00E317045340064F
:10ADE0003F8F8007210F00A265A2E907E30414103A
:10ADF000FB174002250692680300C229602AE20779
:10AE0000FD021410E91740023506E490DEFEC2A9E7
:10AE100095170100B52F0100C82A022995170300D4
:10AE2000B5370300C8320231D03205316732EB0743
:10AE3000CD02C232E6063AAE02008007200080074B
:10AE4000C4008007FA008007A6018007200280075F
:10AE5000BA0280075803800798031410FB174002BA
:10AE6000250692680300C22985170D00A5370D003D
:10AE7000C832023185170F00A5470F00C8420241B2
:10AE8000D04206416042E20751031410FB17400212
:10AE9000250692680300C229A53F0700A5370300D5
:10AEA00085170700A5570500855F0300A56701000A
:10AEB000A54F0900856F090085770500852F0100E2
:10AEC000C8520E51C83A0239D03A0A39C8620561EF
:10AED000C8320B31D0320C31C84A0D49BFFFE6E70A
:10AEE0006152EA0719021410E91740022506E4909E
:10AEF000DEFEC2294507060045070400011280074F
:10AF0000DA021410E91740022506E490DEFEC22999
:10AF1000851707006012E207E5011410E9174002E7
:10AF20002506E490DEFEC229A51705006012CA05B9
:10AF300003128007A60202128007A0021410E9176C
:10AF400040022506E490DEFEC22985170500442A4A
:10AF50006112EB0763034112451700001428FB2F11
:10AF60004002220692680300C511A2470F00A23FCB
:10AF70000700A2370300822F0F00A2570D00825F47
:10AF80000700A2670500826F0300A2770100A24FAD
:10AF90000900827F090082870D00828F05008217D9
:10AFA0000100C8521051C8420541D0420A41C8624E
:10AFB0001161C83A0B39D03A0C39C8720271C832E3
:10AFC0000D31D0320E31C84A0F49BFFFF8E6615249
:10AFD000EA072B011428E92F40022206E490DEFE46
:10AFE000C51142070600012A8007C6021410FB178C
:10AFF0004002250692680300C22985170D00A53F6F
:10B000000D00C83A023985170F00A5370F00C83266
:10B010000231D0320731A6B7030006BF0200A53FB8
:10B020000B0085170B00A5470900852F0900C842B2
:10B030000541C83A0239D03A08395C3A4432804670
:10B04000FFFF80FF1C03C8BA16B9D700EAB9BA0DD2
:10B050000812551700005507030055070200550751
:10B060000100A5450412800772010812551700005F
:10B0700055070300550702005507010014A8FBAF50
:10B080004002220692680300D51182AF0900A22F68
:10B090000900C82A152982AF0B00A2470B00C8423D
:10B0A0001541D042054182AF0D00A22F0D00C82AE4
:10B0B000152982AF0F00A2370F00C8321531D032E8
:10B0C000053182AF1100A22F1100C82A152982AFC5
:10B0D0001300A23F1300C83A1539D03A0539603A37
:10B0E000821580FFEE0114A8E9AF40022206E49029
:10B0F000DEFED51101AA42AF080041A2BF07ECFC59
:10B10000083880FFF20185F51410FB174002250670
:10B1100092680300C22985170D00A5370D00C832BB
:10B12000023185170F00A5470F00C8420241D042E7
:10B130000641604292551410FB17400225069268A2
:10B140000300C229A53F0700A537030085170700A4
:10B15000A5570500855F0300A5670100A54F0900FD
:10B16000856F090085770500852F0100C8520E51B3
:10B17000C83A0239D03A0A39C8620561C8320B317F
:10B18000D0320C31C84A0D49BFFFA6E56052E2B586
:10B190001410E91740022506E490DEFEC229450797
:10B1A0000600450704000612851D1410E917400229
:10B1B0002506E490DEFEC229851707006012E29D95
:10B1C0001410E91740022506E490DEFEC229A517F7
:10B1D00005006012BA0D081255170000550703004C
:10B1E0005507020055070100958D0712E5F514106B
:10B1F000E91740022506E490DEFEC2298517050006
:10B20000442A61129B654112451700001428FB2F48
:10B210004002220692680300C511822F0D00A2375A
:10B220000D00C8320531822F0F00A2470F00C8421F
:10B230000541D04206416042A23D1428FB2F400246
:10B24000220692680300C511A23F0700A23703003F
:10B25000822F0700A2570500825F0300A26701004A
:10B26000A24F0900826F0900827705008217010052
:10B27000C8520E51C83A0539D03A0A39C86202613B
:10B28000C8320B31D0320C31C84A0D49BFFFA2E49D
:10B290006152FA0769FE1428E92F40022206E49061
:10B2A000DEFEC51142070600062AA505082A552F0D
:10B2B0000000D5951410E91740022606E490DEFE42
:10B2C000C2314607080045070000E58540063F0FEC
:10B2D00060328215603AE20D0012A50D0728C229DE
:10B2E000052F00000648C249492F00004112E8110D
:10B2F000E1F57F006032A20D0012E5050628C229A3
:10B30000450700004112E711A1FD7F000012D5257D
:10B310000228FB2F4002280692680300C541882FAF
:10B320000100A84F0100C84A0549882F0300A8471B
:10B330000300C8420541D0420941E831DA0DE9175E
:10B3400040022506E490DEFEC229011245170600E0
:10B35000453F05007F0041126512B1DD7F004016B8
:10B36000DFFEE217DB816012B2050012E535001244
:10B37000851DC506008020562110E0570453C529BD
:10B380002A29414AC956FF006852C1F5C24EFFFF43
:10B39000C9492A06D881DEFEC9516A2F0000411230
:10B3A000C22EFFFF204E0001E92989E50228C82AA4
:10B3B000004A95ED0628C229852F0100C84EFFFFDF
:10B3C000884A2549C9492506D881DEFEC929252F85
:10B3D0000000C84225414112E711D1EDC8000850D4
:10B3E0007F000012953DC22EFFFFE92F4002260686
:10B3F000E490DEFEC531A62F0700612ACA2DC22EB9
:10B40000FFFFE92F40022606E490DEFEC531460725
:10B410000700862F0100A63F0100C83A0539862F94
:10B420000300A6370300C8320531D0320731683235
:10B43000AA15C22EFFFFE92F40022606E490DEFE89
:10B44000C531052A462F00004607030046070200C3
:10B45000460701004112C22EFFFF652AD6C57F00B4
:10B460000012A51DC22EFFFFE92F40022606E49020
:10B47000DEFEC531862F0100A63F0100C83A05391E
:10B48000862F0300A6370300C8320531D0320731BA
:10B4900068328A0D4112C22EFFFF652AC6E50152AD
:10B4A000A50500527F008007210F00A214A8800785
:10B4B000BC01E6A1EA07B3011410FB174002250600
:10B4C00092680300C229602AE207A9011410FB1741
:10B4D0004002250692680300C22985171500A5378A
:10B4E0001500C832023185171700A52F1700C82A8A
:10B4F0000229D02A0629602AE20779011410E917E7
:10B5000040023606E490DEFEC2B196170100B62F67
:10B510000100C82A022996170300B6370300C83273
:10B520000231D03205316832C20502AA80074401D7
:10B530001410E91740022506E490DEFEC2298517A3
:10B5400009006112AA1D1410FB174002250692681B
:10B550000300C22985170D00A5370D00C83202313E
:10B5600085170F00A52F0F00C82A0229D02A062907
:10B57000602AB2050012A50501121428FB2F400213
:10B58000370692680300C5B9972F0D00B74F0D001D
:10B59000C84A0549972F0F00B7370F00C832053149
:10B5A000D032093144324CBA60129A5DBFFF24FD9B
:10B5B000FBA74002220692680300D411A23F0B00B1
:10B5C00082A70B00A22F090082170900B7370300DA
:10B5D00097470300B74F010097570100C82A022977
:10B5E000C83A1439D03A05395C3AC84A0A49C832CF
:10B5F0000831D032093144328046FFFFBFFF62FD7F
:10B600000A38883AB7A70100C8A29717010002A11B
:10B61000B7170300C812972F03000511D012141199
:10B62000423F0200B73F0100C83A97A70100143912
:10B63000B7A70300C8A29717030002A1D0A207A1D1
:10B6400054570300053A563F0000560703005607BB
:10B65000020056070100155040063F0FBFFF74FC63
:10B66000055240063F0F41A203AA65A2F10747FE1B
:10B67000155040063F0F800721000710C6322636BE
:10B680000028C600C83EFFFF0240BFFF48E7400653
:10B690003F00800721000710C63226360028C6006A
:10B6A000C83EFFFF0240BFFF58E88A0040063F0047
:10B6B000800721004016DFFE82178D806112DA0DAF
:10B6C0004016DFFE42078C80BFFFA6E44016DFFE77
:10B6D00082178D806012B2FD40063F0000120250BA
:10B6E000D51DC22EFF00C52927068D80DEFEC53977
:10B6F000872F0100E5319A15C22EFF00C5292706C4
:10B700008D80DEFEC539A72F0100C5292706409090
:10B71000DEFEC539E75701004112C22EFF00662A3E
:06B7200096E5CA007F005F
:10B72600800721000012D51DC22EFF00E32F400224
:10B7360027061C690300C539872F0100E5318A15E4
:10B746008200E317400225061C690300C229853FD3
:10B756000300A537010080FFE20A40063F004112C0
:10B76600C206FF00A2E5005240063F008007210006
:10B7760000120740D51DC22EFF00E32F4002270608
:10B786001F690300C539872F0100E5318A1582003C
:10B79600E317400225061F690300C229853F0300FF
:10B7A600A537010080FF260B40063F004112C22E3E
:10B7B600FF00672A96E540063F0080072100001239
:10B7C600D51DC22EFF00E32F400227061F69030086
:10B7D600C539872F0100E5318A158200E31740023B
:10B7E60025061F690300C229853F0300A53701000E
:10B7F60080FFC40B40063F004112C22EFF00672A9D
:10B8060096E540063F00800721000012D51DC22E96
:10B81600FF00E32F400227061F690300C539872F63
:10B826000100E5318A158200E317400225061F69EB
:10B836000300C229853F0300A537010080FFFC09EC
:10B8460040063F004112C22EFF00672A96E50052CD
:04B8560040063F0069
:10B85A00800721004016D7FF012A422F1800C03F57
:10B86A00A8B0C0A7A9B0C037A8B0E037A9B0C636FB
:10B87A00CF006037A8B0422F2000802E5FEA622FE7
:10B88A00010082172100402EDFFE651715911F0067
:10B89A00BEFF3CF240063F00C0A7A9B0C0BFA8B097
:10B8AA00011280074D1100AE7F00011280078D1131
:10B8BA0000AEC03FA8B0C0A7A9B04016DFFEA007DF
:10B8CA00852900AE622F15911F007F0080070F3077
:04B8DA0000AE7F003D
:10B8DE00800721004016C1FF6207284062072C40F6
:10B8EE006207284162072C411F2A622F2803622F0C
:10B8FE002C036207280462072C04620728426207A1
:10B90E002C422036A5006237294C62072946622F49
:10B91E002946620729466237294C62072945622F5C
:10B92E0029456207294562072841620728436207B5
:10B93E002844203EC799623F284762072800203ED0
:10B94E00C79B623F2803203E0002623F28406237B9
:10B95E002D4C62072D46622F2D4662072D4662370B
:10B96E002D4C62072D45622F2D4562072D4562072E
:10B97E002C4162072C001D2A622F2C03E21729038B
:10B98E00402EDFFE651715911F0080FF1A694006D5
:02B99E003F0068
:10B9A000800721002206105EF8FF62070DB3072A08
:10B9B000622FF9B2202EC044622FFDB2022A622FFC
:10B9C00009B325060040F8FF2036A500653701C001
:10B9D000012A622FF1B21E326237F1B2622FF1B248
:10B9E000A50500002206105EF8FF2217F5B2C20678
:10B9F000040082FD2206105EF8FF022A622F09B2BF
:10BA000025060040F8FF2036A50065370140012AD1
:10BA1000622FF1481E326237F148622FF148A505C6
:10BA200000002206105EF8FF2217F948C216030034
:10BA30006112FAF52206105EF8FF25063B030100AD
:10BA4000622FF93125060040F8FF2036A500653742
:10BA50000140012A622FF1311E326237F131622F2B
:10BA6000F131A50500002206105EF8FF2217F5311E
:10BA7000C206040082FD22060040F8FF202EA50029
:10BA8000622F01402206105EF8FF032A622F014256
:10BA90001C3262370142622F0142A50500002206D6
:10BAA000105EF8FF22170942C21603006312FAF56E
:10BAB00022060040F8FF202EA500622F014022063A
:10BAC000105EF8FF032A622FF1411C326237F14108
:10BAD000622FF141A50500002206105EF8FF221733
:10BAE000F94163129AFD22060040F8FF202EA500BE
:10BAF000622F01402206105EF8FF202E1100622FF7
:10BB0000F1422036EEFF6237F142622FF142A50585
:10BB100000002206105EF8FF2217F9420206EFFF2E
:10BB20008AFD22060040F8FF202EA500622F01C0EA
:10BB30002206105EF8FF012A622FF1C11E32623721
:10BB4000F1C1622FF1C1A50500002206105EF8FFC9
:10BB50002217F9C161129AFD2206105EF8FF022A2F
:10BB6000622F09C225060040F8FF2036A500653780
:10BB700001C0012A622FF1C21E326237F1C2622F68
:10BB8000F1C2A50500002206105EF8FF2217F9C2D7
:10BB900061129AFD22060040F8FF202EA500622FB8
:10BBA00001C02206105EF8FF012A622FF1C31E3287
:10BBB0006237F1C3622FF1C3A50500002206105EB3
:10BBC000F8FF2217F9C361129AFD2206105EF8FFF2
:10BBD000022A622F09C426060040F8FF203EA50075
:10BBE000663F01C0622FF1C41D326237F1C4622F7B
:10BBF000F1C4A50500002206105EF8FF2217F9C463
:10BC000062129AFD22060040F8FF202EA500622F46
:10BC100001C02206105EF8FF032A622FF1C51C3214
:10BC20006237F1C5622FF1C5A50500002206105E3E
:10BC3000F8FF2217F9C563129AFD2206105EF8FF7D
:10BC4000022A622F09C625060040F8FF2036A5000B
:10BC5000653701C0012A622FF1C61E326237F1C674
:10BC6000622FF1C6A50500002206105EF8FF22171C
:10BC7000F9C661129AFD22060040F8FF202EA500A9
:10BC8000622F01C02206105EF8FF012A622FF1C761
:10BC90001E326237F1C7622FF1C7A50500002206E8
:10BCA000105EF8FF2217F9C761129AFD2206105E96
:10BCB000F8FF022A622F09C825060040F8FF203647
:10BCC000A50065370140012A622FF1451E32623717
:10BCD000F145622FF145A50500002206105EF8FF30
:10BCE0002217F94561129AFD22060040F8FF202E26
:10BCF000A500622F01402206105EF8FF012A622F84
:10BD0000F1491E326237F149622FF149A505000061
:10BD10002206105EF8FF2217F94961129AFD2206E9
:10BD2000105EF8FF022A622F094A25060040F8FF3C
:10BD30002036A50065370140012A622FF1431E32EB
:10BD40006237F143622FF143A50500002206105E21
:10BD5000F8FF2217F94361129AFD22060040F8FF0E
:10BD6000202EA500622F01402206105EF8FF012A56
:10BD7000622FF1441E326237F144622FF144A5056F
:10BD800000002206105EF8FF2217F94461129AFDA6
:10BD900022060040F8FF202EA500622F0140220657
:10BDA000105EF8FF032A622FF14A1C326237F14A13
:10BDB000622FF14AA50500002206105EF8FF221747
:10BDC000F94A63129AFD2206105EF8FF022A622FDA
:10BDD000094B25060040F8FF2036A50065370140D5
:10BDE0006207F14B1F2A622FF14B6207F14BA50549
:10BDF00000002206105EF8FF2217F94B60129AFD30
:10BE000022060040F8FF202EA500622F01402206E6
:10BE1000105EF8FF012A622FF14C1E326237F14C9E
:10BE2000622FF14CA50500002206105EF8FF2217D4
:10BE3000F94C61129AFD22060040F8FF202EA50061
:10BE4000622F01402206105EF8FF012A622FF14D99
:10BE50001E326237F14D622FF14DA505000022061A
:10BE6000105EF8FF2217F94D61129AFD2206105E4E
:10BE7000F8FF2217F141402EDFFE651715911F00D4
:08BE800080FF346440063F001E
:10BE88004016C1FFE22F2940C52EFEFF622F284031
:10BE9800E22F2941C52EFEFF622F2841222F2803B9
:10BEA800852E0100622F2803E22F2904C52EFEFFEC
:10BEB800622F2804E22F2942C52EFEFF622F284256
:10BEC800E22F2905C52EFEFF622F2805222F2806FE
:10BED800852E0100622F2806222F280A852E0100B0
:10BEE800622F280A222F2804852E0100622F280499
:10BEF800E22F2940C52EFDFF622F2840E22F29415D
:10BF0800C52EFDFF622F2841222F2803852E02000F
:10BF1800622F2803E22F2904C52EFDFF622F280473
:10BF2800E22F2942C52EFDFF622F2842222F280525
:10BF3800852E0200622F2805E22F2906C52EFDFF57
:10BF4800622F2806E22F290AC52EFDFF622F280A34
:10BF5800222F2804852E0200622F2804E22F2903AD
:10BF6800C52EFDFF622F2803E22F2940C52EBFFFF3
:10BF7800622F2840E22F2941C52EBFFF622F28419A
:10BF8800222F2803852E4000622F2803E22F290440
:10BF9800C52EBFFF622F2804E22F2942C52EBFFFFE
:10BFA800622F2842E22F2905C52EBFFF622F2805E0
:10BFB800222F2806852E4000622F2806222F280AC5
:10BFC800852E4000622F280A222F2804852E400043
:10BFD800622F2804E22F2940C52E7FFF622F2840B8
:10BFE800E22F2941C52E7FFF622F2841222F2803E7
:10BFF800852E8000622F2803E22F2904C52E7FFF9B
:10C00800622F2804E22F2942C52E7FFF622F284283
:10C01800222F2805852E8000622F2805222F28062A
:10C02800852E8000622F2806E22F290AC52E7FFF61
:10C03800622F280A222F2804852E8000622F2804C8
:10C04800E22F2903C52E7FFF622F2803E22F01402C
:10C05800C52EDFFF622F0040E22F0141C52EDFFF12
:10C06800622F0041222F0003852E2000622F00033B
:10C07800E22F0104C52EDFFF622F0004E22F0142E8
:10C08800C52EDFFF622F0042E22F0105C52EDFFF1C
:10C09800622F0005222F0006852E2000622F000641
:10C0A800222F000A852E2000622F000A222F00046A
:10C0B800852E2000622F0004E22F0140C52EEFFFDD
:10C0C800622F0040E22F0141C52EEFFF622F004191
:10C0D800222F0003852E1000622F0003E22F010497
:10C0E800C52EEFFF622F0004E22F0105C52EEFFFDA
:10C0F800622F0005E22F0106C52EEFFF622F000612
:10C10800E22F010AC52EEFFF622F000A222F00043A
:10C11800852E1000622F0004E22F0103C52EEFFFC9
:06C12800622F00037F00FE
:10C12E008007210E00A206A814B0F505D436FF0034
:10C13E0080FF1600CAB141A2D416FF00F511F1F529
:10C14E00165040063F0E01520A10B5054112CA5153
:10C15E00C22EFFFFE629B3FD7F0001520A10C5056E
:10C16E004112EA574002C22EFFFFEA29A3FD7F00CB
:10C17E00E7570100E651A225E651A90D6042BF0521
:10C18E000052D50D8651CA00E8572002F505604AC7
:10C19E0087FDA651CA00E95720028F52CA06FFFF3B
:10C1AE00E1570413E7570100E651E905C2516757FD
:10C1BE000000CA007F00A251B5FD7F00E731B30534
:10C1CE000650B50507500638A7517F000012A50589
:10C1DE004112C22EFFFFE629C1FD7F008007210C10
:10C1EE0006A080FF0E614016803FE257202C1430CF
:10C1FE00E0070004D20580FFB26040063F0C80FFCE
:10C20E00F2602206CDCCCC3DE257202CE007000494
:10C21E00B20D40AE2041F5A7643480FF8E60F55715
:10C22E006E5440063F0C2A06CDCCCC3D40063F0C4A
:10C23E000012A545C22EFF00E92F400228062063FA
:10C24E000300C541882F0100A84F0100C84A0549C7
:10C25E00882F0300A8470300C8420541D042094178
:10C26E006042922DC22EFF00E92F40022806206365
:10C27E000300C541882F0900E531DA1D8200E91758
:10C28E004002250620630300C22985170100A53749
:10C29E000100C832023185170300A52F0300C82AFA
:10C2AE000229D02A0629E5170100E7178000C25699
:10C2BE0001007F004112C22EFF00662AC6BD005249
:10C2CE007F006142BB750012D56DC22EFF00E92FB3
:10C2DE004002290620630300C549892F0500A9578E
:10C2EE000500C8520551892F0700A94F0700C84AFB
:10C2FE000549D04A0A49604AC255C22EFF00E92FAD
:10C30E004002290620630300C549892F0900E53143
:10C31E008A4DC22EFF00E92F40022606206303003D
:10C32E00C531862F0500A64F0500C84A0549862F40
:10C33E000700A6370700C8320531D0320931012A6D
:10C34E00E72FC0008200E917400227062063030092
:10C35E00C239871705006142A74705009A15C842E2
:10C36E00024187170700A73F0700C83A0239D03AA3
:10C37E000839271700000229662F00007F00C842E7
:10C38E00024187170700A73F0700C83A0239D03A83
:10C39E0008392717000025384711661700007F005F
:10C3AE004112C22EFF00662A96957F000012C545E7
:10C3BE00C22EFF00E92F4002280620630300C5416C
:10C3CE00882F0500A84F0500C84A0549882F070089
:10C3DE00A8470700C8420541D04209416042B22D2C
:10C3EE00C22EFF00E92F4002280620630300C5413C
:10C3FE00882F0900E531FA1DC22EFF00E92F4002F9
:10C40E00280620630300C541882F0500A84F0500AC
:10C41E00C84A0549882F0700A8470700C8420541AA
:10C42E00D0420941282F0000014AE74FC00025499C
:10C43E00684F00004112C22EFF00662AA6BD7F0083
:10C44E000012F52D0228C32A26060888DEFEC53105
:10C45E000238F83F400228062491DEFEC7416647A7
:10C46E0001006647050028060088DEFEC829204622
:10C47E000202E24720022906FC83DEFEC849654F10
:10C48E000100654F050029063C91DEFEC939663F65
:10C49E0005002606FE85DEFEC641654705004112F3
:10C4AE00601297D57F0080072100BFFF96FF001214
:10C4BE00D55DC63EFFFFC23AC246FF00C342C7412A
:10C4CE0029060088DEFEC94128470100C32AC72974
:10C4DE0027060888DEFEC729253F010067470D00A5
:10C4EE00253F01002046020267470600253F010056
:10C4FE0067070100253F010067070400253F010083
:10C50E0047071500253F010047071700253F01008B
:10C51E0047071400253F010047071300253F010080
:10C52E0047071200253F010047071600253F01006F
:10C53E0047071100252F0100450710004132C62E76
:10C54E00FFFF622A02288500D6B5C22A2606108869
:10C55E00DEFEC531C22EFF00F82F400227066863AB
:10C56E000300C539663F01004112C206FF00BA053D
:10C57E000032E5E52206E483DEFE222F01002606C8
:10C58E001891DEFE662F01002217050066170500C2
:0EC59E0040063F004016DFFE623721917F000D
:10C5AC008E0721EF4016DFFE221711886012E2077A
:10C5BC0093060012950DC22EFF0023360800C531DC
:10C5CC00460705004112C22EFF00682A23A60D0063
:10C5DC00B6F54016DFFE22AF898000B280075A06FE
:10C5EC00D6C6FF00C3C2D716FF00C212C2C12206B4
:10C5FC000888DEFEC2C138170100A21711006012B4
:10C60C00E20729063817010022170100B511601244
:10C61C00EC07190638170100A21711005F126412FB
:10C62C00EB070906C212E20638C602008007DE05D7
:10C63C008007E60580070C0080076A028007580314
:10C64C0038AF010095AF1100D6CEFF00C2CA61AA67
:10C65C00EA07450120AE310054AF000035061088C2
:10C66C00DEFED5C939AF010035AF0D0015AF0C009A
:10C67C0054AF010039AF010035AF0D0015AF0D00FF
:10C68C0054AF020039AF010035AF090063AF0900A8
:10C69C0003AA43AF0C0039AF0100B5AF150042A29D
:10C6AC0060AAC20508AA43AF0C0040AEDFFE3517E6
:10C6BC008980392F0100252F0D00252F0100C51170
:10C6CC00382F010065170100D616FF00C31225068E
:10C6DC00F483DEFEC229E537050023171900631722
:10C6EC0005002317150063170100234F1100234782
:10C6FC000D00233F090080FF843D35AF898038173A
:10C70C00010022170100B5116012872DCA16FF0017
:10C71C0061128A1D38AF010015171300411255170D
:10C72C00130040AEDFFE35AF8980391701002217A8
:10C73C000D0022170500D511382F010065170100D7
:10C74C00E5158A006552BA1538170100420710002A
:10C75C003817010042071100A50D38170100E23F00
:10C76C000500D636FF00014280FF960B38170100FA
:10C77C00A2171300392F0100252F0D00852F0F0054
:10C78C00E511E107A70438C70100F83F050007428F
:10C79C008007900420AE300054AF0000350610889E
:10C7AC00DEFED5C939AF010035AF090003124317BE
:10C7BC000C0063AF090039AF0100B5AF150060AADA
:10C7CC00C20508AA43AF0C0039AF010035AF0D000C
:10C7DC0015AF0C0054AF010039AF010035AF0D009F
:10C7EC0015AF0D0054AF020040AEDFFE3517898047
:10C7FC00392F0100252F0D00252F0100C511382FD1
:10C80C00010065170100D616FF00C3122506F4833C
:10C81C00DEFEC229E5370500231719006317050052
:10C82C002317150063170100234F110023470D0038
:10C83C00233F090080FF463C35AF89803817010043
:10C84C0022170100B51142A26012E7073D01CA167A
:10C85C00FF006112EA07210138AF010055071300F0
:10C86C0038AF010002125517110039AF010035AF76
:10C87C000D0015AF0C003817010042AF150039AF91
:10C88C00010035AF0D0015AF0C003817010042AF99
:10C89C0017003917010022170D0022170900800715
:10C8AC00580320AE320054AF0000D6AEFF00C2AA2F
:10C8BC0022061088DEFEC2A93517010022170D00D2
:10C8CC0002170C00541701003517010022170D0038
:10C8DC0002170D005417020035170100221709002A
:10C8EC00032A432F0C006317090035170100A21708
:10C8FC00150042A26012C205081243170C0040CE6C
:10C90C00DFFE3917898035AF010035AF0D0035AF2B
:10C91C000100D51138AF010075170100D6AEFF002C
:10C92C00C3AA2206F483DEFED511E237050023AF3D
:10C93C00190063AF050023AF150063AF0100234F4F
:10C94C00110023470D00233F090080FF303B39AF16
:10C95C0089803817010022170100B5116012C71524
:10C96C00CA16FF006112FA0538C7010058071100FA
:10C97C008007B8028A006552EA07B1023817010035
:10C98C0042071000A5F538C70100F83F0500014229
:10C99C008007900238AF010015AF140095AE20004F
:10C9AC0054AF0000D6CEFF00C2CA35061088DEFE9A
:10C9BC00D5C939AF010035AF0900011243170C007E
:10C9CC0063AF090041A238AF0100F5170900F52F3C
:10C9DC000500472A1430E51138170100BF65E22F16
:10C9EC00050022470D00F5D70900C541A5D1DA3E57
:10C9FC00FF0080FF465B23AE080015AF0400DAA9E8
:10CA0C0043AF0C0039AF0100B5AF150060AAC205E9
:10CA1C0008AA43AF0C0040AEDFFE35178980392FD2
:10CA2C000100252F0D00252F0100C511382F010005
:10CA3C0065170100D616FF00C3122506F483DEFE2F
:10CA4C00C229E537050023171900631705002317C2
:10CA5C00150063170100234F110023470D00233FDE
:10CA6C00090080FF183A35AF89803817010022176A
:10CA7C000100B5116012E7074901CA16FF006112E7
:10CA8C00EA072701D636FF00003A80FFD208381794
:10CA9C000100222F04009A00DA29622F040080077B
:10CAAC002A01E217050035470D00C241073A80FF05
:10CABC008A5A23AE080015AF040047AA43AF0C00F6
:10CACC0040AEDFFE35178980392F0100252F0D0070
:10CADC00252F0100C511382F010065170100D6164E
:10CAEC00FF00C3122506F483DEFEC229E5370500DC
:10CAFC00231719006317050023171500631701008E
:10CB0C00234F110023470D00233F090080FF6E398E
:10CB1C0035AF89803817010022170100B51160125A
:10CB2C00F74DCA16FF006112FA3D38AF0100151718
:10CB3C00140041125517140038AF01009517150059
:10CB4C00C2160F005517140038AF0100351704003A
:10CB5C0047127517040038AF0100B5AF170060AA73
:10CB6C00E20D38AF0100B5AF150060AA820D38AFE9
:10CB7C000100151715005F125517150038AF01008D
:10CB8C0095171700020610FFD705C2160F00E21604
:10CB9C00640040AEDFFE35AF8980D511382F01001F
:10CBAC0065170100A5158A006552FA0D38170100AA
:10CBBC00420710003817010042071100E505D63670
:10CBCC00FF00013A80FF980738170100A2171700E1
:10CBDC006012B22D38170100A21715006012DA2569
:10CBEC0038AF010001125517110039170100221737
:10CBFC000D002217050040AEDFFE35AF8980D51140
:10CC0C0038C70100781701008515D636FF00023AA7
:10CC1C0080FF4C07A50D38170100E23F05000342C9
:10CC2C00D636FF0080FFDA0641BAD716FF00621233
:10CC3C00F607B1F941B2D606FF00BA0500BAE5F520
:10CC4C004E063FEF8407210F4307070043070600FA
:10CC5C004307050043070400430703004307020092
:10CC6C004307010043070000430700004016DFFEA6
:10CC7C00221711886012E207B304683AEA07AD0480
:10CC8C0000A2B51DD416FFFFC21225061088DEFEC9
:10CC9C00C511222F0100252F0100E531FA054016A0
:10CCAC00DFFE012A422F1488B50D2217010022172E
:10CCBC000500E231D20541A2D406FFFFC2E5D4063D
:10CCCC00FFFFEA076704D4AEFFFFC3AA2206088859
:10CCDC00DEFEC2A935170100821711006112E207AE
:10CCEC004B040012B50DC22EFFFF0330C531082FC7
:10CCFC000000462F000041124142C22EFFFFE729DF
:10CD0C00B1F535170100A21711006512E2071D04D9
:10CD1C0083170100C2B60F00352F0100A52F11009B
:10CD2C00612A23BE0100FA05C22EF0000506D0FFD1
:10CD3C00EA07F903C216F000601282255012601245
:10CD4C00C25550126012E2078B025012EA07DD0343
:10CD5C0035BF0500B7BF110061BAEA07CF0362B255
:10CD6C00EA07910135AF050055071100D436FFFFD6
:10CD7C00083A80FFEA0544063F0F60B2E207AD03B4
:10CD8C0067B2EF07A70335170100A2171100601255
:10CD9C00A20D35170100E23F0500D436FFFF064215
:10CDAC0080FF5E0535170100620704000012D515DF
:10CDBC0035370100E6370500252F0D00C62917373A
:10CDCC00000045370000352F0100253704004132A3
:10CDDC0065370400411241BAC22EFFFFF629352FE8
:10CDEC000100F1E580078C024016DFFE82171588E2
:10CDFC006112AA15D416FFFFC3122506F483DEFEBA
:10CE0C00C229251701006012FA0540A6DFFE54075F
:10CE1C00148844063F0FC8B2A317010002B168B2D0
:10CE2C00E607090335170100A21711006012A20DC5
:10CE3C0035170100E23F0500D436FFFF064280FFA4
:10CE4C00C00435170100620704003517010062B7F2
:10CE5C00080035B701005607130035B70100F61767
:10CE6C000900F6B70700F6119B3D00B2C515353722
:10CE7C000100E637050022170D00C611052F010031
:10CE8C00422F000035170100222F0400412A622F87
:10CE9C00040041B2172805BE0100D616FFFF66122A
:10CEAC0035170100D6E5E23F0900D436FFFF80FFBD
:10CEBC000A0535A7010003B254B7110035A70100CC
:10CECC0001B254B7140040A6DFFE34A7898035AFF9
:10CEDC00010075A7010044063F0F35A70100740738
:10CEEC00010035A7010004AA54AF110044063F0FFE
:10CEFC0040BEDFFE97BF158861BABA1DD4BEFFFFD6
:10CF0C00C3BA2206F483DEFED71122BF010060BA39
:10CF1C008A1540B6DFFE5607148835AF0500550755
:10CF2C001100D436FFFF053A80FF340444063F0F4E
:10CF3C0061B28A1DD400C2A236061088DEFED6A1CC
:10CF4C0040B6DFFE36B7898034A7010034A70D0048
:10CF5C0034A70500D4B135A7050074B70100440609
:10CF6C003F0F60B2FADD40A6DFFE34A7898035B7EB
:10CF7C00050076A7010003A014B7010035BF05001A
:10CF8C0057B7170014B7010035BF050057B7150088
:10CF9C0014A7020035B7050056A7160083A7030097
:10CFAC00140680FFC60514060FFFE60583A70300D1
:10CFBC00140606FFF60535A7050020B67F0054B70A
:10CFCC00160035A7050005AA54AF110044063F0F03
:10CFDC0035170100A21711006212EA074F0135172D
:10CFEC000100822F1500E5B1A20DE23F0500D436F9
:10CFFC00FFFF044280FF0A0344063F0F022F140078
:10D00C00412A422F140035170100822F1500C52E1E
:10D01C000F00422F140035170100E22F09002217D0
:10D02C0004004712C200E511B9050012F53D351791
:10D03C000100E2170500D51535370100E63705006C
:10D04C00252F0D00C6291737000045370000352F56
:10D05C00010025370400413265370400411241BA02
:10D06C00352F0100E5370900C23EFFFFE639D1E557
:10D07C00E53F0500D436FFFF004280FF84024406E2
:10D08C003F0F352F010025370D00E52F0500C53169
:10D09C00172F0000462F0000352F01002537040004
:10D0AC00413265370400411241BAC22EFFFF672A94
:10D0BC0096EDD400C2A222061088DEFEC2A1401654
:10D0CC00DFFE22178980342F0100252F0D00252F1C
:10D0DC000900C511352F0100651701003517010036
:10D0EC00A21717006012922535170100A217150020
:10D0FC006012820D35170100022F15005F2A422F96
:10D10C00150035170100A21715006012EA0D35172E
:10D11C000100032A422F11004016DFFE22178980DE
:10D12C00352F01006517010044063F0F8E07218F34
:10D13C000610C31234060888DEFEC2A1341705009F
:10D14C0044A2A2171100601206A8EA07AF01001250
:10D15C00950DC22EFF0023360800C5314607050089
:10D16C004112C22EFF00682AD6F515B0C2B22206B3
:10D17C001088DEFEC2B1361701006012E2077D0195
:10D18C0034170100623F0D0034170100624708009C
:10D19C00341701006207040034170100420717001E
:10D1AC00341701004207150034170100012A422FE1
:10D1BC0014003617010022170900432F0C006317C7
:10D1CC00090034170100E21709006712CF654347C5
:10D1DC000D000816010043170C0036170100A217AA
:10D1EC001500601223360E00C205081243170C00FE
:10D1FC0008B83417010022470D00D7C6FF001838B5
:10D20C0080FF385334170100222F0400D829622FD5
:10D21C00040040C6DFFE38178980362F0100252F09
:10D22C000D00252F0100C511342F010065170100D9
:10D23C001510C3122506F483DEFEC229E53705005E
:10D24C002317190063170500231715006317010036
:10D25C00234F110023470D00233F090080FF1E328E
:10D26C0038178980342F0100252F0100A229602A4C
:10D27C0087458A00615234170100AA35E21709006C
:10D28C009700F711BF1D003A153080FFD2000152F4
:10D29C004E063F8F0810881282161000C2161F000F
:10D2AC0043170D0043470E0034170100012A422F8B
:10D2BC001100064223360F00959D4016DFFE221703
:10D2CC00898036AF010035AF0D0035AF0500D511A3
:10D2DC0034A701007417010001524E063F8F42071C
:10D2EC00110034AF01005507100000524E063F8F5D
:10D2FC00013A153080FF680000524E063F8F8007C0
:10D30C0021086042074806A0BA05013AC50D6342E0
:10D31C00920D6742F2056642D2056442B205614243
:10D32C00BA15023A1410C31225060888DEFEC51180
:10D33C002217010022470D004016DFFE2217219113
:10D34C001430E2C760F9C3A222060888DEFEC2A12F
:10D35C00341701004207110040063F0880072108DE
:10D36C00603A06A0BA05033AA50D623AF205683A8E
:10D37C00D205653AB205613ADA15043A1410C312B3
:10D38C0025060888DEFEC22925170500E24F070096
:10D39C0022470D004016DFFE221721911430E2C700
:10D3AC0060F9C3A222060888DEFED41122170500FC
:10D3BC004207110040063F0880072100074806106D
:10D3CC00C31225060888DEFEC22925170100224754
:10D3DC000D004016DFFE22172191053AE2C760F9D5
:10D3EC0040063F008407210043070700430706005F
:10D3FC0043070500430704004307030043070200EB
:10D40C00430701004307000043070000871705008E
:10D41C0027370100002AB50DC546FF000348C8494F
:10D42C00C7410847050049470000412AC546FF008F
:10D43C00E241B1F503400238BFFF0CF844063F004F
:10D44C000012F52D0228C32A2606248CDEFEC531D7
:10D45C000238FC3F400228065491DEFEC741664765
:10D46C0001006647050028061C8CDEFEC8292046F4
:10D47C000202E247200229061888DEFEC849654FE1
:10D48C000100654F050029067091DEFEC939663F23
:10D49C00050026061A8ADEFEC641654705004112C4
:10D4AC00601297D57F00C332C23AC7312206248C52
:10D4BC00DEFEC231261701006207010026170100AB
:10D4CC004207100026170100420711002617010021
:10D4DC00420712002617010042071400261701000C
:10D4EC004207150026170100420716007F0080072F
:10D4FC002100BFFF4EFF00129555C536FFFFC2320B
:10D50C000238C33AC6392606248CDEFEC7312647BC
:10D51C00010068070100264701006807050026473F
:10D52C00010068070C002647010068070E0028065A
:10D53C001C8CDEFEC839273F010026470100683FDE
:10D54C000900263F010047071000263F010047074E
:10D55C001100263F010047071200263F0100470734
:10D56C001300263F010047071400263F0100470720
:10D57C001500263F01004707160026370100403EE4
:10D58C00DFFE273F8980273E8813663F1900412A1A
:10D59C00C536FFFF6232A6B541126012BF05002AE4
:10D5AC0085FD2606F0D80200BFFFEEEF40063F00D7
:10D5BC008007210C00A28007E401D4AEFF00C3AAAF
:10D5CC002206248CDEFEC2A9351701006012E20788
:10D5DC00D501351705006012E207CB0135170100A4
:10D5EC00A21711006012DA2535170100A2171300DB
:10D5FC006112AA0D35170100062A422F11003517AA
:10D60C000100420713003517010082171300611245
:10D61C00EA0535170100012A422F110035170100C8
:10D62C00A21715006112DA05351701004207150023
:10D63C0035170100A21711006112AA2D3517010030
:10D64C00A21713006112EA0D35170100062A422FAA
:10D65C00110035170100420713003517010042076E
:10D66C00120035170100A217150061129A15351713
:10D67C00010042071500351701004207120035174B
:10D68C000100420711003517010062070100351730
:10D69C000500A217170061128A1535170500A2178D
:10D6AC0011006512A20D35170500042A422F110036
:10D6BC00351705004207170035170500A217110092
:10D6CC0064129A2D35170500E2470F00223F09001E
:10D6DC00D436FF00BFFF58FA6152FA053517050022
:10D6EC00052A422F1100F5154016DFFE022F2C8C57
:10D6FC00412A422F2C8C8500652ADA0D351705003E
:10D70C004207110035170500620701004016DFFEC5
:10D71C0042072C8C35170500A21711006512DA3D53
:10D72C004016DFFE42072C8C3517050082171500BA
:10D73C006112EA1D35170500420714003517010068
:10D74C00821711006112BA0D35170500420711003E
:10D75C0035170100062A422F1100A50D35170100BF
:10D76C0062070100D436FF00013ABFFF3CFD3517BC
:10D77C0005008217170061128A15351701008217F0
:10D78C0011006112DA053517010042071000D4367A
:10D79C00FF00013ABFFF12FD41A2D406FF00F207C1
:10D7AC001DFE40063F0C8007210806A080FFB84BE9
:10D7BC00C3A22206248CDEFEC2A134170100012A6A
:10D7CC00422F120034170100A21715006112DA055E
:10D7DC00341701004207150080FF8E4B40063F08AE
:10D7EC008007210C06A007A880FF7C4BC3A2220651
:10D7FC00248CDEFEC2A134170100012A422F130033
:10D80C0034170100A21715006112DA053417010054
:10D81C004207150080FF524B3417010062AF0C0019
:10D82C004016DFFE22178980402EDFFE252F19912E
:10D83C0034370100662F0500342F01002537050011
:10D84C00C6116517010040063F0C8007210806A091
:10D85C0080FF144BC3A22206248CDEFED4112217A7
:10D86C000500012A422F140080FFFE4A40063F08A3
:10D87C008007210806A080FFEE4AC3A22206248C52
:10D88C00DEFED41122170500012A422F160080FF5C
:10D89C00D84A40063F088007210806A080FFC84AE6
:10D8AC00C3A22206248CDEFEC2A134170100012A79
:10D8BC00422F150034170100A21713006112DA056C
:10D8CC0034170100420713003417010082171300AC
:10D8DC006112DA05341701004207120080FF8A4AF0
:10D8EC0040063F088007210C5F3A643A09A006A85D
:10D8FC00AB35C13AE70606D90200D505E515B51DCD
:10D90C008525D52520160202F51720022606188833
:10D91C00DEFEC231143880FF224CD536FF0014389D
:10D92C00BFFFC0FE40063F0CD536FF00BFFF6AFFAD
:10D93C0040063F0CD536FF00BFFF12FF40063F0CE0
:10D94C00D536FF00BFFF2CFF40063F0CD536FF003D
:08D95C00BFFF56FE40063F0C20
:10D96400BE0721EF231EE8FE06A023AE0400201606
:10D974009001002AD5111530C505462F000041320B
:10D98400E611CAFD6307050080FF54470AB0B4BF1F
:10D994000100013A153080FF7E440AA8B50060AA50
:10D9A400E42D00C218C8D515D816FF00C212232EC4
:10D9B4000400C229253F010023D6030001421A3086
:10D9C40080FFF63F1A17000062B9E0CFB4CB41C222
:10D9D400D816FF00F51196ED01125417000054B744
:10D9E400010054070200191088125417030054CF81
:10D9F40004000552231E18017E063FEF0052231E29
:10DA040018017E063FEFBE0721CF231EE8FE06A0C5
:10DA14002336040020169001002AC6110638C505D5
:10DA2400472F0000413AE711CAFD63070500B4AF70
:10DA34000100013A80FFE0430AB0B60060B2B44589
:10DA440002BA54BF000080FF96465457010000C23A
:10DA54008535D816FF00C212232E0400C22925CF13
:10DA64000100014223360300193880FF4C3FA317FD
:10DA7400030062A9D21DD72EFF00D4291930903299
:10DA840045370000172E01008500D429193088324B
:10DA940045370000172E02008500D42945CF000029
:10DAA400172E03008500D4294517000044BA41C24B
:10DAB400D816FF00F611E6CDD756FF00231E180135
:10DAC4007E063FCF0152231E18017E063FCFBE07BC
:10DAD400218F231EE0FE06A000AA0A12232E920123
:10DAE400C511C50545AF0000412AE511CAFD43072C
:10DAF4009201033020169001C6110628C50545AFD2
:10DB04000000412AE511CAFD6307010003125417FE
:10DB1400000080FF084001B20AB8853DD516FF0019
:10DB2400C2120328C22925C70100233E92011830DE
:10DB340080FF38400012D525D62EFFFFD429183097
:10DB4400903245370000162E0100C500D429183044
:10DB5400883245370000162E0200C500D42945C777
:10DB64000000162E0300C500D429C236FF00233E50
:10DB74009201C6390737000045370000411244B20C
:10DB8400C22EFF00EA2991DD41AAD516FF00D72E47
:10DB9400FF00E511C1C5D656FFFF231E20017E06F6
:10DBA4003F8FB60721EF06A043076900B4AF010019
:10DBB400B4170300942F030094B7050063076A00A9
:10DBC400C8AA05A9C8AA02A9014A23466900233E96
:10DBD4006A00153080FF92387F52DA058056FFFFC5
:10DBE40080071402A33F6900E3376B0080FF406E97
:10DBF4007F520AB8D20501C28056FFFFA51D61B24B
:10DC0400820D160601FFD20500C28056FFFF95154E
:10DC140001C223CE040019301538184080FF9A3D04
:10DC2400191700005417040054C7050000C2075216
:10DC340060C2E207C30161B2D205160601FFEA071A
:10DC4400B70101B223CE030019301538164080FF06
:10DC5400683D191700005417040054B70500E31772
:10DC64006B00EA1740022506FA6B0300C229051768
:10DC7400080042125417060000AA15B015C8F5355D
:10DC8400D5D6FF00DAD12206EC6B0300C2D1FA37F5
:10DC9400010080FF3C0723160500D911FA2F01006B
:10DCA4000530883242370000422F010042CA60C268
:10DCB400D21D0012F515F72E450026069496DEFEB9
:10DCC400C531202E30001638E53F823AC731062F81
:10DCD400040023360500D931462F0000411241CA01
:10DCE40041B2C22EFF00EA29F1E541AAD516FF0090
:10DCF4006212F6C500AAF555EA1740022506FA6B2A
:10DD04000300C22985170500A5370500C832023172
:10DD140085170700A53F0700C83A0239D03A0639EB
:10DD2400D516FF00C211C239E73701000638883A18
:10DD340023460500D941483F000048370100853794
:10DD44000500A53F0500C83A063985370700A52F09
:10DD54000700C82A0629D02A0729C229E537010065
:10DD640080FF6E0642CA60C2D21D0012F515F72E5E
:10DD7400450026069496DEFEC531202E3000163866
:10DD8400E53F823AC731062F040023360500D93116
:10DD9400462F0000411241CA41B2C22EFF00EA29B7
:10DDA400F1E541AAE3176B000228EA2F4002260698
:10DDB400FA6B0300C531862F0900A6370900C83263
:10DDC4000531D52EFF00E629869D0012D50DC22E01
:10DDD400FF001430C531233E0500C729052F00007C
:10DDE400462F07004112C22EFF00F92991F547CAB8
:10DDF400D956FFFF76063FEF8207218F06A0B4AF06
:10DE040001009417030094B70500B42F0300C8AAB7
:10DE140002A9C8AA05A901BA23C6030018301538F7
:10DE2400174080FF943B1817000054170400153066
:10DE340016381440174880FF5A3DCA0042063F8FE7
:10DE4400BE07A1FF231EE8FE06A023360400201609
:10DE54009001002AC6110638C505472F0000413A33
:10DE6400E711CAFD6307050094AF0300B4B70100CE
:10DE7400013A80FFA23F0AB8B70060BA843D00C2ED
:10DE840018C8D51DD816FF00C212232E0400C229BB
:10DE940025D7010001DA23E603001C301A381B40A1
:10DEA40080FF163B1CE700001A301B3880FFF23E4F
:10DEB4007CA9C2057651A20541CA41C2D816FF0009
:10DEC400F71196E507125417000080FF12425457C9
:10DED400010054070200191088125417030054CF8C
:10DEE40004000552231E18017E06BFFF0052231EA4
:10DEF40018017E06BFFFBE07A1FF231EE8FE06A091
:10DF040023AE040020169001002AD5111530C50552
:10DF1400462F00004132E611CAFD6307050094B79D
:10DF24000300B4BF010080FFB64154570100013A19
:10DF3400153080FFE23E0AA8B50060AAC45500C2AD
:10DF440002CAF545D816FF00C212232E0400C229C6
:10DF540025D7010001DA233603001A381B4080FF5D
:10DF6400583AA3E703001A301B3880FF343E7CB1D3
:10DF7400F22D7751D22DD916FF00D411425700004B
:10DF8400013A1A3080FF543E191601008200D41160
:10DF940042570000191602008200D4111A28902A50
:10DFA400422F0000191603008200D4111A28882A6F
:10DFB400422F0000191604008200D41142D7000039
:10DFC400191605008200D41142E7000046CA41C276
:10DFD400D816FF00F511F6B5D956FF00231E180117
:10DFE4007E06BFFF0052231E18017E06BFFF820774
:10DFF40021EF06A0B4AF030094B70300B4BF01003F
:10E0040080FFDC405457010017C0C8C216C1C8C203
:10E0140015C101CA23D603001A301838194080FFED
:10E0240098391AD700001830193880FF743D5457B6
:10E0340002001830193880FFA23D5457030054BF22
:10E04400040054B7050054AF060054D70700085223
:10E0540042063FEFBE0721CF231EE8FE06A023366B
:10E0640004002016900100AAC6110628C50545AF74
:10E074000000412AE511CAFD63070500013A80FF4B
:10E08400963D0AB00A125417000080FF52405457BC
:10E09400010002BAF52DD516FFFFC212232E04008B
:10E0A400C22925C7010023CE0300014219301838C4
:10E0B40080FF063919170000D72EFF00D429183025
:10E0C400903245370000172E01008500D4291830FE
:10E0D400883245370000172E02008500D42945C731
:10E0E4000000172E03008500D4294517000041AA1B
:10E0F40044BAD516FFFFF611F6CDD756FF00231EFE
:10E1040018017E063FCF8207210E06A080FF543DF2
:10E114000AA80B125417000080FFC43F5457010093
:10E1240060AA921D23B6030001421630153880FF01
:10E134008838161700001528902A542F0200152835
:10E14400882A542F030054AF0400541705000652C4
:10E1540042063F0E025242063F0E8207210E06A0DF
:10E1640080FF243D0AA80C125417000080FF703F62
:10E174005457010060AA921D23B6030001421630D1
:10E18400153880FF3438161700001528902A542FAC
:10E1940002001528882A542F030054AF0400541792
:10E1A4000500065242063F0E025242063F0EBE07CB
:10E1B400210F231EECFE06A003302016900100AAB6
:10E1C400C6110628C50545AF0000412AE511CAFD60
:10E1D4006307010001B2163880FF3C3C201614008E
:10E1E400541700000AB8852DD616FF00D411D52E79
:10E1F400FF00C22A0330C531263701000628902AC1
:10E20400422F0000161601008200D4110628882A25
:10E21400422F0000161602008200D411423700007B
:10E22400013A80FF923C161603008200D411425733
:10E23400000041AA44B2D516FF00F711E1D5D65625
:10E24400FF00231E14017E063F0FBE0721CF231EAD
:10E25400E8FE06A02336040020169001002AC61109
:10E264000638C505472F0000413AE711CAFD630788
:10E274000500013A80FF7E3C0AAE0000C44520162A
:10E2840015005417000020167F005417010000B237
:10E2940002BAF52DD616FF00C212232E0400C2299D
:10E2A40025C7010023CE030001421930183880FF2E
:10E2B400083719170000D72EFF00D42918309032E0
:10E2C40045370000172E01008500D4291830883204
:10E2D40045370000172E02008500D42945C70000E9
:10E2E400172E03008500D4294517000041B244BA13
:10E2F400D616FF00F511F6CDD756FF00231E1801E0
:10E304007E063FCF0052231E18017E063FCF001227
:10E31400855DC22EFFFFFC2F40022906906003009A
:10E32400C549892F0100094F0100C84A0549C900A0
:10E33400E931EA45C22EFFFFFC2F40022906906016
:10E344000300C549A92F0900652AAA3DC22EFFFF73
:10E35400FC2F4002260690600300C531862F17006B
:10E36400A6371700C8320531002AD525C24EFFFF53
:10E37400FC4F40022A0690600300C9518A4F1300E3
:10E38400AA5F1300C85A09598A4F1500AA571500E5
:10E39400C8520951D0520B51C54EFFFFC9510A57FB
:10E3A4000000C74949570000284F0100414A684FFF
:10E3B4000100412AC54EFFFFE64991DD850D41125A
:10E3C400C22EFFFF204E1100E929C1A57F000012D3
:10E3D400952DC22EFFFFFC2F4002270690600300FC
:10E3E400C539872F0100073F0100C83A0539C70026
:10E3F400E731FA15C22EFFFFFC2F4002270690607A
:10E404000300C539A72F0900652ABA0DC200FC17FD
:10E414004002250690600300C229855717007F003B
:10E424004112C22EFFFF203E1100E729B1D5005250
:02E434007F0067
:10E436008E07210E4016DFFE8217318C601206A071
:10E44600BA1D14170800402EDFFE4517418C3417FD
:10E456000100A2170100C2167F00402EDFFE4517FD
:10E46600408C34170100A2170100C2168000402E0E
:10E47600DFFE4517428C4016DFFE8217318C611293
:10E48600EA254016DFFE2217358C402EDFFE252FAB
:10E496008980E511E90773024016DFFE4207308CDA
:10E4A600031274170A0034170500202E7F00422F2E
:10E4B600000034170500202E1000422F010034A75B
:10E4C6000500542F020002524E063F0E4016DFFE94
:10E4D6008237418C27063C8CDEFE80FF320260527A
:10E4E600BA15031274170A0034170500202E7F0090
:10E4F600422F000034170500202E1000422F010085
:10E5060020161200853D4016DFFE22173D8CA237ED
:10E51600070082170700C832023180FF7802605276
:10E52600BA15031274170A0034170500202E7F004F
:10E53600422F000034170500202E1000422F010044
:10E5460020167E00851D4016DFFEA217418C621242
:10E55600921D031274170A0034170500202E7F003F
:10E56600422F000034170500202E1000422F010014
:10E576002016130034A705005417020002524E0657
:10E586003F0E4016DFFE22173D8CA22F0300823776
:10E596000300A23F010082170100C83A0239C82AC7
:10E5A6000629D02A0729E5C760F94016DFFE82173B
:10E5B600398C6112FA154016DFFE4207388C0312B9
:10E5C60074170A0034170500202E7F00422F000022
:10E5D60034170500202E1000422F010020162200BD
:10E5E600A5CD4016DFFE8217438C020680FFDA2592
:10E5F60040A6DFFE34A73D8C14A708002706398CF9
:10E60600DEFE47A700003406F1FFFF0043A7010026
:10E6160020A686F143A7000001A243A702004307F4
:10E62600030002A243A704000330BFFF3CADBFFFB7
:10E636000ABC03524E063F0E4016DFFEA217318C6F
:10E6460061129A2540A6DFFE34A73D8C14A7080068
:10E656004016DFFE42A7398C40A6DFFE5407318CF8
:10E6660040A6DFFE01125417308C40A6DFFE34A709
:10E67600898034A688134016DFFE62A7358C0452C3
:10E686004E063F0E051274170A004016DFFE2217CB
:10E696003D8C021708003506398CDEFE5517000042
:10E6A6002206F1FFFF0043170100201686F14317EB
:10E6B600000001B243B702004307030002124317EA
:10E6C600040003301538BFFFA0AC15170000342F27
:10E6D60005004517010034170500420702003417EC
:10E6E6000500202E3200422F03003417050042B7E2
:10E6F600040034170500142A422F0500BFFF3CBB57
:10E7060016504E063F0E04524E063F0E0012951D41
:10E71600C22EFF00E92F4002280634690300C541D6
:10E72600882F0900E531CA0D8200E9174002250647
:10E7360034690300C229672F010001527F0041128C
:10E74600C22EFF00642AD6E500527F008E07210004
:10E756004016DFFEA217398C6112A21D2706398CDE
:10E76600DEFE0112471700002506F1FFFF00432FCA
:10E776000100202E86F1432F0000431702004307B5
:10E7860003000212431704000330BFFFDCAB4E0642
:10E796003F000012B525C22EFF00E92F40022706D2
:10E7A60034690300C539872F0900403EDFFEA73FC5
:10E7B600398CE539AA158200E91740022506346925
:10E7C6000300C22985170500052F0500C82A02295E
:10E7D6006629820D01527F004112C22EFF00642A73
:10E7E600B6DD00527F009007210C40160300021789
:10E7F600806343171F0001A243A71E002206F1FFF4
:10E80600FF0043170300201686F14317020043A7B3
:10E8160004004307050002124317060023AE1F003B
:10E82600233602001538BFFF90AA233E1E0015307E
:10E83600144080FF223D6052BA1D2706398CDEFE49
:10E846000112471700002506F1FFFF00432F0300C2
:10E85600202E86F1432F02004317040043070500CC
:10E8660002124317060023360200BFFFFCAA500619
:02E876003F0C55
:10E8780082072108630701004016DFFE8217458CD6
:10E88800601206A0BA1D14170800402EDFFE4517B7
:10E898004F8C34170100A2170100C2167F00402ECA
:10E8A800DFFE45174E8C34170100A2170100C2166F
:10E8B8008000402EDFFE4517508C4016DFFE821781
:10E8C800458C6112FA0D4016DFFE2217498C402E46
:10E8D800DFFE252F8980E511E10715010452800725
:10E8E800AE014016DFFE82374F8C033880FFA4014B
:10E8F8006052BA15031274170A0034170500202E47
:10E908007F00422F000034170500202E1100422FEF
:10E91800010020161200A5354016DFFEA2174F8C05
:10E928006212B215031274170A0034170500202E5C
:10E938007F00422F000034170500202E1100422FBF
:10E94800010020161300A51D23170100A23705009A
:10E95800BFFF70B760529A1D031274170A0034176C
:10E968000500202E7F00422F000034170500202EBE
:10E978001100422F01002016330034A70500541758
:10E988000200025242063F0823170100822F0100AD
:10E99800A2370100C8320531822F0300A2170300F5
:10E9A800C8120511D012061160129A1D03127417AD
:10E9B8000A0034170500202E7F00422F000034176C
:10E9C8000500202E1100422F01003417050020A653
:10E9D800100042A70200025242063F08E2C760F94F
:10E9E8004016DFFE82174D8C6112BA150312741798
:10E9F8000A0034170500202E7F00422F000034172C
:10EA08000500202E1100422F010020161000E5B548
:10EA18004016DFFEA217458C6112BA1540A6DFFE2C
:10EA280001125417448C40A6DFFE34A7898034A60F
:10EA380088134016DFFE62A7498C035242063F083E
:10EA48004016DFFE8217518C020680FFBA0503527A
:10EA5800E51D2317010082170500342F0500203615
:10EA6800110045370000232F0100052F040034371B
:10EA78000500462F01006412FA0534170500202E00
:10EA88001000422F0200015274570A0042063F0844
:10EA98000012951DC22EFF00E62F40022806586975
:10EAA8000300C541882F0500E531CA0D8200E6172D
:10EAB8004002250658690300C229672F0100015248
:10EAC8007F004112C22EFF00632AD6E500527F0064
:10EAD8008807210C43070F0043070E0043070D006A
:10EAE80043070C0043070B0043070A0043070900CC
:10EAF80043070800430708004016DFFE8217C59049
:10EB08006112AA2D0212431708002016510043175C
:10EB1800090001A243A70A0043070B0043070C00A2
:10EB280043070D0043070E0043070F004016DFFEA2
:10EB38004207C49000AA1530BFFF9CB62016F10703
:10EB480063170500630701000842233E08001430DC
:0AEB58001548BEFF02BE48063F0C40
:10EB620080072108E6170900641206A0921D03120D
:10EB720074170A0034170500202E7F00422F000070
:10EB820034170500202E1400422F01002016130016
:10EB920034A7050054170200025240063F083417FA
:10EBA2000100822F0300A2370100C8320531C832AA
:10EBB200A2170300023100120228E50DC23EFF0037
:10EBC200C23A28068C600300C741283F0100E731A2
:10EBD200E12F042B4112C206FF0092F5C506FF0089
:10EBE200822580FF1E336052A20D74070A00015273
:10EBF20040A6DFFE5457909140063F080312741757
:10EC02000A0034170500202E7F00422F000034171F
:10EC12000500202E1400422F01002016720095BD1F
:10EC2200031274170A0034170500202E7F00422FAA
:10EC3200000034170500202E1400422F0100341763
:10EC42000500202E3100422F0200025240063F08EA
:10EC5200BE07210F231E80FFE6A709002016FA0037
:10EC6200002A233E0200C711C505472F0000413A82
:10EC7200E711CAFD4307020026170100A2AF0100F7
:10EC820006B0C50DC536FF00233E0200C639C231AB
:10EC92000637010047370000412AC536FF00143EFF
:10ECA200FFFFE73186F500BA1710175080071601EB
:10ECB200D72EFF00E92F400226065C600300C53113
:10ECC200862F0100A63F0100C83A0539862F0300AE
:10ECD200A6370300C8320531D0320731E6A99A754A
:10ECE200D716FF00E917400225065C600300C2291F
:10ECF20085170900E2A1EA35D716FF00E91740029D
:10ED020025065C600300C229A517070085370700A6
:10ED1200A53F0500852F0500C83A0539C81206111E
:10ED2200D012071123360200E2C760F9EA006052EE
:10ED320094350012E50DC2AEFF0036BF0500D5B90D
:10ED4200232E0200C5A915AF000057AF01004112E2
:10ED5200C2AEFF00EAA986F576570A0001120250F8
:10ED6200E5353617050020AE7F0042AF00003617AA
:10ED7200050020AE190042AF01003617050020AE93
:10ED8200130042AF0200031276170A000252011268
:10ED9200E51D36170500202E7F00422F0000361792
:10EDA2000500202E1900422F010036170500202EE3
:10EDB2003100422F0200031276170A00025201129A
:10EDC20041BAD72EFF00652AF107E9FE61A2BF1DF5
:10EDD20036170500202E7F00422F0000361705004F
:10EDE200202E1900422F0100202E13003617050095
:10EDF200422F0200031276170A000252231E8000DD
:10EE02007E063F0FC206FF008A1536170500202E28
:10EE12007F00422F000036170500202E1900422FD6
:10EE22000100202E1200B5E5231E80007E063F0F52
:10EE3200860721CF63070900630706006307040002
:10EE42006307020063070000630700004016DFFE4D
:10EE5200012A622F558CE617090002A6FFFF022A3B
:10EE620045A0631206A8A10D69128F0DF5170900BE
:10EE7200C2060100B2050012B52D3517050020A605
:10EE82007F0042A700003517050020A6220042A7F6
:10EE920001003517050020A6130042A702008007D3
:10EEA2003201C22EFFFFC5290330C531353F0100B3
:10EEB200C539073F0100C83A663F000035470100E7
:10EEC200C829852F03000539663F00004112C22E72
:10EED200FFFFD436FFFFE629D1E500B216B8E55DA3
:10EEE200D716FFFFC21103C0C2C1F8370100233E8B
:10EEF200080080FF38016052825523B70900B637F7
:10EF02000D00BFFFC4B1605235B70500EA1520A657
:10EF12007F0056A7000035B7050020A6220056A79D
:10EF2200010035B7050020A6330056A7020003B240
:10EF320075B70A0001B2853D40CEDFFE3917558C08
:10EF4200C2B1F817010088125617000039B7558C64
:10EF520041B279B7558C35170500D61118B70000A4
:10EF620042B7000039B7558C41B279B7558C353F5D
:10EF7200050023370900D639BFFF42A323B7090092
:10EF820096170300B6B70300C8B202B13917558C01
:10EF9200D6117917558C01B241BAD716FFFFD42E7C
:10EFA200FFFFE511E19DD606FF009A1D351705000A
:10EFB200202E7F00422F000035170500202E220050
:10EFC200422F010035170500202E3100422F02008A
:10EFD200031275170A00025246063FCF4016DFFEA3
:10EFE2002217558C202E0102E511C1153517050097
:10EFF200202E7F00422F000035170500202E220010
:10F00200422F010035170500202E1400422F030065
:10F0120085E55F1275170A004016DFFE6207558C00
:10F02200015246063FCF7F007F0080072100001279
:10F03200F525C22EFFFFFC2F400228069060030038
:10F04200C541882F010008470100C8420541C80098
:10F05200E831DA15C200FC17400225069060030071
:10F06200C229672F0100A5370B00BFFF7AB060529B
:10F07200B2050152C50D005240063F004112C22E98
:10F08200FFFF20461100E829D1D5005240063F007B
:10F092008607210E26170100A2A7010043070B00D5
:10F0A20043070A0063070500E6170900611206A874
:10F0B200D76523460400233E0B00143080FFA004D2
:10F0C2006052EA1503A275A70A0035A705002016AB
:10F0D2007F005417000035A705002016270054179B
:10F0E200010035A7050020AE120080075201231748
:10F0F2000500A237050082170500C8320231BFFFA2
:10F1020098F66052EA1503A275A70A0035A7050012
:10F1120020167F005417000035A70500201627008F
:10F122005417010035A7050020AE7E0080071001AC
:10F13200233F050023360A0080FFDA03220694915A
:10F14200DEFE832F0B00C511821701006312EB074D
:10F152009503C212E2065CF10200800710008007EC
:10F16200AC00800776028007BC02A3170B00601276
:10F17200FA6DF51709006212D21503A275A70A00EB
:10F1820035A7050020167F005417000035A705009B
:10F19200201627005417010035A7050020AE1300E2
:10F1A200E54D35170500202E2700422F00003517A8
:10F1B200050042A7010040A6030034A7896923176E
:10F1C2000500A23F090035370500423228069A9110
:10F1D200DEFEF4C760F923A70500B4A7090041A227
:10F1E20075A70A003406A891DEFE83AF0B00D5A1F5
:10F1F2005407000034069491DEFE83AF0B00D5A1C4
:10F2020001525457000046063F0E401603002217D3
:10F212008D6960129A1D03A275A70A0035A7050021
:10F2220020167F005417000035A70500201627007E
:10F232005417010035A7050020AE350054AF020077
:10F24200025246063F0EA3170B006112D21503A20B
:10F2520075A70A0035A7050020167F005417000085
:10F2620035A70500201627005417010035A7050011
:10F2720020AE2400C5E52317050082470B00152F99
:10F2820008005E2A8500E829EA07AB01402E030048
:10F29200252F8D69823F0900A24F090035370100F1
:10F2A200633F0100423236069691DEFE1638E5C70C
:10F2B20060F92317050082470B0027069A91DEFEAC
:10F2C200163080FF0A036052E215231705008237C9
:10F2D200090080FF260335170500202E2700422F44
:10F2E20000003517050042A70100015275570A00B8
:10F2F20046063F0E3406A891DEFE83170B00D4119A
:10F30200022F0000412A422F0000031275170A0043
:10F3120035170500202E7F00422F0000351705000B
:10F32200202E2700422F010083170B00C2A194A7B1
:10F332000100232F0500A5370D00E6A1B91DA5A7E1
:10F342000100C8A28537010006A1A5370300C83213
:10F35200852F03000531D032143126A70100C212D5
:10F362002506AC91DEFEC22965A7010020A6350064
:10F37200A57534069491DEFEC2A15407000035A79C
:10F38200050020AE360054AF020023A70500B4A743
:10F392000B0061A2EA07790183A70B00C2A235061E
:10F3A200A091DEFED4A940A6DFFE34A7898075A70E
:10F3B200010034069491DEFE83AF0B00D5A1025208
:10F3C200545700003406A891DEFE83AF0B00D5A18E
:10F3D2005407000046063F0E03A275A70A0035A790
:10F3E200050020167F005417000035A705002016DF
:10F3F20027005417010035A7050020AE370054AF8F
:10F40200020083A70B00C2A23506A091DEFED4A99A
:10F4120040A6DFFE34A7898075A701000252460686
:10F422003F0EA3170B006012F51709008A3D621206
:10F43200921D031275170A003517050020A67F00DA
:10F4420042A700003517050020A6270042A70100A9
:10F4520020A613003517050042A7020002524606F5
:10F462003F0E35170500202E2700422F00003517CA
:10F47200050042A7010023170500A23F0900353706
:10F482000500423280FFBE0023170500A2170900C3
:10F49200411275170A00015246063F0E232F05003E
:10F4A200852F0B00033275370A0035370500203EE1
:10F4B2007F00463F000035370500203E2700463FCB
:10F4C20001005E128200E51135AF0500820D2016A3
:10F4D200130055170200025246063F0E2016240062
:10F4E20095FD031275170A0035170500202E7F00BF
:10F4F200422F000035170500202E2700422F010061
:10F5020035170500202E2400422F02000252460623
:10F512003F0E0012A515C22EFF00EE2F4002280654
:10F522006C690300C541882F090087470900E5413E
:10F53200BA05461700004112C22EFF00622AC6ED2C
:10F542007F000012F505C22EFF00C6294507000004
:10F552004112C22EFF00E729F1F57F0000520A1086
:10F562008535C22EFF00EE2F400229066C6903008A
:10F57200C549892F0900E531DA0547070000015224
:10F582009515C22EFF00EE2F400229066C6903007A
:10F59200C549892F0900412AE629CA050152475760
:10F5A2000000CA06FF00C20D8200EE1740022506C7
:10F5B2006C690300C229682F01008A007F00411292
:10F5C200C22EFF00622AE6CD8A007F000012D50D0E
:10F5D200C22EFF000648C549894F0100C729852F61
:10F5E2000100E5498A0D4112C22EFF00E82991F57A
:10F5F2000152A50500527F000012E50DC22EFF0048
:10F6020027069491DEFEC729853F0100623AB205C2
:10F61200450700004112C22EFF00622A86F5001241
:10F62200C52DC22EFF00EE2F400227066C69030093
:10F63200C539872F0900E531FA1D82000228EE2F15
:10F64200400226066C690300C531862F0700063783
:10F652000700C8320531403EDFFE6737588C40361E
:10F66200DFFE462FC29025069491DEFEC2290312C8
:10F67200451700007F004112C22EFF00622AA6D564
:10F682007F008007210E00A2D525D4AEFF002206FE
:10F692009491DEFEC2A9951701006212AA1DD4B68A
:10F6A200FF00C2B22206A091DEFED611402EDFFE7E
:10F6B20025378980223F0100BFFF78A12206AC9145
:10F6C200DEFEC2B136170100E251B1055507000056
:10F6D20041A2D416FF00621296DD40063F0E40168C
:10F6E200DFFEE257598C7F00800721084016DFFEBB
:10F6F2006207E58C4016DFFE6207E98C00A2F52561
:10F70200D416FF0025069491DEFEC511822F01005A
:10F71200622AC21D420700004016DFFEE217598C22
:10F722006012C2154016DFFE6207588C4016DFFEDB
:10F732004207C290D416FF002506A891DEFEC5112D
:10F74200420700000032BFFF94AA41A2D416FF0074
:10F752006212F6D540063F08800721000012851D7F
:10F76200C22EFF000530C2322706AC91DEFEC6393A
:10F77200670701002706A091DEFEC7316607010078
:10F7820026069491DEFEC531460700004112C22EC4
:10F79200FF00622AE6E54016030022179169601213
:10F7A200B205E2C760F94016DFFE8217C39061120C
:10F7B200EA054016DFFE012A622F588C40063F0000
:10F7C200800721002616FF008200C31225065C8CEA
:10F7D200DEFEC229A517070085370700A54F0500E1
:10F7E200852F0500C84A0549C8120611D012091111
:10F7F20007300838E2C760F940063F008007210E53
:10F8020026170100A22F0100C5A68000E63F0900CD
:10F81200633A8217030006A8921D031275170A00A5
:10F8220035170500202E7F00422F000035170500F6
:10F83200202E2800422F0100202E1300351705002C
:10F84200422F0200025240063F0E6012B2056412BD
:10F85200B615031275170A0035170500202E7F0012
:10F86200422F000035170500202E2800422F0100EC
:10F87200202E3100C5E5C5B67F0063B2DB35160820
:10F88200C10AE1068AF80200C505B51DF51DF52578
:10F89200402EDFFE0547748C402EDFFE053F758C3F
:10F8A2000230BFFF1EFF011275170A0035AF0500B7
:10F8B20055B7010040AEDFFE55B70C9600AAB52D34
:10F8C200402EDFFE0547768C85ED402EDFFE054794
:10F8D200748C402EDFFE053F778CB5E5402EDFFEAF
:10F8E2000547768CF5F5031275170A0035170500E2
:10F8F200202E7F00422F000035170500202E280001
:10F90200422F01003517050020AE120042AF02005F
:10F91200021201AA60A2E22F00001529602AE31751
:10F92200045340063F0E800721000132063880FF53
:06F932000A2A40063F0016
:10F938008207210C63070100261708005D12402E7C
:10F94800DFFE6517788C26170100822F0300A2A717
:10F958000100C8A205A1E6170900631206A88F15C1
:10F9680035A7050020167F005417000035A70500AD
:10F9780020162E005417010020161300953D033859
:10F98800143080FF46016052C25D23170100822FA8
:10F99800030002370300C8320531C600402EDFFEDF
:10F9A800E52F798CE62982153517050020A67F00FA
:10F9B80042A700003517050020A62E0042A7010027
:10F9C80020A61300C56582370D00BFFFF6A660525A
:10F9D8009A1D35A7050020167F005417000035A78B
:10F9E800050020162E00541701002016330035A7F5
:10F9F80005005417020003A275A70A000252420626
:10FA08003F0C2337010080FF28016052A21D2317F5
:10FA18000100822F0F00A2370F00C8320531822F54
:10FA28001100A2171100C8120511D0120611601298
:10FA3800F215D436FF001538E2C760F96152821515
:10FA480035A7050020167F005417000035A70500CC
:10FA580020162E00541701002016310095CD353F91
:10FA6800010023370100433ABFFFFC986052351765
:10FA78000500FA1520A67F0042A7000035170500EB
:10FA880020A62E0042A7010020A672003517050007
:10FA980042A70200031275170A00025242063F0CE1
:10FAA800202E2E00422F0000021275170A00141093
:10FAB8008812352F0500451701003517050042A7A4
:10FAC8000200015242063F0C800721000012F52572
:10FAD800C22EFFFFFC2F4002280690600300C5419C
:10FAE800882F010008470100C8420541C800E831D5
:10FAF800DA15C200FC174002250690600300C229EF
:10FB0800672F010085370B00BFFFD6A56052B205ED
:10FB18000152C50D005240063F004112C22EFFFFA0
:10FB280020461100E829D1D5005240063F000012B6
:10FB3800C525C22EFFFFFC2F400227069060030058
:10FB4800C539872F0100073F0100C83A0539C700AA
:10FB5800062F0100C82A864701000829C500E53993
:10FB6800BA0D061709005E1282006112BB05015228
:10FB7800B50D00527F004112C22EFFFF203E11003A
:08FB8800E72981DD00527F0036
:10FB90008007210C4016DFFE82177D8C601206A0C4
:10FBA000FA2514170800402EDFFE4517868C3417FF
:10FBB0000100A2170100C2167F00402EDFFE45178C
:10FBC000848C34170100A2170100C2168000402E59
:10FBD000DFFE4517858C34170100A22F03000217A2
:10FBE0000200C8120511402EDFFE65177E8C4016FC
:10FBF000DFFE82177D8C6112EA074F014016DFFE9F
:10FC00002247818C88170B006012E20705015E1203
:10FC10006012B2356112CA7DA8170300882F030055
:10FC2000A83F0100884F010034370100C83A093964
:10FC3000C8120511D01207114432033AE2C760F925
:10FC400034170500202E3100422F00003417050024
:10FC5000012A422F01004016DFFEE22F7F8C882A06
:10FC600034370500462F020002177E8C342F050022
:10FC7000451703000012D52D34170100202E310046
:10FC8000422F00004016DFFE2247818CA817030098
:10FC9000882F0300A83F0100884F0100343701007E
:10FCA000C83A0939C8120511D01207114432013A75
:10FCB000E2C760F9045240063F0CC236FF00343FF1
:10FCC0000500C639C531062F0D00472F040041122B
:10FCD000402EDFFE252F818C85370F00C23EFF00AE
:10FCE000E639C1EDA5170900852F0F00C5115F1278
:10FCF00074170A0040A6DFFE54077C8C40A6DFFE86
:10FD000034A7818C54070A00015240063F0C341777
:10FD10000500202E7F00422F000034170500202E02
:10FD20003100422F010034170500202E7200422FAF
:10FD30000200031274170A0040A6DFFE54077C8CF1
:10FD4000025240063F0C4016DFFE8217878C63127A
:10FD5000F74D4016DFFEE2377F8C2706808CDEFEF3
:10FD600080FFF0036052E20733014016DFFE2217E6
:10FD7000818CA2370B00BFFF70A36052E2071D0108
:10FD80004016DFFE2217818C82370D00BFFF3CA397
:10FD900060529A1534170500202E7F00422F000074
:10FDA00034170500202E3100422F0100202E330091
:10FDB0008007BC0234170100A2170100402EDFFEAD
:10FDC0004517848C6312E2073B026212E207D101FD
:10FDD0006112EA075B034016DFFE8217878C402E14
:10FDE000DFFE2547818C882F0700E5119215341717
:10FDF0000500202E7F00422F000034170500202E22
:10FE00003100422F0100202E130080076202881764
:10FE10000B006012EA073D02A8170100C812882FE4
:10FE200001000511A82F0300C82A883703000629FE
:10FE3000D02A0229602AB21DA8170300882F0300C8
:10FE4000A83F0100884F010034370100C83A093942
:10FE5000C8120511D01207114432013AE2C760F905
:10FE60004016DFFE8217B791601292153417050015
:10FE7000202E7F00422F000034170500202E310075
:10FE8000422F0100202E22008007E4014016DFFEF1
:10FE90008217B5916012F20D34170500202E7F00F5
:10FEA000422F000034170500202E3100422F0100A0
:10FEB0008007BC014016DFFEA217B59160129215B3
:10FEC00034170500202E7F00422F00003417050054
:10FED000202E3100422F0100202E72008007900159
:10FEE0004016DFFE2217818C822F0B00622ABA1582
:10FEF000A21711006112FA0D34A70100201631007B
:10FF00005417000040A6DFFE011254177C8C0452E7
:10FF100040063F0C4016DFFEA217858C020680FFCC
:10FF2000E2072B0234170500202E3100422F00007B
:10FF300034170500012A422F01004016DFFEE22F90
:10FF40007F8C882A34370500462F020002177E8CEA
:10FF5000342F0500451703000012C50DC236FF00FF
:10FF6000343F0500C639C531062F0D00472F040068
:10FF70004112402EDFFE252F818C85370F00C23EB7
:10FF8000FF00E639C1EDA5170900852F0F00C51147
:10FF90005F1274170A00015240063F0C4016DFFE44
:10FFA0008217878C402EDFFE252F818CA537070016
:10FFB000E611BA3585170B006012B24D4016DFFE10
:10FFC000A217858C020680FFE20783014016DFFE40
:10FFD0002247818CA8170300882F0300A83F010047
:10FFE000884F010034370100C83A0939C812051199
:10FFF000D01207114432023AE2C760F940063F0CC2
:020000023000CC
:100000004016DFFE8217878C402EDFFE252F818C65
:1000100085370900E611921D342F050020167F0058
:1000200045170000342F0500201631004517010048
:10003000342F05002016130045170200032A742FE1
:100040000A00025240063F0C85170B0060129A1DF1
:1000500034170500202E7F00422F000034170500C2
:10006000202E3100422F0100202E240034170500DD
:10007000422F0200031274170A00025240063F0C7E
:100080004016DFFEA217858C020680FFF25D401647
:10009000DFFE2247818CA8170300882F0300A83FAA
:1000A0000100884F010034370100C83A0939C812ED
:1000B0000511D0120711443203AA1538E2C760F9BE
:1000C00034170500202E3100422F000034170500A0
:1000D00042AF01004016DFFEE22F7F8C882A3437C2
:1000E0000500462F020002177E8C342F05004517AD
:1000F00003000012C50DC236FF00343F0500C639AB
:10010000C531062F0D00472F04004112402EDFFE9F
:10011000252F818C85371100C23EFF00E639C1EDE5
:10012000A5170900852F1100BF0766FE34170500CB
:10013000202E7F00422F000034170500202E3100B2
:10014000422F0100202E1200A595035240063F0CBD
:100150000012E51DC22EFFFFF42F40022806F08C8E
:10016000DEFEC541882F050008470500C84205414D
:10017000C800E831CA0DC200F41740022506F08C11
:10018000DEFEC229672F010001527F004112C22EFC
:0A019000FFFF642A81E500527F00A2
:10019A00E61709006212DA2D26170100A2170100DC
:1001AA00020680FFD235601226170500DA0D202ECE
:1001BA003E00422F000026170500420701000152A7
:1001CA0066570A007F00202E7F00422F0000261764
:1001DA000500202E3E00422F0100202E1200261775
:1001EA000500422F0200031266170A0002527F001E
:1001FA0026170500202E7F00422F00002617050033
:10020A00202E3E00422F0100202E130095ED0352AE
:04021A007F007F00E2
:10021E0026170100022F0100203E80FF4729E63FEE
:10022E000900623A821D26170500202E7F00422FFC
:10023E00000026170500202E85FF422F01002617ED
:10024E000500202E1300422F0200031266170A002B
:10025E0002527F00A2170100C2167F006212F20D39
:10026E006112AA1D4016DFFE4207B48C2617050048
:10027E00013A423F0100663F0A00C525013A401689
:10028E00DFFE423FB48C26170500024242470100B2
:10029E00663F0A00F515263F050020167F0047171A
:1002AE000000263F0500201685FF47170100263F58
:1002BE0005002016120047170200033A663F0A0097
:1002CE00023A613AE2170000C506FF00EA2F00006D
:0802DE006511E33F14537F009A
:1002E600800721080012C515C22EFF000530C23254
:1002F6002706C091DEFEC639F02F44022606946911
:100306000300C531262F0100672F01004112C22EBE
:10031600FF00692AA6ED26063C030300BFFF6EA474
:1003260004A20032143880FF40020132143880FFE4
:10033600380240063F088E072100003223172100AD
:10034600F515C62EFF000550C2522B06C091DEFEE3
:10035600CA592B570100F02F44022B06946903005B
:10036600C5592B2F05004929EA29E2054132C62E37
:10037600FF00642AF6E5C62EFF00682AEF07010192
:10038600C62EFF00F02F44022A0694690300C551C9
:100396002A2F0900E541BA75C62EFF00F02F440248
:1003A600280694690300C541282F2D002806E491EC
:1003B600DEFEC541882F0100C50605008265C62EF2
:1003C600FF00F02F4402280694690300C541282F38
:1003D6002900612ADA0DC62EFF00F02F44022806F6
:1003E60094690300C541882F1900E539D90DC62E39
:1003F600FF00F02F4402280694690300C541282F08
:100406002900602ACA3D634F0900433F0C00002AB9
:10041600C50DC546FF00234E0800C849C24108471E
:10042600000049470500412AC546FF00E741A1F5FE
:10043600C616FF00F0174402250694690300C22978
:10044600251721006012B21D86000610F01744021F
:10045600250694690300C22925172100232F1900B8
:10046600632F0500232F1500632F0100234F110072
:1004760023470D00233F0900E2C760F94E063F00FF
:10048600541A633F0100A3074F4000008407210070
:100496000610F0174402250694690300C2292517A1
:1004A6002D002506E491DEFEC22985170100C2064D
:1004B6000600233E0C00F215F0374402220694692A
:1004C6000300C611222F0100824F11008237090056
:1004D60087470500632F0500634F0100453A004A30
:1004E600BEFF76A40152440620004C1A7F00541A1F
:1004F600633F0100A3074F40000084072100061058
:10050600F0174402250694690300C22925172D0019
:100516002506E491DEFEC22985170100C206060003
:10052600233E0C00F215F0374402220694690300BC
:10053600C611222F0100824F11008237090087471A
:100546000500632F0500634F0100453A004ABEFFD0
:1005560008A40152440620004C1A7F004016DFFE14
:1005660042378A8C7F008007210C613207A006A8DB
:10057600AF2DD516FF002506E491DEFEC2298517AC
:100586000100C2060600FA05D4060600C2051530AB
:1005960080FF6E03D516FF002506E491DEFEC22914
:1005A60085170100C2060500FA05D4060500C20536
:1005B600153080FFA60395002206E491DEFED511D4
:0805C60042A7000040063F0CB3
:1005CE000012C515C22EFFFF0530C6312706A48CBA
:1005DE00DEFEC639EC2F40022606846B0300C531C1
:1005EE00262F0600672F00004112C22EFFFF672A3A
:1005FE00A1ED7F00541A633F0100A3074F40000096
:10060E00F0374402220694690300C6112217250012
:10061E00402EDFFE2537908C41326537908C60126C
:10062E000328E21520361400C2310238F50525479D
:10063E00010067470100442A443AE7319AFD012A36
:10064E00422F1600222F1400412A622F1400460654
:10065E001F008007210080FF0C0080FF1E01400656
:10066E003F008A07210C00A280070201D416FFFF6B
:10067E00C4122506446B0300C229E5170100F017CA
:10068E004402250694690300C22925172500402E31
:10069E00DFFE6517ED91821717006012823D40163E
:1006AE00DFFE222FED91203614000338C731F505F9
:1006BE002547010067470100442A443AE7319AFD75
:1006CE002217ED9142071600D416FFFFC41225061D
:1006DE00446B0300C229251709006012E20DD436BF
:1006EE00FFFF0610C4122506446B0300C22925170E
:1006FE0009000338E2C760F9D416FFFFC2122506BF
:10070E00948CDEFEC51162070100F52DD416FFFF95
:10071E0002A8C2AA2506948CDEFEC5A9352F0100BB
:10072E00412A752F0100C4122606446B0300C23104
:10073E0026170500E229931DD416FFFFC4122506C5
:10074E00446B0300C22925170D006012C20DD4168A
:10075E00FFFFC4122506446B0300C22925170D00A6
:10076E00E2C760F97507010041A2D416FFFF6412BB
:10077E00F607FDFE4A063F0C8007210C00A2F53558
:10078E00D416FFFF02A8D5A92506A48CDEFEC5A9A6
:10079E00F52F0100EC1740022606846B0300C231D0
:1007AE00E6170500E22F822A602ABA1DD416FFFF33
:1007BE00EC1740022506846B0300C2292517090099
:1007CE006012D20DD416FFFFEC1740022506846B83
:1007DE000300C22925170900E2C760F9750700005A
:1007EE003517000041127517000041A2D416FFFF05
:1007FE006712F1C540063F0C63328B3D4016DFFE9B
:10080E0022178D8CC132E6061A080300C505B535D0
:10081E00B555A56D6012E22D0012C515C22EFFFF53
:10082E000530C6312706A48CDEFEC639EC2F4002F9
:10083E002606846B0300C531262F0600672F0000A5
:10084E004112C22EFFFF672AA1ED0012B50DC22E76
:10085E00FFFFC22A2606948CDEFEC5316607010014
:10086E004112C22EFFFF642AB6F54016DFFE620764
:10087E008D8C7F006112E2FD0012C515C22EFFFFA6
:10088E000530C6312706A48CDEFEC639EC2F400299
:10089E002606846B0300C531262F0600672F000045
:1008AE004112C22EFFFF672AA1ED4016DFFE012A7C
:1008BE00622F8D8C7F006212D2DD0012B50DC22E1A
:1008CE00FFFFC22A2606948CDEFEC53166070100A4
:1008DE004112C22EFFFF642AB6F54016DFFE022A31
:1008EE00622F8D8C7F006312D2C54016DFFE032A65
:1008FE00622F8D8C7F000012F525C22EFFFFC42AB9
:10090E002706446B0300C539E72F0100F02F440280
:10091E00270694690300C539272F2D00E531BA1536
:10092E00C22EFFFF0538C7392806A48CDEFEC7414C
:10093E00EC2F40022706846B0300C539272F0600D3
:10094E00682F00004112C22EFFFF672AF1D57F00EB
:10095E000012E51DC22EFFFFC42A2706446B0300BA
:10096E00C539E72F0100F02F4402270694690300D2
:10097E00C539272F2D00E531AA0DC22EFFFFC22A41
:10098E002706948CDEFEC539670701004112C22E80
:08099E00FFFF642A86E57F00DB
:1009A6000012D525C22EFF00E52F48022606949692
:1009B600DEFEC531A62F0100C5067800F215C22E4F
:1009C600FF00E52F480226069496DEFEC531862FE7
:1009D6003B00A6373B00C8320531F83744022506EE
:1009E6005A96DEFEC629C52F01004112C22EFF000F
:1009F6006A2A96DD7F0000128007E601C22EFF00FC
:100A0600E52F480226069496DEFEC6290537010024
:100A16008332C6360F006132924D053701008332AC
:100A2600C6360F0062328A65C236FF00E5374802D5
:100A360027069496DEFEC63987373B00A7473B005C
:100A4600C842064187373D00A74F3D00C84A0649C0
:100A5600D04A0849C54A2606046C0300C9318637C0
:100A66000F00A73F39008639E6398625C236FF00D2
:100A7600E537480227069496DEFEC63987373B00DF
:100A8600A7473B00C842064187373D00A73F3D00C8
:100A9600C83A0639D03A0839C53A2606046C030026
:100AA600C73186370F006032FA1DC236FF00E537C0
:100AB600480227069496DEFEC63987373B00A747CD
:100AC6003B00C842064187373D00A73F3D00C83A74
:100AD6000639D03A0839F83F440226065A96DEFE11
:100AE600C731C6170100053701008332C6360F002D
:100AF6006232A22D053701008332C6360F006432FA
:100B0600EA6DC236FF00E537480227069496DEFEF8
:100B1600C63987373B00A7473B00C842064187379F
:100B26003D00A74F3D00C84A0649D04A0849C54A74
:100B36002606046C0300C931E6371100873F3900E9
:100B46008639E639CE4DC236FF000638E53F480203
:100B560028069496DEFEC741883F3B00A84F3B001F
:100B6600C84A0749883F3D00A8473D00C84207419B
:100B7600D0420941F847440227065A96DEFEC83994
:100B8600C71F01002706048EDEFEC731863F01001F
:100B9600603ADA25053F0300C83A8547030008395D
:100BA600833AC73E7F0020467D00E8398B1D053F0E
:100BB6000300C83A854703000839C746F8FF204EA8
:100BC60007FC49394842C846F8030839453F020040
:100BD600883A453F0300012A462F00004112C22EE3
:100BE600FF006A2AF60719FE7F008007210080FFB2
:100BF600800080FF240180FFA03E4016DFFE8217A2
:100C06000F8E6512BA0580FF2E384016DFFE2217BA
:100C1600C58CC2060100BA0580FF18334016DFFEF8
:100C26002217C58C202E1400E517821260129A0D29
:100C360080FF1E2780FFBC38BFFF68FDBFFFBAFDDF
:100C46004016DFFE2217C58C202EB004E51782124F
:100C56006012DA0580FFE40080FFAE024016DFFE78
:100C6600222FC58C412A622FC58C40063F00800783
:100C760021004016DFFE821709926012AA0D80FF3E
:100C8600AC076B52E1054016DFFE012A422F08929F
:100C960040063F004016DFFE821709926012B23D01
:100CA6000012D5350228A500E52E450026069496A5
:100CB600DEFEC531A62F0100C5067800262E4300AC
:100CC600922505370100C832852F01000531C6007F
:100CD600802EFFFFE531A21D0228A500E52E450066
:100CE60026069496DEFEC531A62F4300063F440035
:100CF600C83A0539413A463F4300883A463F4400E0
:100D0600D505450701004507000041120228A50048
:100D16006A2A96CD7F004016DFFE8217C98C012A0B
:100D26006112EA054016DFFE422F09927F00401647
:100D3600DFFE422FC88C7F008007210080FF7437BA
:100D46004016DFFE61528A25E217CB8C6012402ED8
:100D5600DFFEE537D58CEA054016DFFE6237CA8C22
:100D6600D515A231C60080FF16034016DFFE012A04
:100D7600422F06924016DFFE2217D48C402EDFFE4D
:100D86006517CA8CB5056207CA8C4016DFFEE217E6
:100D9600CD8C6012402EDFFEE537D58CE20DA231F8
:100DA600C60080FF22034016DFFE012A422F06926C
:100DB6004016DFFEE237D58C4016DFFE6237CC8C5C
:100DC60080FFF03661529A154016DFFEE237CF8C6F
:100DD6006032E21D8031C60080FF34034016DFFE1C
:100DE600012A422F0692C5154016DFFEA21707926A
:100DF6000206D8FFD60D2206F891DEFE420709004C
:100E06004207080042070F00012A422F0E00401633
:100E1600DFFE6207CE8C4016DFFEE237D18C6032F1
:100E2600A20D8031C60080FF2E034016DFFE012A88
:100E3600422F06924016DFFE6207D08C4016DFFE78
:100E46008217D38C6012AA154016DFFEA2170992EC
:100E56006112CA0D80FF48030112402EDFFE4517BE
:100E66000692402EDFFE4517D28C4016DFFEA217F3
:100E7600D38C6012AA2580FF860561529A0D220640
:100E8600F891DEFE42070F00012A422F0E0040169F
:100E9600DFFEA217099261128A1580FF6205605271
:100EA600CA0D80FF20030112402EDFFE4517069271
:100EB600402EDFFE4517D38C40063F002206F891F0
:100EC600DEFE420703004207020042070100420716
:100ED60000004207050042070400420707004207D8
:100EE6000600420709004207080042070B004207B6
:100EF6000A0042070C0042070D0042070F00012AB4
:100F0600422F0E007F00800721004016DFFE821769
:100F1600079261129A0D2706F891DEFE47070E002A
:100F26000A3280FFA41740063F00800721002706EB
:100F3600F891DEFE0A3280FF38174016DFFE4207C0
:100F460008924016DFFE4207099280FF382480FF90
:100F56003E2880FF182840063F007F0080072100BA
:100F6600BFFF34FDBFFFA2FF80FFDA2380FF9E286C
:100F7600BFFFEAFF40063F002206F891DEFE822F01
:100F86000100A2370100C8320531822F0300A217E3
:100F96000300C8120511D01206117F12D215411294
:100FA6002506F891DEFE45170000023098324537D7
:100FB60003000230903245370200881245170100BF
:100FC600011245170E007F002206F891DEFE822FE1
:100FD6000100A2370100C8320531822F0300A21793
:100FE6000300C8120511D01206116012D2155F1245
:100FF6002506F891DEFE4517000002309832453787
:10100600030002309032453702008812451701006E
:10101600011245170E007F004016DFFEA21705924B
:101026006912AF0D41122506F891DEFE45170D0037
:10103600011245170E007F004016DFFEA21705922B
:101046006012C21D5F122506F891DEFE45170D00DF
:10105600011245170E00A5170D006012FA0D2206A3
:10106600F891DEFE42070300420702004207010034
:1010760042070000012A422F0E007F002206F89147
:10108600DEFE822F0500A2170500C8120511802E6C
:10109600FFFFA229E629B60DC6112506F891DEFE48
:1010A600451704008812451705007F002206F891AF
:1010B600DEFE2506FFFFFF00422F05001F2A422FF6
:1010C60004007F002206F891DEFE822F0700A21799
:1010D6000700C8120511802EFFFFA229E629B60DCA
:1010E600C6112506F891DEFE45170600881245173B
:1010F60007007F002206F891DEFE2506FFFFFF00AF
:10110600422F07001F2A422F06007F002206F89171
:10111600DEFE822F0900A2170900C8120511802ED3
:10112600FFFFA229E629B60DC6112506F891DEFEB7
:10113600451708008812451709007F002206F89116
:10114600DEFE2506FFFFFF00422F09001F2A422F61
:1011560008007F002206F891DEFE822F0B00A21700
:101166000B00C8120511802EFFFFA229E629B60D35
:10117600C6112506F891DEFE45170A0088124517A6
:101186000B007F002206F891DEFE2506FFFFFF001A
:10119600422F0B001F2A422F0A007F004016DFFE57
:1011A60082170592020601FFF2054112402EDFFE6C
:1011B600451704927F004016DFFE1F2A422F049235
:1011C6007F004016DFFEA2170792020601FFF20516
:1011D6004112402EDFFE451707927F004016DFFEC4
:1011E6001F2A422F07927F00800721004016DFFE4C
:1011F6008217B58C6012CA05C60080FF361A4006F3
:101206003F00800721000640003A013280FFBC44BF
:101216002206B88CDEFE222F01004A29221705007D
:101226004B110229602AEA57000040063F0080075A
:10123600210080FF8A2040063F008007210080FFB2
:10124600B62040063F008007210080FFC4204006EC
:101256003F008007210080FFD22040063F00800724
:10126600210080FFDA2240063F008007210080FF30
:10127600E42240063F008007210080FFF02240065E
:101286003F008007210080FFFC2240063F008007C8
:10129600210080FF082340063F008007210080FFD1
:1012A600142340063F008007210080FF20234006CC
:1012B6003F008007210080FF2202CA0040063F004F
:1012C6008007210080FF1A3340063F008007210077
:1012D60080FF323A40063F008007210080FF5E3AD9
:1012E60040063F008007210080FF6A3B40063F0022
:1012F6008007210080FFDC3B40063F00800721007D
:1013060080FF0C3C40063F008007210080FF0C3C1C
:1013160040063F008007210080FF0C3C40063F004E
:101326008007210080FF0C3C40063F00800721001B
:1013360080FF0C3C40063F008007210080FF303CC8
:1013460040063F008007210080FFD03C40063F005A
:101356008007210080FF3A3D40063F0080072100BC
:1013660080FF623D40063F008007210080FF623D0E
:1013760040063F008007210080FF623D40063F0097
:101386008007210080FF623D40063F008007210064
:1013960080FF623D40063F008007210080FFD03D70
:1013A60040063F008007210080FFD03D40063F00F9
:1013B6008007210080FF8A3E40063F00800721000B
:1013C60080FF8A3E40063F008007210080FF243FC1
:1013D60040063F008007210080FF243F40063F0073
:1013E6008007210080FFCC3F40063F000012A50584
:1013F6004112C206FFFFD2FD00527F008007210086
:1014060080FFB03040063F008007210080FFBA30E1
:1014160040063F008007210080FFAC2040063F00C9
:101426004016DFFE225789807F004016DFFE221716
:101436008980F0174214402E7A44E5176E14F1178E
:1014460040547F008207210063070100024A80FFA3
:10145600800DCA0042063F008007210080FFEC2174
:1014660040063F001F1267170000480700000012E1
:101476000228852DC256FFFFF45740022B06D86B73
:101486000300CA59C956FFFFC252CA592B57010059
:10149600EA31FA0D67170000C92EFFFF0452A55165
:1014A600012AEA2FC250085F00000A59485F00006F
:1014B600414AC956FFFF6552E1DDC506FF00FA0540
:1014C6004112C206FFFFDA05004AC5F50052B5050E
:1014D6008056FFFFEA007F006032FA4D201680003A
:1014E600E239BB4D61429A4D673ACF0DF43740025F
:1014F6002206D86B0300C611C23AC7112257010053
:101506007F00683AAA0DF43740022206D86B030022
:10151600C231265701007F000706F0FFAA0DF437F7
:1015260040022206D86B0300C611225705007F0031
:101536000706E0FFAA0DF43740022206D86B030027
:10154600C611225709007F000706C0FFAA0DF4370F
:1015560040022206D86B0300C61122570D007F00F9
:10156600070680FFAA0DF43740022206D86B030057
:10157600C611225711007F0000527F008007210EFE
:101586006032CC0580A6FFFFC565E6A645002206AB
:101596009496DEFED41182A73B00A22F3B00C82AF8
:1015A600142982A73D00A2AF3D00C8AA14A9D0AA5B
:1015B60005A961428AED00A295151410E2000728DC
:1015C600C229E646450029069496DEFEC849C24968
:1015D600091704004517000041A21410E200020694
:1015E600D0FFC6ED20A6180000B29525D516FFFF40
:1015F600EA1740022506FA6B0300C2298517050083
:10160600A5370500C832023185170700A52F070048
:10161600C82A0229D02A06291610E200C211C229B8
:10162600E5370100BFFFA8CDCAA141B2D516FFFF1D
:10163600EA1740022506FA6B0300C229851709003E
:10164600A52F0900C82A02291610E200E511F6CDD9
:101656001450EA0040063F0E8007210F06A007A897
:1016660008B009B880FFC6336052E4050A30163860
:101676001740BFFF0AFF1430BFFFE6FBF551BA055E
:1016860061BAC20520B6FF00D54D0012A515022885
:10169600E5001630C5311438F83F440228065A963C
:1016A600DEFEC741C541082F0800462F0000411243
:1016B6000228E5000506D0FFB6ED20B6180000AA00
:1016C60085251410EA1740022506FA6B0300C22985
:1016D60085170500A5370500C832023185170700B2
:1016E600A52F0700C82A0229D02A06291510E200CC
:1016F600C211C229E5370100BFFFD4CCCAB141AA45
:101706001410EA1740022506FA6B0300C229851752
:101716000900A52F0900C82A02291510E200E511C3
:1017260096D51650AA0040063F0F8207210C07A047
:1017360008A8630702004307010023460100233E71
:1017460002001548BFFF20FD6052B40DA33F010003
:10175600E337030014401548BFFF00FF42063F0C65
:101766001F5242063F0C8007210080FF523C400674
:101776003F008007210806A0BFFFE4FB0012B51555
:10178600C22EFF001430C531E52F48022706949675
:10179600DEFEC539072F0100832AC52E0F00462F0E
:1017A60000004112C22EFF00692ADF05C22EFF008B
:1017B600EA29F1E540063F088007210C06A007A8A4
:1017C600BFFF9CFB0012951DC22EFF001430C531D1
:1017D6000538E53F480228069496DEFEC741883F55
:1017E6003B00463F0000D529083701008332C63644
:1017F6000F00453700004112C22EFF00692ADF059F
:10180600C22EFF00EA2991E540063F0C8007210021
:1018160080FFEA3B40063F008007218F00A208A810
:1018260006B014B807C08535D416FF00E517480280
:1018360025069496DEFEC511022F0100832AC52EC9
:101846000F00612A8A25D42EFF00E52F48022706BD
:101856009496DEFEC539A7373B00872F3B008217DB
:101866000100C8320531C23E1F001540BFFF6CFCA7
:101876006052920D1710A200C212D61162570100D3
:101886005FC241BA41A2D806FFFF14108200B2051A
:101896006A12B6CD1750AA0040063F8F8007210C6A
:1018A60000A2F515D416FFFFF817440225065A962E
:1018B600DEFEC22985170100C2061F00920DD4362E
:1018C600FFFF003ABFFF24F941AA63AAC1ED41A276
:1018D600D406FFFFBA0500AA95FD40063F0C800717
:1018E60021080740003ABFFF5EFB0AA0BFFF6CFB62
:1018F6001450AA0040063F088207210E06A00740A2
:1019060000AA03301538BFFF3EFB0AB0BFFF4CFBF1
:101916001550C50D1510E200C2120328C22925175D
:101926000100E2A1E157045341AA1510E200F611A5
:10193600A6F5AA0042063F0E8207210E06A0074022
:1019460000AA03301538BFFFD2FE0AB0BFFF1CFA4B
:101956001550C50D1510E200C2120328C22925171D
:101966000100E2A1E157045341AA1510E200F61165
:10197600A6F5AA0042063F0E9407210806A00330EA
:10198600BFFF18FA00120228C50D0230E600C23267
:101996000338C63927370100E6A1E12F042B41128F
:1019A6000230E600CA3EFFFFE73186F50550AA0081
:1019B60054063F088207210E06A008486307020066
:1019C60043070100430700002346010023160200D7
:1019D60007300238BFFF90FA6052B47D03A815178E
:1019E60000001E2A4511E32F0300F82F4402360695
:1019F6005A96DEFED629A52F0100C52E0100051137
:101A0600431700001D2A4511E32F0300F82F440257
:101A1600D629A52F0100C52E020005114317000087
:101A26001B2A4511E32F0300F82F4402D629A52FC0
:101A36000100C52E0400051143170000172A4511A1
:101A4600E32F0300F82F4402D629A52F0100C52E47
:101A56000800051143170000C216EF00E32F03002C
:101A6600F82F4402D629A52F0100C52E1000051116
:101A760043170000A33F0100E337030080FF36074A
:101A860015170000202EDFFF4511C552CA2E200073
:101A9600051143170000202EBFFF4511E32F030059
:101AA600F82F4402D629A52F0100C52E40000511A6
:101AB60043170000C2167F00E32F0300F82F4402ED
:101AC600C5B1B62F0100C52E8000051143170000D1
:101AD6000310021700005417000042063F0E82074B
:101AE600210C06A007A8630702004307010023464E
:101AF6000100233E02001548BFFF6CF96052A40D99
:101B060014301538BFFF74FE6052C20501524206FA
:101B16003F0C005242063F0C00120250E51DC23E29
:101B2600FFFFF43F40022806D86B0300C741053883
:101B3600A700C23AC741283F0100603A820D0A4019
:101B4600A800C242C641683F01004152412A0538F9
:101B5600A700653AD1E54112C206FFFFBA05002A81
:101B6600F5F5AA007F000152475700007F00015299
:101B76007F00800721006132EA050730BFFF9CFF26
:101B860040063F001F5240063F001F527F0082075B
:101B9600210E07A008A86307020043070100234699
:101BA6000100233E0200BFFFBEF80AB0A33F0100BA
:101BB600E337030080FF762E7F52E20799017FB25A
:101BC600E2079301140601FF926D67A2F25D65A21A
:101BD600921D1416FFFF6112EB077B01EA16450002
:101BE60025069496DEFEC22905174400A52F43005C
:101BF60055A7050055170600552F0700085242063F
:101C06003F0EEA16450025069496DEFEC511022F04
:101C16000100832AC52E0F00612ABA0DE3170300BF
:101C2600C5122506046C0300C22905170C00C5253C
:101C3600022F0100832AC52E0F00622ABA0DE31770
:101C46000300C5122506046C0300C22985170F0080
:101C5600B515021701008312C2160F006412B205F1
:101C66000012A50DE3170300C5122506046C030038
:101C7600C22905171000EA2E450026069496DEFEB8
:101C8600C531062F3900A511A505011255A7050076
:101C960055170600075242063F0E02125517050059
:101CA600EA16450025069496DEFEC229051744006D
:101CB600A537430055170600553707000512551777
:101CC6000800051701008312C2160F006112BA0D33
:101CD600E32F0300C52A2206046C0300C511022F58
:101CE6000C00C525051701008312C2160F006212EB
:101CF600BA0DE32F0300C52A2206046C0300C511A2
:101D0600822F0F00B515052F0100832AC52E0F005F
:101D1600642AB205002AA50DE32F0300C52A220670
:101D2600046C0300C511022F1000EA1645002606B2
:101D36009496DEFEC23106173900A229552F0900F6
:101D4600071255170A00011255170B000C524206CE
:101D56003F0E1F5242063F0E8207210C6307020008
:101D660043070100603A09A008A8E2058056FFFF74
:101D7600EA0042063F0C23460100233E02001448B7
:101D8600BFFFE4F66052D4F5A33F0100E33703003A
:101D960015401448BFFFC4F842063F0C82072100D5
:101DA6000748630702004307010023460100233E5C
:101DB6000200BFFFB2F66052C40DE3170300C5125E
:101DC6002506046C0300C2298557130042063F000E
:101DD6008A0042063F008207210007486307020087
:101DE6004307010023460100233E0200BFFF78F6A9
:101DF6006052E40DE3170300C5122506046C0300C8
:101E0600C22985171B0005571B00C85202514206FE
:101E16003F008007218F00A207A806B014B8F51569
:101E2600D83EFF00D436FFFF1540BFFFAEF6605226
:101E3600820D1710A200C212D6116257010041BAD4
:101E460041C2D816FF006512C1ED41A2D406FFFFBC
:101E5600BA0500C2F5F5D756FF0040063F8F2206A9
:101E66004496DEFE822F0100A2370100C8320531FA
:101E7600822F0300A2570300C8520551D0520651C3
:101E86007F0022064496DEFE822F0500A23705005B
:101E9600C8320531822F0700A2570700C8520551E4
:101EA600D05206517F001F527F001F527F001F52E3
:101EB6007F008207210007486307020043070100ED
:101EC60023460100233E0200BFFF9CF56052F40D3D
:101ED600E3170300F817440225065A96DEFEC229C8
:101EE6008517070005570700C852025142063F00F2
:101EF60080072100BFFF98F440063F008007210FAE
:101F060006A0BFFF06F500AAB53DD516FF00E517EA
:101F1600480225069496DEFEC229A5170100C206D0
:101F26007800D22DD516FF00E517480225069496AF
:101F3600DEFEC22985173B00A52F3B00C82A0229D1
:101F4600C52A2206046C0300C511822F1B00A23786
:101F56001B00C8320531822F1D00A2171D00C812B2
:101F66000511D0120611E2A1E2052206FFFFFF00CD
:101F7600E2A1DA05D536FF0080FF102D41AAD5165D
:101F8600FF006A12B6C500AAA57DD516FFFFC512C9
:101F96002506046C0300C22985B70500051706004F
:101FA600A2B100BA853DD516FFFFF81744022506F3
:101FB6005A96DEFEC511822F0100C5061F00F22DBE
:101FC600D52EFFFFC52A2606046C0300C531862FD1
:101FD6001B00A63F1B00C83A0539862F1D00A637F1
:101FE6001D00C8320531D0320731E6A1E2052506CB
:101FF600FFFFFF00E5A1BA15022F0300852E08009A
:10200600C52EF800422F0300D536FFFF003ABFFF6A
:10201600DAF141BAD616FFFFE2B9E3C5D536FFFFBE
:1020260006B0F8B7440222065A96DEFEC2B1B617CB
:102036000300C216F00056170300B6170100C22EA1
:10204600FE00562F0100C216FC005617010080FF45
:10205600040AB6170100C22EFB00562F0100C22E3D
:10206600F300562F0100C2167300561701005607DB
:10207600070056070600D627030041AAD506FFFF2C
:10208600D285BFFF92F3BFFF36EE22064496DEFEF0
:102096004207030042070200420701004207000010
:1020A60042070700420706004207050042070400F0
:1020B6000012B50DC22EFF0026064496DEFEC5317F
:1020C600012A462F08004112C22EFF00622AB6F5E9
:1020D60080FFC200015240063F0F20567F007F005E
:1020E6000A527F001F527F001F527F001F527F003F
:1020F6001F527F0000527F00E61645002506949683
:10210600DEFEC229A5170100052F0200C82A0229F2
:10211600872AC5560F007F000112E617C000022865
:10212600BF2A2606B88CDEFE613ACA0D263F050098
:102136000539262F0100663F05000229662F01009A
:102146007F00263F01002210423926170500663F10
:10215600010025284511661705007F006032CA0D6B
:1021660022064E96DEFEC611022F08000729422FD0
:10217600080001527F0000527F0060329A0D22064D
:102186004E96DEFEC6114207080001527F0000523D
:102196007F000012A50DC22EFFFF26064E96DEFE1C
:1021A600C531460708004112C206FFFFD2F50152AB
:1021B6007F0060329A0D22064E96DEFEC611821709
:1021C60009006711BA0500527F0001527F0082079D
:1021D6002100231709006012FA056317010080FF2A
:1021E600981442063F00022EFEFF612AFB05631784
:1021F600010080FF2C3342063F006112FA05631787
:10220600010080FF0E0042063F001F5242063F00BB
:10221600800721CF00A209A808B006B814C007C8D5
:10222600B53D61AAD20562AAB2050112A505001242
:10223600D42EFF00E52F480226069496DEFEC62918
:10224600053701008332C6360F006012CA25613297
:10225600AA25D416FF00E517480227069496DEFE47
:10226600C239A7373B0087173B00852F0100C832CC
:102276000231C53E1F001640BFFF60F2CA06FFFFCF
:10228600A20D1810A200C212D711CA00625701008F
:102296005FCA41C241A2D906FFFF14108200B205EF
:0C22A6006A1286C51850AA0040063FCFFF
:0222B2007F00AB
:0222B4007F00A9
:1022B6008207210063370100013A033080FF5C3357
:1022C6005F526252E115003A033080FF4E3360528E
:1022D6008215E32F030023370100C5060080402E38
:1022E600803FB205402E80BFE5376034633701007A
:0822F6002357010042063F00DE
:0422FE008007FC3326
:10230200800721006132DA05613ABA05043AE50D27
:102312006132DA05603ABA05013A850D6032DA05B2
:10232200613ABA05023AA505003A87000032BFFFBA
:102332003CE240063F007F00800721006132DA055F
:10234200613ABA05043AE50D6132DA05603ABA0536
:10235200013A850D6032DA05613ABA05023AA505FD
:0E236200003A87000032BFFF04E240063F0051
:042370007F007F006B
:102374007F008007210880FF303B0AA080FF2A3BB2
:10238400D0A2145140063F088007210E06A008A8D9
:102394002206C290DEFE82371100A22F0F00823F78
:1023A4000F00A2170D00C83A0239C8320531D032E5
:1023B400073180FFE63A00B2D51580FFEC3AD61615
:1023C400FF0025061096DEFEC22945570000143092
:1023D400C23146570000D511052F0000422F0000DE
:1023E40041B2D616FF00641291ED22061096DEFE6D
:1023F400A22F030082370300A23F010082170100CD
:102404002806C290DEFE482F100048370F00483FD0
:102414000E0048170D000032BFFFC07D40063F0E7E
:102424008007210E00A22317110007A8E50DD42E62
:10243400FF00EE2F400227066C690300C539872F81
:102444000900E511E20541A2D42EFF00622A86F5B7
:102454004016DFFE222FE98C27061096DEFE074782
:102464000000D8420829622FE98CA7470100D04216
:102474000829622FE98C87470300C8420829622F84
:10248400E98CA73F03000729622FE98C40B6DFFEE1
:102494003617E58C062F0000D82A05117617E58C2F
:1024A400A62F0100D02A05117617E58C862F03008C
:1024B400C82A05117617E58CA62F03000511761797
:1024C400E58C80FFC4353637E58CD43EFF0080FFB1
:1024D400AA370012D50DC22EFF001530C531033ABC
:1024E400A539C33AE7578228462F00004112C22E6D
:0A24F400FF00642A96F540063F0E33
:1024FE000052F505861701006012B21541524132A5
:10250E00CA16FFFF082EFFFFE511D6F5A50D87179A
:10251E0001006012C20D4617000041524132413A8D
:10252E00CA16FFFF082EFFFFE511A6F546070000AD
:10253E004152CA007F00850D0817000046170000A3
:10254E005F3A41324142603A8AFD7F000012C50D6A
:10255E000628C229852F01000748C249894F01006C
:10256E00E929EA054112E811C1F50152A50500520B
:10257E007F0000128515C22EFF00C7290740C641F5
:10258E00084FFFFF055700004857FFFF454F00005B
:10259E0041125F32C22EFF00E629E1ED7F00951554
:1025AE00C816FF00C611022F0000C74EFF00C64915
:1025BE0009570000492F0000425700005F42413A80
:1025CE00C716FF00C82EFF00E511B1ED7F00D5053F
:1025DE00463F00005F4241326042BAFD7F00A50DCA
:1025EE0086170100882F0100E5118A0D5F3A4132EE
:1025FE004142603AEAF50152A50500527F000012F1
:10260E00F50D0506D0FFA6150506C7FFFF0DEA1747
:10261E004002862F0100C5112216D0FF4132862FAF
:10262E000100602AFAED0152A5050052671701005C
:10263E007F000052A50541520610CA1182170100F3
:10264E006012AAFD7F00623AE60D070601FFBF0D7C
:10265E000012A50541125F3AC72EFF00C236FF00D9
:06266E00E53191FD7F0043
:102674008007210E00A207A806B09525D416FFFFF7
:10268400C2122506746C0300C22985170100A52F08
:102694000100C82A0229E5B19A15D416FFFFC21217
:1026A4002506746C0300C229A537030085170300AF
:1026B400C83202311538BFFFBC8441A2D416FFFFD3
:1026C4006D12D6DD40063F0E8007210E00A207A83A
:1026D40006B09525D416FFFFC2122506746C0300BC
:1026E400C22985170100A52F0100C82A0229E5B1D6
:1026F4009A15D416FFFFC2122506746C0300C22972
:10270400A537030085170300C83202311538BFFF0F
:10271400AE8141A2D416FFFF6D12D6DD40063F0EF6
:10272400800721000610F817440225065A96DEFE9B
:10273400C511022F0000203EE0FF4729422F000070
:10274400852E1000422F0000022F0300853E20003A
:10275400423F0300853E3000423F0300852EB00017
:10276400422F0300022F0100853E0100423F010079
:10277400852E0300422F0100C53EBF00423F0100E9
:10278400C52EAF00422F0100203E1000BFFFD2F93A
:1027940040063F00800721000610F8174402250672
:1027A4005A96DEFEC511022F0000203EE0FF4729A5
:1027B400422F0000852E0800422F0000022F030044
:1027C400853E2000423F0300853E3000423F030027
:1027D400852EB000422F0300022F0100853E010028
:1027E400423F0100852E0300422F0100C53EBF0079
:1027F400423F0100C52EAF00422F0100083ABFFF3F
:1028040060F940063F00800721000610F8174402D3
:1028140025065A96DEFEC511022F0000203EE0FF79
:102824004729422F0000852E0400422F0000022F6A
:102834000300853E2000423F0300853E3000423FB6
:102844000300852EB000422F0300022F0100853EB5
:102854000100423F0100852E0300422F0100C53EC6
:10286400BF00423F0100C52EAF00422F0100043AD1
:10287400BFFFEEF840063F00800721000610F8175E
:10288400440225065A96DEFEC511022F0000203EA2
:10289400E0FF4729422F0000852E0200422F00004E
:1028A400022F0300853E2000423F0300853E300096
:1028B400423F0300852EB000422F0300022F010087
:1028C400853E0100423F0100852E0300422F010096
:1028D400C53EBF00423F0100C52EAF00422F01009C
:1028E400023ABFFF7CF840063F0080072100061033
:1028F400F817440225065A96DEFEC511022F000081
:10290400203EE0FF4729422F0000852E0100422F80
:102914000000022F0300853E2000423F0300853E55
:102924003000423F0300852EB000422F0300022FE7
:102934000100853E0100423F0100852E0300422F25
:102944000100C53EBF00423F0100C52EAF00422F2B
:102954000100013ABFFF0AF840063F00F83744027D
:1029640022065A96DEFEC23186170100C216E00026
:1029740046170000C6AF0300A6170100C22EFE00D2
:10298400462F0100C22EBE00462F0100C216AE0023
:10299400461701007F00C63122064E96DEFEC611A0
:1029A400822F0B00C52EFE00A2370900C636010097
:1029B4000629422F0A00C28709007F00C631220679
:1029C4004E96DEFEC611822F0B00C52EFD00A237E7
:1029D4000900C63602000629422F0A00C28F0900E8
:1029E4007F00C63122064E96DEFEC611822F0B00F2
:1029F400C52EFB00A2370900C63604000629422F63
:102A04000A00C29709007F00C63122064E96DEFEF8
:102A1400C611822F0B00C52EF700A2370900C63657
:102A240008000629422F0A00C29F09007F00C63110
:102A340022064E96DEFEC611822F0B00C52EEF0035
:102A4400A2370900C63610000629422F0A00C2A781
:102A540009007F008007210806A0BFFF3CFF143057
:102A6400BFFF5CFF1430BFFF7CFF1430BFFF9CFF2F
:102A74001430BFFFBCFF40063F0880072108061042
:102A8400C21125064E96DEFEC22905160900C5C7E9
:102A94000A0006A0BA05C20700001430BFFF20FFD9
:102AA4001430BFFF40FF1430BFFF60FF1430BFFF7E
:102AB40080FF40063F08800721080610C211250642
:102AC4004E96DEFEC22905160900C5CF0A0006A0EF
:102AD400BA05C20F00001430BFFFBEFE1430BFFFA2
:102AE40004FF1430BFFF24FF1430BFFF44FF40062F
:102AF4003F08800721080610C21125064E96DEFE07
:102B0400C22905160900C5D70A0006A0BA05C217CE
:102B140000001430BFFF82FE1430BFFFA2FE143049
:102B2400BFFFE8FE1430BFFF08FF40063F088007E0
:102B340021080610C21125064E96DEFEC22905168E
:102B44000900C5DF0A0006A0BA05C21F0000143040
:102B5400BFFF46FE1430BFFF66FE1430BFFF86FE83
:102B64001430BFFFCCFE40063F0880072108061042
:102B7400C21125064E96DEFEC22905160900C5E7D8
:102B84000A0006A0BA05C22700001430BFFF0AFEDF
:102B94001430BFFF2AFE1430BFFF4AFE1430BFFFBB
:102BA4006AFE40063F08F837440222065A96DEFEC3
:102BB400C611A2170100C25601007F00F837440273
:102BC40022065A96DEFEC611021701008112C25671
:102BD40001007F00F837440222065A96DEFEC61131
:102BE400021701008412C25601007F00F837440224
:102BF40022065A96DEFEC611021701008512C2563D
:102C040001007F00F837440222065A96DEFEC61100
:102C1400021701008612C25601007F00F8374402F1
:102C240022065A96DEFEC611A25701008A00875278
:102C34007F008007210C0706E1FF06A0AF0D603A74
:102C4400E215683AF20D0706F0FFC20D40063F0C8C
:102C54000706E0FFF2050706C0FFC205070680FF6E
:102C6400EAF50730143880FF580295F514A8F8AF38
:102C7400440222065A96DEFEC2A9D5F70300EA07EB
:102C84000D01B5170300C2160F006112E225B51736
:102C94000300C2160F00681282251410C5122506FF
:102CA400046C0300C229E51709006012E215151728
:102CB400030082160100C216F10055170300141018
:102CC400F817440225065A96DEFEC229011245175A
:102CD400040045070500A55D1410F81744022506F5
:102CE4005A96DEFEC22985170500052F0500C82A5D
:102CF4000229E50015170300103246111430C532BD
:102D04002706046C0300C63927370800E531FF2580
:102D1400822E0200552F030082164200551703002D
:102D2400143080FF0A084016DFFE012A422F59960C
:102D3400D53F03001410F817440225065A96DEFE08
:102D4400C22945070500450704001430BFFF08FDEC
:102D54001430BFFF0AFCD5270300851D821601002D
:102D6400551703001410F817440225065A96DEFE80
:102D7400C2298517050005370500C83202314132E2
:102D840045370400883245370500B5170300C206ED
:102D94002000E2070701C2160F006112821DB51759
:102DA4000300C2160F006812A2151410C5122506DE
:102DB400046C0300C229E51707006012820D151781
:102DC400030082160800C216F800A5451410F8176F
:102DD400440225065A96DEFEC22985170500052FF2
:102DE4000500C82A0229E500151703001032461110
:102DF4001430C5322706046C0300C6392737060091
:102E0400E531C62582160900551703001430BFFFAB
:102E14004EFBD53F03001410F817440225065A96BA
:102E2400DEFEC2291410C5122606046C0300C2314A
:102E340026170600451704008812451705001430AC
:102E4400BFFF14FCD5270300851D82160800551703
:102E540003001410F817440235065A96DEFEC2A980
:102E640095170500152F0500C82A02295F2A552F3A
:102E74000400882A552F0500F8A7440222065A9612
:102E8400DEFED41102A7050082AF050042A70700A9
:102E940042AF060040063F0C82160800C216F80036
:102EA40055170300F8A7440222065A96DEFED411F1
:102EB40001A242A704004207050040063F0C820716
:102EC400218F07A0F8A7440222065A96DEFEC2A16B
:102ED400B4170300C2160F00681207A806B0DA0D73
:102EE4001510F817440225065A96DEFEC22901126F
:102EF400451704004507050094170100002AD51D55
:102F0400C2361F00C53EFF00E73780006032CA1595
:102F1400C536FF00073AA6390132E737C000F6315B
:102F2400BA0D1530C5322706046C0300C63987373D
:102F34001F0076318A0D412AC536FF00653296E5B9
:102F440042063F8FB4170300C2160F006312C22556
:102F5400B4170300C2160F006412E21DB417030075
:102F6400C2160F006512821DB4170300C2160F00AB
:102F74006612A215B4170300C2160F006712C20D21
:102F84001510C5122506046C0300C229E5170500B7
:102F94006012EA0763021510F817440225065A96D0
:102FA400DEFEC22985170500052F0500C82A02295F
:102FB4001510C5122606046C0300C231E61705007D
:102FC400E511EF079F016307010000BA851D171083
:102FD400C2112506EC6B0300C229E5370100231753
:102FE40001001528F82F440227065A96DEFEC5393B
:102FF400C239483A0340BFFF18B341BA62BA86EDFA
:103004001510EA1740022506FA6B0300C22985173A
:103014000900A5BF0900C8BA02B900C2A52D151040
:10302400EA1740022506FA6B0300C229851705003A
:10303400A5370500C832023185170700A52F070000
:10304400C82A0229D02A06291810C211C229E53734
:103054000100231701001528F82F440227065A9669
:10306400DEFEC539C239483A0340BFFFA4B241C2AB
:103074001710E200E2C1C6D54016DFFE012A422F36
:10308400D08D1417030082160A00C216FA005417D2
:10309400030015A0F8A7440222065A96DEFED411B6
:1030A40015A0C5A22506046C0300D42925A7040095
:1030B40042A7040088A242A705001606E1FFDF0D1F
:1030C40068B2B21D1606F0FFCA2D1530BFFF62FAB2
:1030D4001530BFFFC2F6D5251606E0FFD215160639
:1030E400C0FF921D160680FFCA1D1530BFFF8EF962
:1030F4001530BFFFF8F7D5151530BFFF70FA15303E
:10310400BFFF20F6E50D1530BFFFEAF91530BFFF0C
:10311400F8F6F5051530BFFFA0F91530BFFF5CF7D1
:1031240040A6DFFE94A74D9661A2FA0717FE340667
:103134004496DEFE54070800014215301638BFFFDE
:103144009CE3545700000AA898AA54AF03000AA8A5
:1031540090AA54AF020088525457010042063F8F90
:103164001606E1FFDF0D68B2C21D50B2FA07D5FDA5
:1031740014B7030096B60400D6B6F400E525160687
:10318400E0FFE2151606C0FFA21D160680FFFA072F
:10319400B3FD14B7030096B60700D6B6F700D515ED
:1031A40014B7030096B60300D6B6F300E50D14B7C2
:1031B400030096B60500D6B6F500F50514B703006E
:1031C40096B60600D6B6F60054B70300F8AF44022C
:1031D40034065A96DEFED5A194AF050014B7050057
:1031E400C8B215B141B254B7040088B254B705004F
:1031F40042063F8F1606E1FFDF0D68B2A22D50B2E2
:10320400FA0741FD1417030082160400C216F400E5
:10321400D52D1606E0FFC2251606C0FFE2351606B8
:1032240080FFFA071FFD1417030082160700C21659
:10323400F70054170300F8AF440222065A96DEFE44
:10324400D511012A422F040042070500BF07F4FCF0
:103254001417030082160300C216F300F5051417B1
:10326400030082160500C216F50054170300F8AFD8
:10327400440234065A96DEFED5A101AA54AF0400D6
:103284005407050042063F8F1417030082160600F8
:10329400C216F600B5ED0012A5054112C206FFFFE5
:1032A400D2FD0112402EDFFE4517D18D402EDFFEE8
:1032B4004517D28D402EDFFE4517D38D7F00800742
:1032C4002100BFFFD4FF4016DFFEA217D18D60128C
:1032D400D20D4016DFFE8217D38D6012F205401620
:1032E400DFFEA217D38D6012CA05005240063F00CC
:1032F400015240063F0080072100BFFF9CFF40169B
:10330400DFFEA217D18D6012EA57000040063F008D
:1033140080072100BFFF82FF4016DFFE8217D38D96
:103324006012EA57000040063F0080072100BFFFFB
:1033340068FF4016DFFEA217D38D6012EA57000023
:1033440040063F008007210080FF080040063F0040
:10335400800721084016DFFEA21759966012A20DBD
:1033640034064E96DEFE0B321438BFFF5EF354076C
:103374000B0027064E96DEFE483A0C32BFFF4CF394
:1033840040063F08800721000012954DC22EFFFF22
:103394000530F837440227065A96DEFEC639670719
:1033A400010087370100C6361F000540C5422906C3
:1033B400046C0300C84909471200C5420831473765
:1033C40000004707050047070400C52926064E9656
:1033D400DEFEC531493266070000A72F0100C5365D
:1033E400FE0047370100C536FC0047370100C536EB
:1033F400F80047370100C536F00047370100C52EF5
:103404007000472F01008536100047370100852ED4
:103414005000472F0100472F01004112C206FFFF51
:10342400E2B580FF0C00BFFF70FE40063F0080073E
:10343400210880FF940034064E96DEFE54070B00EC
:103444000B321438BFFF2CF2143E08000C32BFFFBD
:1034540022F20012C535C22EFFFF0530F8374402B0
:1034640027065A96DEFEC731063F03002046BFFFFB
:103474004839832A28064E96DEFEC541E817E60041
:10348400820D873E4000463F0300C6A70100D505D4
:10349400463F0300C6270100C22EFFFFC52A2706A8
:1034A400046C0300C539072F1600C52A863F0300A4
:1034B400C73E1F000539463F02004112C206FFFF06
:1034C400B2CD40063F080012E50DC22EFFFFF82FD3
:1034D400440226065A96DEFEC629C5B70300C52750
:1034E40001004112C206FFFF92F54016DFFE4207BB
:1034F400D18D4016DFFE4207D28D4016DFFE420713
:10350400D38D0012A50DC22EFFFF26064E96DEFEB9
:10351400C531460700004112C22EFFFF682AC6F5D6
:103524004016DFFE012A422F59967F0006108312AF
:1035340025064E96DEFEC511E237E0007F00F8371F
:10354400440222065A96DEFEC61182170100C256B4
:103554001F007F00F837440222065A96DEFEC61189
:10356400021703008512C25601007F00F837440297
:1035740022065A96DEFEC611021700008412C256B5
:1035840001007F00F837440222065A96DEFEC61177
:10359400021700008312C25601007F00F83744026C
:1035A40022065A96DEFEC611021700008212C25687
:1035B40001007F00F837440222065A96DEFEC61147
:1035C400021700008112C25601007F00F83744023E
:1035D40022065A96DEFEC61182170100C256010069
:1035E4007F008007218F08A007A806B60000E20527
:1035F40060AAC20500BA17C0A52500C2B525D71612
:10360400FFFFF817440225065A96DEFEC2298517E5
:103614000100C23E1F00603A9215D736FFFF1440E6
:10362400BFFFBADED816FFFFC212D61162570100DF
:1036340041C2D816FFFFF511D90541BAD706FFFFDD
:10364400F2DDD856FFFF40063F8F00120250851569
:10365400C22EFFFFF82F440226065A96DEFEC5311D
:10366400862F0100C5061F00E057B4534112C2065D
:10367400FFFFF2EDCA007F00800721EF09A008A830
:1036840007B006BE0000F20560B2D20500C218C839
:1036940018D0E56500C2F56561A2D20562A2B20543
:1036A4000112A5050012D92EFFFFF82F44022606A9
:1036B4005A96DEFEC531862F0100C53E1F00603AD2
:1036C400E24DA21601006012A24DD936FFFF15404B
:1036D400BFFF0ADE0012D52DC22EFF00E52F4802DF
:1036E40026069496DEFEC531862F3B00A63F3B009E
:1036F400C83A0539862F3D00A6373D00C83205314A
:10370400D0320731D92EFFFFE629AA158200E5172A
:1037140048023A069496DEFEC2D19A1703001AD7DD
:103724000300C8D202D183D2DAD67F00E505411264
:10373400C22EFF006A2A96D5D816FFFFC212D711EF
:103744001A28D92A2606FFFFFF0106294551625788
:10375400010041C2D816FFFFF611D90541CAD906A6
:0C376400FFFFB29D1850AA0040063FEF86
:103770000012B50DC22EFF002606048EDEFEC531F6
:10378000012A462F00004112C22EFF006A2AB6F518
:103790007F008007210C34069496DEFE00AA1530C7
:1037A0001438BFFFD2EE343E45000132BFFFC8EEF1
:1037B000343E8A000232BFFFBEEE343ECF000332F9
:1037C000BFFFB4EE343E14010432BFFFAAEE343E14
:1037D00059010532BFFFA0EE343E9E010632BFFF05
:1037E00096EE343EE3010732BFFF8CEE343E2802F2
:1037F0000832BFFF82EE343E6D020932BFFF78EE21
:10380000A50541AAD516FF006A12C6FD40063F0C69
:103810008007210E00A214A880070807D516FF0014
:10382000E517480225069496DEFEC511022F010019
:10383000832AC52E0F00612AE207B301622AE2073C
:103840002504642AEA07DB06402EDFFEA52F099235
:10385000612AEA07CD06D52EFF00E52F480226068D
:103860009496DEFEC531862F3B00A63F3B00C83A4A
:103870000539862F3D00A6373D00C8320531D032CC
:103880000731C62EFFFFF82F440227065A96DEFEA8
:10389000C539872F0100823F01004729C5061F0057
:1038A000E207B905022F0200C82AA23F010007293A
:1038B000872AC52E0F00612AEA07D904022F0100CA
:1038C000852E0800C52E8F00422F0100022F020016
:1038D000C82AA23F01000729852E0002203E7FFA58
:1038E0004729422F0100882A422F0200D52EFF00CF
:1038F0000538E53F48022806048EDEFEC829450744
:10390000000028069496DEFEC74148073800C63EF0
:10391000FFFFC53A2906046C0300C749E93F0D00C3
:10392000074EFFFF603AE74F243B483F3900A83F6E
:103930003900603AEA07D505023F0100873E1000D2
:10394000C73E9700423F0100023F0200C83AA2472B
:1039500001000839873E8000423F0100C73E00F861
:10396000883A423F0200C63EFFFFF83F4402280665
:103970005A96DEFEC741C81F0100023F0300C83A45
:10398000824703000839833AC73E7F0020467D0006
:10399000E8398B1D023F0300C83A8247030008390B
:1039A000C746F8FF204E07FC49394842C846F8038D
:1039B0000839423F0200883A423F0300011245178E
:1039C0000000D516FF00E517480225069496DEFE96
:1039D000C229C600C5322206046C0300C6110217B4
:1039E0000E004517390080072205402EDFFE852F87
:1039F0000992612AEA072B05D52EFF00E52F480220
:103A000026069496DEFEC531862F3B00A63F3B007E
:103A1000C83A0539862F3D00A6B73D00C8B205B1AA
:103A2000D0B207B1D62EFFFFF82F440226065A96D1
:103A3000DEFEC531862F0100823701004629C5060A
:103A40001F00E207C701D62EFFFF0530C63127064B
:103A50004E96DEFEC639A7370900F82F4402270626
:103A60005A96DEFEC539872F01004531D52EFF005D
:103A7000E52F480227069496DEFEC539C6061F00CC
:103A8000272E3900E2076D01852F0100602AE20D23
:103A9000D52EFF00E52F480226069496DEFEC5319E
:103AA000062F39005F2A462F3900D52EFF00E52F5B
:103AB000480226069496DEFEC531A62F3900602AFC
:103AC000EA074904022F0100852E1000C52E970039
:103AD000422F0100022F0200C82AA2370100062946
:103AE000852E8000422F0100C52E00F8882A422F23
:103AF0000200D62EFFFFF82F440226065A96DEFE5D
:103B0000C531C61F0100022F0300C82A82370300F7
:103B10000629832AC52E7F0020367D00E629EB1D6D
:103B2000022F0300C82A823703000629C536F8FF92
:103B3000203E07FC47294832C636F8030629422FA3
:103B40000200882A422F0300D52EFF002606048E8D
:103B5000DEFEC629013245370000402EDFFEA52FCC
:103B60004D96612AEA35402EDFFE45074D968217B5
:103B70000100C2060100B20504A2C515C20602007A
:103B8000B20503A2F50DC2060400B20502A2A50DFE
:103B9000C2060800B20501A2D505C2061000A205A2
:103BA00000A2D43EFF00D636FFFF0142BFFF32D94C
:103BB00022064496DEFE425704000A28982A422F25
:103BC00007000A28902A422F060088524257050013
:103BD000D516FF00E517480225069496DEFEC22999
:103BE000D600C5B22206046C0300D611BF07F2FD51
:103BF000D600C5B22206046C0300D61102170C00D1
:103C00004517000080070403022F0100852E2000C5
:103C1000C52EA700422F0100022F0200C82AA2379A
:103C200001000629852E8000422F0100C52E00F8D4
:103C3000882A422F0200D516FF00E5174802250604
:103C40009496DEFEC22945073900D600C5B2220689
:103C5000046C0300D61102171000451738008007C6
:103C6000AA02402EDFFE852F0992612AEA07B302DD
:103C7000D52EFF00E52F480226069496DEFEC531BC
:103C8000A62F3D00863F3D00A6473B00864F3B00E8
:103C900082570100CA561F00405EDFFE4B57118E4F
:103CA000C8420941C82A0729D02A0829C53EFFFF72
:103CB000F83F440228065A96DEFEC741883F0100BD
:103CC000C73E1F00404EDFFE493F128E883F010075
:103CD000824701004839C7061F0026363900D20D39
:103CE000C500C52A2206046C0300C51102170E0088
:103CF0004617000080071402863701006032E20D8B
:103D0000D536FF00E537480227069496DEFEC63911
:103D1000073739005F3247373900D536FF00E537BE
:103D2000480227069496DEFEC639A737390060326E
:103D3000EA07D9010237010086362000C636A700FF
:103D40004237010002370200C832A23F01000731AA
:103D500086360001203E7FF9473142370100883224
:103D600042370200D516FF00E51748022606949652
:103D7000DEFEC23146073900C500C52A2206046CA2
:103D80000300C511021710004617380080077C0198
:103D9000022F0200C82AA23F01000729872AC52E48
:103DA0000F00622AEA076501022F0100852E10002C
:103DB000C52E9700422F0100022F0200C82AA23F01
:103DC00001000729852E0002203E7FFA4729422F55
:103DD0000100882A422F0200C62EFFFFF82F44025E
:103DE00027065A96DEFEC539C71F0100022F0300C1
:103DF000C82A823F03000729832AC52E7F00203E60
:103E00007D00E729EB1D022F0300C82A823F030033
:103E10000729C53EF8FF204607FC4829483AC73E17
:103E2000F8030729422F0200882A422F0300D516E3
:103E3000FF002506048EDEFEC511012A422F000078
:103E4000D516FF00E517480225069496DEFEC22926
:103E500045073800BF077EFBD52EFF00E52F48023F
:103E600027069496DEFEC539072F38005F2A472FB4
:103E70003800872F3900602A8A4DA22F0100C52EF5
:103E80008700422F0100022F0200C82AA23F010032
:103E90000729203E7FF84729422F0100882A422F18
:103EA0000200D52EFF002706048EDEFEC539470727
:103EB0000000023F0300C83A824703000839204649
:103EC00007FC4839423F0200883A423F0300C600DF
:103ED000F837440222065A96DEFEC611A2370100C8
:103EE000C63EF700423F0100C63677004237010068
:103EF000E52F480222069496DEFEC51142073800DF
:103F000042073900BFFF3AD1D516FF00E517480236
:103F100025069496DEFEC229011245173E0041AAED
:103F2000D516FF006A12F607F7F880FF100580FF2C
:103F3000C80540063F0E8007210C00A2856540168B
:103F4000DFFE42A7148ED4AEFFFFF8AF4402220674
:103F50005A96DEFEC2A995170100C206E000E24DA6
:103F6000D5E70300B24DD5EF0300BA0500AAA54579
:103F700095170100C23E1F00D436FFFF80FF960454
:103F80006052F4058A00D436FFFF0A3880FF7A00B9
:103F9000D5A70300B535D516FF00E517480225065D
:103FA0009496DEFEC229A5170100C206780092256C
:103FB000D516FF00E517480225069496DEFEC229B5
:103FC00085173B00A5373B00C832023185173D00FD
:103FD000A52F3D00C82A0229D02A0629D416FFFFA2
:103FE000E511FA05D53EFF00D436FFFF80FF1A0029
:103FF00041AAD516FF006A12F6CD41A2D406FFFFF2
:10400000F29D40063F0C8007218FE7A6450022065F
:104010009496DEFEC2A1141701008312C2160F008F
:10402000641207A806B0E20707026212E2075B010A
:104030006112EA07DD03F516450025069496DEFEBB
:10404000C229A517390060128A6D14170100821663
:104050001000C21697005417010014170200C8126E
:10406000B42F010005118216800054170100C216FA
:1040700000F88812541702001610F817440225069B
:104080005A96DEFEC511C21F010014170300C812A4
:10409000942F030005118312C2167F00202E7D008D
:1040A000E511CB1D14170300C812942F030005114E
:1040B000C22EF8FF203607FC4611482AC52EF80309
:1040C0000511541702008812541703002206048EAB
:1040D000DEFED511012A422F00004016DFFE8217B6
:1040E000D18D6012A20D4016DFFE4207D08D15382B
:1040F000A700163080FFE613F516450025069496B6
:10410000DEFEC2291610C5122606046C0300C23159
:1041100006170E004517390016B8F8BF44022206EC
:104120005A96DEFEC2B9D7EF0300D205153080FFE4
:10413000180BD51DD7970100141701008216200017
:10414000C216A7005417010014170200C812B42F9A
:10415000010005118216800054170100C21600F8F4
:104160008812541702001630BFFFF0E8F5A645008C
:1041700035069496DEFED4A901A255A73E00D7A726
:10418000030040063F8F16B8F8BF440222065A9635
:10419000DEFEC2B9D7EF0300E245F516450038064A
:1041A0009496DEFEC2C11610C5122506046C0300EB
:1041B000C22905170E0058173900153080FF8A0AEA
:1041C000011258173E004016DFFEA2174D966112ED
:1041D000BA1D38064496DEFE5807090094A7010070
:1041E000D43E1F0001421630BFFFF6D258570400DC
:1041F0000AA098A258A707000AA090A258A70600F4
:1042000088525857050040A6DFFE94A7D18D60A2C2
:10421000A20D40A6DFFE5407D08D1538A70016303A
:1042200080FFBA12D7A7030040063F8F16B8F8BF29
:10423000440222065A96DEFEC2B9D7EF0300E20717
:10424000430114170200C812B42F01000511871290
:10425000C2160F006112FA2D141701008216080011
:10426000C2168F005417010014170200C812B42F91
:104270000100051182160002202E7FFA4511541705
:104280000100881254170200F5A645002206048E8C
:10429000DEFED5114207000038069496DEFED4C13A
:1042A00058073800C5B23406046C0300D6A114A721
:1042B0000C00E55D14170200C812B42F01000511AF
:1042C0008712C2160F006212EA0743011417010099
:1042D00082161000C216970054170100141702002E
:1042E000C812B42F0100051182160002202E7FFA99
:1042F000451154170100881254170200D71F0100FE
:1043000014170300C812942F030005118312C2165C
:104310007F00202E7D00E511CB1D14170300C8126D
:10432000942F03000511C22EF8FF203607FC46111A
:10433000482AC52EF8030511541702008812541795
:1043400003003406048EDEFED5A1011254170000CE
:10435000F5A6450038069496DEFED4C1580738000D
:10436000C5B23406046C0300D6A114A70E0058A7EA
:104370003900153080FFD20801A258A73E00E5455C
:10438000B4170100C2168700541701001417020069
:10439000C812B42F01000511202E7FF845115417C3
:1043A000010088125417020014170300C812942F3A
:1043B00003000511202E07FC451154170200881236
:1043C000541703002206048EDEFED51142070000BA
:1043D000B7170100C22EFB00572F0100C22EF300B9
:1043E000572F0100C216730057170100F51645003C
:1043F00034069496DEFEC2A15407380054073900F3
:10440000BFFF3ECC011254173E00D7A70300400661
:104410003F8F8007210806A080FF18067F52CA0D33
:10442000143080FF9802F8A7440222065A96DEFE56
:10443000D411C2A7030040063F088007210800A24C
:104440001410952DC22EFF00E52F480226069496E3
:10445000DEFEC531062F0100832AC52E0F00622A19
:104460009A1DC22EFF00E52F480226069496DEFE16
:10447000C531862F3B00A6373B00C8320531C53217
:104480002506046C0300C629A52F1F00602AA2057B
:1044900001A24112C22EFF006A2AD6D580FF300049
:1044A000940061A2DA0580FF3A0040063F0880FFD1
:1044B0003E0040063F084016DFFE02570F8E7F0089
:1044C0004016DFFE012A422F0F8E7F004016DFFECE
:1044D00042070F8E7F004016DFFE0257108E7F00CE
:1044E0004016DFFE012A422F108E7F004016DFFEAD
:1044F0004207108E7F008007210800A2E56DD416C8
:10450000FF00E517480225069496DEFEC2298517AE
:104510003F0061129A65D416FF000228E52F480279
:1045200026069496DEFEC53146073E006912CB553D
:10453000C112E20638450300A50DE50DC515A51D00
:104540008525E525C52DA535853DE53D27069496B0
:10455000DEFE0032F53D22069496DEFE223E450048
:104560000132853D22069496DEFE223E8A0002320A
:10457000953522069496DEFE223ECF000332A52D0D
:1045800022069496DEFE223E14010432B525220650
:104590009496DEFE223E59010532C51D22069496F0
:1045A000DEFE223E9E010632D51522069496DEFEE0
:1045B000223EE3010732E50D22069496DEFE223EFE
:1045C00028020832F50522069496DEFE223E6D0290
:1045D0000932BFFFFAE041A2D416FF006A128695A5
:1045E00040063F08800721CF00A208A807B006B800
:1045F00014C0B55DD816FFFFF41740022506D86B2E
:104600000300C229D916FFFFC212C22925170100D3
:10461000E2B9DA45D916FFFF042AA2290112E517EB
:10462000C0000032853D0628A500E52E450027067E
:104630009496DEFEC729A53F0100C7067800A22D8B
:104640000638A700E73E450028069496DEFEC741DF
:10465000883F3B00A84F3B00C84A0749883F3D00C0
:10466000A8473D00C8420741D0420941D83EFFFF5C
:10467000E8398A15852F0100C52E1F00C23EFF00B4
:10468000E5398A0DA60016381540BFFFF8CE41A2C5
:10469000E50541320628A5006A2AE6C541CAD916B1
:1046A000FFFF651281AD41C2D806FFFFBA0500CAFF
:1046B000F5F5D456FF0040063FCF8207210806A03B
:1046C0001F12431703004307020080FF7600435781
:1046D00003008A006952832D233E02002336030023
:1046E00080FF740103170300601284151410F8177B
:1046F000440225065A96DEFEC22985170100820073
:104700008512832F0300E511FB0D80FFD80043576E
:1047100003008A006952830D80FF5800435703004D
:104720008A006952FB05A3370300143880FFE801B3
:10473000C5051F12431703000357030042063F0835
:104740000052F50D0A10A200E216450025069496C7
:10475000DEFEC229A5170100C2067800820D415273
:104760000A10A2006A12F6ED2056FF00AA007F0090
:10477000005285350A10A200E216450025069496DF
:10478000DEFEC229051701008312C2160F00611256
:104790008A250A10A200E216450025069496DEFE40
:1047A000C22985173B00A5373B00C8320231851767
:1047B0003D00A52F3D00C82A0229D02A0629F82F3E
:1047C000440222065A96DEFEC511C2EF0300820D96
:1047D00041520A10A2006A12E6CD2056FF00AA003C
:1047E0007F00005285350A10A200E216450025061A
:1047F0009496DEFEC229051701008312C2160F002F
:1048000064128A250A10A200E21645002506949635
:10481000DEFEC22985173B00A5373B00C8320231B6
:1048200085173D00A52F3D00C82A0229D02A062958
:10483000F82F440222065A96DEFEC511C2EF03008D
:10484000820D41520A10A2006A12E6CD2056FF00E6
:10485000AA007F000012052A1F42204EFF00A55526
:10486000C256FF00E55748022B069496DEFECB5158
:10487000AA5F0100CB067800C2458A5F01008B0069
:10488000855AC566FF00EC5991258A5F01008B00AF
:10489000855AC566FF00EC59CA35C25EFF00E55F68
:1048A00048022C069496DEFECB61AC5F3F008C6F15
:1048B0004100C86A0B69AC5F41008C674300C86265
:1048C0000B61D0620D61EC41C31DC22EFF00E52FCC
:1048D000480228069496DEFEC541A82F3F00884F67
:1048E0004100C84A0549A82F410088474300C842F3
:1048F0000541D04209418A2F01008500852A0248DE
:104900004112C256FF006A52C6AD464F0000472F03
:1049100000007F008007210FE616450034069496BC
:10492000DEFEC2A1543F3A000710881254173B0024
:1049300054073D0054073C0014170000202EE0FFF0
:1049400045115417000007A8F8AF440225065A96EF
:10495000DEFEC5A9952F0100C52E1F0005115417B5
:104960000000C2161F00952F0100C52EE0000511A2
:1049700054170000B4170100C22EFD00542F01008F
:104980000728C52A3606046C0300C5B1B62F1F00E0
:10499000602AE42F142BC216F900051154170100E8
:1049A0000610A2000730023880FF320B01BA54BF54
:1049B00034005407350054BF4300540744005407E3
:1049C000380016170C0054173900D51701001417BA
:1049D000010082160800C2168F0054170100B41798
:1049E0000100142F0200C82A022920167FF842294C
:1049F000542F0100882A542F02002206F891DEFE6F
:104A0000A22F030082370300A23F0100821701009A
:104A1000542F420054374100543F400054173F0088
:104A2000BFFF5EC5BFFFFAC554BF3E0040063F0F43
:104A30000052D52D0A10A200E216450025069496D4
:104A4000DEFEC511A22F0100C5067800F21D0A285E
:104A5000A500E52E450028069496DEFEC541882F68
:104A60003B00A84F3B00C84A0549882F3D00A84796
:104A70003D00C8420541D0420941E831FA0582179C
:104A800001004711C2061F008A0D41520A10A20000
:104A90006A1296D52056FF00AA007F0080072100E9
:104AA0004016DFFEE217CD8D60129A0D4016DFFE34
:104AB00082170F8E6512B2050012A5050112601251
:104AC0004016DFFE82170F8EEA0769016412EB07BA
:104AD0007501C212E206DA4A03008007140080075B
:104AE00060008007A6008007C000800728014016EC
:104AF000DFFE2217198E6012FA05BFFF2CC940167F
:104B0000DFFE6257198EBFFF20C94016DFFE221755
:104B1000198EA25120168813E251E10DBFFF0AC978
:104B20004016DFFE6257198E4016DFFE012A422F23
:104B30000E8E40063F00BFFF8AF940063F00BFFFD0
:104B4000E8C84016DFFE2217198EA2512016102742
:104B5000E251F115BFFFD2C84016DFFE6257198E31
:104B6000BFFF62E74016DFFE6052E205022A422FD5
:104B70000E8E40063F00032A422F0E8E40063F0055
:104B8000BFFF4CF940063F00BFFF9EC84016DFFE46
:104B90002217198EA25120168813E251B925BFFFA2
:104BA00022F940063F00BFFF80C84016DFFE2217F3
:104BB000198EA2512016F401E251E10DBFFF6AC81F
:104BC0004016DFFE6257198E4016DFFE022F1C8E44
:104BD0005F2A422F1C8E4016DFFE82171D8E601248
:104BE000EA0DBFFF44C84016DFFE6257198E40161B
:104BF000DFFE042A422F0E8E40063F00C20601004F
:104C0000DA05BFFFBEF840063F00BFFFC2F840060E
:104C10003F00BFFF14C84016DFFE2217198EA251B5
:104C200020168813E251990DBFFFA4F840063F00FB
:104C30006512B205BFFF98F84016DFFE052A422F25
:104C40000E8E40063F00E616450025069496DEFED1
:104C5000C22985173500052F3500C82A0229C5004D
:104C60008016FFFFE229B215E61645002506949648
:104C7000DEFEC2298517350005373500C8320231FE
:104C80004132453734008832453735007F00800790
:104C9000210869328F3DE6A6450022069496DEFE85
:104CA000C2A1B4170100C216870054170100B4173F
:104CB0000100142F0200C82A022920167FF8422979
:104CC000542F0100882A542F02002206048EDEFE93
:104CD000C6114207000054073800540739009417E2
:104CE0000300142F0300C82A0229201607FC4229BA
:104CF000542F0200882A542F0300BFFF44C301121F
:104D000054173E0040063F088007210800A2B51551
:104D1000D416FF00E517480225069496DEFEC22948
:104D2000A5170100C2067800D205D436FF00BFFFE8
:104D300060FF41A2D416FF006A12B6ED40063F089C
:104D4000800721080012951DC22EFFFF0530F8379D
:104D5000440227065A96DEFEC63967070100470758
:104D6000050047070400C52926064E96DEFEC5311C
:104D70004932660700004112C206FFFFE2E500A2C9
:104D8000E565D416FF00E517480225069496DEFE79
:104D9000C511022F0100832AC52E0F00612AA255DA
:104DA000022F0100832AC52E0F00622AAA25D42EC5
:104DB000FF00E52F480226069496DEFEC531862FB9
:104DC0003B00A63F3B00C83A0539862F3D00A64769
:104DD0003D00C8420541D0420741C5422506046C4A
:104DE0000300C829852F0F00A6373900E629A22D18
:104DF000021701008312C2160F006212FA25D416A0
:104E0000FF00E517480225069496DEFEC2298517A5
:104E10003B00A5373B00C832023185173D00A53F56
:104E20003D00C83A0239D03A0639C53A2206046C28
:104E30000300C71182170F005F12A52F3900E5117B
:104E4000DA05D436FF00BFFF48FE41A2D416FF00AA
:104E50006A12869D40063F088007210800A2E535BA
:104E6000D416FF00E517480225069496DEFEC229F7
:104E7000051701008312C2160F006212EA25D4162C
:104E8000FF00E517480225069496DEFEC229851725
:104E90003B00A5373B00C832023185173D00A53FD6
:104EA0003D00C83A0239D03A0639C53A2206046CA8
:104EB0000300C71182170F00A52F3900E511DA058D
:104EC000D436FF00BFFFCAFD41A2D416FF006A120C
:104ED00086CD40063F088007210800A2D515D416CC
:104EE000FF00E517480225069496DEFEC229051745
:104EF00001008312C2160F006412DA05D436FF00D7
:104F0000BFFF8EFD41A2D416FF006A1296ED400647
:104F10003F0880072100BFFFF2FD40063F008007E9
:104F20002100BFFF1EFE40063F0080072100BFFF9B
:104F30002AFF40063F0080072100BFFF9CFF40067C
:104F40003F0000520A108515C22EFF00E52F4802CF
:104F500026069496DEFEC531A62F0100C506780010
:104F6000E057B4534112C22EFF006A2AE6ED8A00D0
:104F70007F0000120250D54DC536FF00E5374802CC
:104F800027069496DEFEC731A63F0100C7067800CB
:104F9000C22DC53EFF00E53F480228069496DEFE7E
:104FA000C741883F3B00A84F3B00C84A0749883F9C
:104FB0003D00A8473D00C8420741D0420941C23EDA
:104FC000FFFFE839AA15C23EFFFFF83F440228065A
:104FD0005A96DEFEC839073F000006370000273129
:104FE000C6061F00A2054152412AC536FF006A329B
:104FF000C6C5C22EFFFFF82F440226065A96DEFED3
:10500000C629852F0100C5061F00E057B453411281
:10501000C206FFFFBA05002A95EDCA007F000052C4
:105020000A10B535C22EFF00E52F480226069496D9
:10503000DEFEC531062F0100832AC52E0F00622A2D
:10504000BA25C22EFF00E52F480226069496DEFE02
:10505000C531862F3B00A63F3B00C83A0539862F55
:105060003D00A6473D00C8420541D0420741C54228
:105070002506046C0300C829852F0F00A6373900C8
:10508000E629AA0541524112C22EFF006A2AB6CD76
:105090008A007F0000520A10A515C22EFF00E52FDE
:1050A000480226069496DEFEC531062F0100832AAB
:1050B000C52E0F00642AE057A4534112C22EFF00F0
:1050C0006A2AC6ED8A007F0080072100BFFF76FEB6
:1050D00040063F0080072100BFFF9AFE40063F00C8
:1050E00080072100BFFF3AFF40063F0080072100F4
:1050F000BFFFA4FF40063F008007210F00A207A8C2
:1051000006B014B8F52DD416FF00E51748022506A1
:105110009496DEFEC511022F0100832AC52E0F00D2
:10512000622AFA1DD42EFF00E52F48022706949626
:10513000DEFEC539A7373B00872F3B0082170100F1
:10514000C8320531C23E1F001540BFFF94C36052F4
:10515000820D1710A200C212D6116257010041BA87
:1051600041A2D416FF006A12F6CD1750AA004006DD
:105170003F0F80072100BFFF82FF40063F008007EE
:105180002108603207A0C25D6A32AF5D00120228BA
:10519000B555C23EFF00E53F480229069496DEFE63
:1051A000C939074F0100834AC94E0F00624ABA4508
:1051B000C24EFF00E54F48022A069496DEFEC95112
:1051C0008A4F3B00AA5F3B00C85A09598A4F3D00ED
:1051D000AA673D00C8620961D0620B61C5622906F9
:1051E000046C0300CC49894F0F00AA573900EA49E3
:1051F000AA25412AC54EFF00E649DA1D8200E517BF
:10520000480225069496DEFEC229A5373B00851785
:105210003B00872F0100C8320231C53E1F00BFFF8F
:10522000C0C2CA06FFFFC20DCA0074570100005277
:1052300040063F084112C23EFF006A3AB6AD1F5217
:1052400040063F0880072100BFFF36FF40063F00B1
:1052500000120250B54DC22EFF00E52F480228066D
:105260009496DEFEC829054701008342C8460F0018
:105270006242BA3DC246FF00E547480229069496BD
:10528000DEFEC84989473B00A95F3B00C85A085960
:1052900089473D00A9673D00C8620861D0620B6183
:1052A000C5622806046C0300CC4188470F00A94F53
:1052B0003900E941AA1DC246FF00E5474802290618
:1052C0009496DEFEC84989473B00A94F3B00C84A77
:1052D0000849664F0000852F0100C52E1F00472F8B
:1052E00000004152413A42324112C22EFF006A2A66
:1052F000B6B5AA007F0080072100BFFF56FF400619
:105300003F006032F2556A32DF5500120228E54D47
:10531000C54EFF00E54F48022A069496DEFECA49B4
:10532000095701008352CA560F006252EA3DC55622
:10533000FF00E55748022B069496DEFECA598B57AC
:105340003B00AB673B00C8620A618B573D00AB6F07
:105350003D00C86A0A69D06A0C69C56A2A06046CED
:105360000300CD518A570F00AB5F3900EB51DA1DB6
:105370004112C256FF00E6518A1D8500E52F480202
:1053800022069496DEFEC511822F3B00A2173B0039
:10539000C81205116717000089170100C2161F0007
:1053A0004817000000527F00412AC54EFF006A4A9C
:1053B00086B51F527F0080072100BFFF48FF4006CF
:1053C0003F008207210007486307020043070100EE
:1053D00023460100233E0200BFFF92C06052E40D4D
:1053E000A33F0100E3370300BFFF48F6CA36FF00C2
:1053F000BFFF9EF8005242063F001F5242063F0088
:105400008007210080FF080040063F008007210F31
:1054100000A207A806B014B88535D416FF00E5171A
:10542000480225069496DEFEC511022F0100832A4C
:10543000C52E0F00642A8A25D42EFF00E52F4802CE
:1054400027069496DEFEC539A7373B00872F3B0021
:1054500082170100C8320531C23E1F001540BFFF50
:1054600080C0CA06FFFF820D1710A200C211D6111C
:105470006257000041BA41A2D416FF006A12E6CD7D
:105480001750AA0040063F0F820721000748630714
:1054900002004307010023460100233E0200BFFF34
:1054A000CCBF60529A1D0012B5150228A500E52E4A
:1054B000450026069496DEFEC531862F0100C506FE
:1054C0001F00D2050250AA0042063F0041120228E6
:1054D000A5006A2AB6ED42063F000012D515E72E58
:1054E000450028069496DEFEC541C2410628F82FE5
:1054F000440229065A96DEFEC549C249092F080012
:10550000482F04004112202E3000E51191EDE716DE
:10551000450025069496DEFEC229011245173E007D
:1055200000527F008007E1FF624A23A72D0008A8F0
:1055300006B0B20501BAB505004A02BA62A2BA05C0
:1055400002C2E50563A2B20500C2A50504C200CAF5
:1055500019D009D807E0855D60DAB2050112B515EA
:1055600063A2CA05002A0112F50DDD16FF00E5173A
:10557000480225069496DEFEC229A517390063125B
:10558000A2F500120228DD3EFF00E53F4802260694
:105590009496DEFEC639073701008332C6360F0007
:1055A000E6C18A2DA21601006012CA25602AA22532
:1055B000DD16FF00E517480225069496DEFEC22997
:1055C000A5373B0085173B00872F0100C832023109
:1055D000C53E1F001540BFFF08BFCA06FFFFA20D52
:1055E0001A10A200C212D611CA00625701005FE26F
:1055F00041D241EADC06FFFF1D108200B2056A12AB
:10560000C6AD41CA01DAD9EEFF00D716FF00E2E9C4
:0E561000B90500EA85F51A50AA004006FFFF12
:10561E00E62F030005408742C846FF00080601FF3B
:10562E00DA0DC5067F008A0DE62F01000242602AC0
:10563E00E14704537F0002527F00C506FF7FDA0563
:10564E00E64F0100604AB23D204E9600A849A74998
:10565E000938E700603AB7350706E8FF960DC53EF4
:10566E00008066070000663F02001F527F00A43ACA
:10567E002806246C03000728C22AC829C9460F0031
:10568E00252F0100C84129062C6C0300C849294763
:10569E000000C529C629254F000049412849603A16
:1056AE00654F0000E705262F000066070000054144
:1056BE00C806FFFF1F2AE02F04537F0000527F0011
:1056CE0080074100C8062000E63F345BE0373453C4
:1056DE00C8461F00A20DE85FC0000AE8E857C000E8
:0C56EE008041E8EF80001D5940065F007D
:0C56FA002506FFFFFF7F065045517F0092
:105706000012F50DC22EFF00C22A0640C541290629
:105716004C6C0300C929252F0100682F0100411296
:10572600C22EFF00E729F1ED7F008E072100081247
:1057360043170C0022069496DEFE822F3D00A23708
:105746003D00C8320531D032822F3B000531A22FF1
:105756000100C52EF800C5290629432F0D00A22FEA
:10576600810082378300C8320531D032A22F7F00F4
:105776000531822F4700C52EF800C5290629432F7B
:105786000E00822FC700A237C700C8320531D032BB
:10579600822FC5000531A22F8B00C52EF800C52922
:1057A6000629432F0F00A22F0B0182370D01C832A5
:1057B6000531D032A22F09010531822FD100C52E25
:1057C600F800C5290629432F1000822F5101A23760
:1057D6005101C8320531D032822F4F010531A22F37
:1057E6001501C52EF800C5290629432F1100A22F41
:1057F600950182379701C8320531D032A22F930125
:105806000531822F5B01C52EF800C5290629432FD5
:105816001200822FDB01A237DB01C8320531D032FC
:10582600822FD9010531A22F9F01C52EF800C52967
:105836000629432F1300A22F1F0282372102C832E6
:105846000531D032A22F1D0205318217E501C2169D
:10585600F800C21106114317140063071900401619
:1058660003002217B56A6317090023171900631787
:10587600050023171500631701000632234F110098
:1058860023470D00233F0900BFFF66AC4E063F00CD
:105896008E072100081243170C0022069496DEFE9E
:1058A600822F6502A2376502C8320531D032822FB7
:1058B60063020531A22F2902C52EF800C529062943
:1058C600432F0D00A22FA9028237AB02C832053141
:1058D600D032A22FA702053182176F02C216F80036
:1058E600C211061143170E001F1243170F0043176C
:1058F60010004317110043171200431713004317F4
:10590600140063071900401603002217E56A63179F
:1059160009002317190063170500231715006317DD
:1059260001000732234F110023470D00233F0900D2
:10593600BFFFBEAB4E063F0080072100A71705003C
:105946006012EA0D0112402EDFFE45170992402E25
:10595600DFFE45170892BFFF06B640063F00A717B1
:105966000500020601FFBA150112402EDFFE45179B
:105976000992402EDFFE45170892A71707008737C2
:1059860007000238BFFF64B840063F00A7170500AE
:105996000206ABFFEA0587370700003ABFFF4CB89F
:0659A60040063F007F00F7
:1059AC0080072100BFFF4447005240063F0090078C
:1059BC0021004016DFFE42079190021243171F0090
:1059CC002506F1FFFF00432F0400202E86F1432F04
:1059DC000300012A432F0500430706004317070065
:1059EC00233E1F0023360300BFFF783900525006B8
:1059FC003F0000527F008007210801A24016DFFE05
:105A0C0042A791904016DFFE42A7C390BFFFCA5930
:105A1C004016DFFE42A7318C4016DFFE42A7A6815E
:065A2C00005240063F0895
:105A320080072108BFFFAC594016DFFE8217A781FD
:105A420060128A1501A24016DFFE42A7A681401607
:105A5200DFFE4207C2900032BFFF82471450400669
:105A62003F08015240063F0801524016DFFE4257EE
:105A7200E18C7F0001524016DFFE4257E08C7F002E
:085A820001527F0001527F0078
:105A8A000012012AB51DC22EFF002706489ADEFE23
:105A9A00C72945370000C6068000202E1B00E02FCC
:105AAA00043B0628C529272926298600270648995E
:105ABA00DEFEC6394717000041120530C22EFF002C
:105ACA00050601FF9AE52206489ADEFE022F00002B
:105ADA00422FFF004016DFFE420748997F006032DE
:105AEA00921522064899DEFEC61182170100202E61
:105AFA00FF00A2292206489ADEFEC511825701003C
:105B0A007F0000527F0080072100BFFFD4FF0012F0
:105B1A000A28850D0650CA518600873206512A295D
:105B2A0041120A30C23EFF00643AD1F5A55663001D
:105B3A008A0040063F000112E717C000062F000046
:105B4A006042D2050229462F00007F002210422916
:105B5A00462F00007F00E7378000C65601007F000D
:105B6A008207218F4337030000A206A8854D141629
:105B7A000200C23E07001530BFFFDEFFD4B6FF00A9
:105B8A0023BE0300173016380A40BFFFACFFA33705
:105B9A0003001638BFFFC2FF0AC014160500C23E32
:105BAA0007001530BFFFB2FF18402A4117301638D8
:105BBA00BFFF86FFA33703001638BFFF9CFF0AC04A
:105BCA0014160700C23E07001530BFFF8CFF1840AD
:105BDA002A4117301638BFFF60FFA3370300163873
:105BEA00BFFF76FF0AC005321638BFFF6CFF1840A8
:105BFA002A4117301638BFFF40FF41A2D416FF00D2
:105C0A006812E1B5A3370300BFFFD6FE42063F8FF5
:105C1A008007218F00A207A806B014B8D50D03C2C9
:105C2A00B7C1C3C2F8B782308600BFFFDCFEF8579F
:105C3A00C000CAA141BA64BAB6F51450355140063B
:105C4A003F8F8007210F06A027A100AA15B0D50D06
:105C5A0003BAB6B9C3BAF7A782308600BFFF04FFFA
:105C6A00F757C000CAA941B264B2B6F5155040064A
:105C7A003F0F8007210C623A07A006A8FF0DBFFF5D
:105C8A0002FEC2A22206208EDEFED411223F0100AD
:105C9A001530BFFFB0FF40063F0C005240063F0CD4
:105CAA008007210C623A07A006A8FF0DBFFFD4FDAA
:105CBA00C2A22206208EDEFED411223F0100153038
:0E5CCA00BFFF50FF40063F0C005240063F0C4B
:105CD80048070D0048070A0001527F0048070D00D9
:105CE80048070A0001527F008007210E88170B0021
:105CF800601208A0EA074B01021254170A0000A21A
:105D0800800736011410E91740023506E490DEFEDC
:105D1800C2A995170100B52F0100C82A02299517B5
:105D28000300B5370300C8320231D032053168327A
:105D3800EA0705011410FB174002360692680300B3
:105D4800C2B1B6470B00B63F1300B6370F0096171F
:105D58000B00B62F0900964F1300B6571100965F37
:105D68000F00B6670D00966F090096771100967FB1
:105D78000D00C82A0D29C8420241D0420541C85227
:105D88000E51C83A0939D03A0A39C8620F61C83287
:105D98000B31D0320C31BFFF3255B63F0B00B6374E
:105DA8000F0096170B00B62F090096470F00B64F45
:105DB8000D0096570900965F0D00C82A0A29C83AAF
:105DC8000239D03A05395C3AC84A0B49C832083119
:105DD800D032093144328046FFFFBFFF7C550A109C
:105DE8008812962F0D00B6370D00C8320531962F50
:105DF8000F00B63F0F00C83A0539D03A06394717A1
:105E0800020096170D00B62F0D00C82A0229961712
:105E18000F00B6370F00C8320231D032053146576D
:105E28000300051255170000550703005507020027
:105E38005507010041A265A2F107CDFEC50D62120A
:105E4800AA0DBFFF16566152EA05031254170A003D
:105E580054070D00015240063F0E8007210888179D
:105E68000B00022A482F0A006012AA1501A2401648
:105E7800DFFE42A7C3900032BFFF5C434016DFFE3F
:105E880042A7A681BFFF5655145040063F0801524D
:045E980040063F0879
:105E9C001F7080FF34006A3701000EF87F001F70FE
:105EAC0080FF26000A682D5701002B066D4EC64157
:105EBC00EB5722020A5639306D5701009052CA56E0
:065ECC00FF7F0EF87F00CD
:085ED2002A06308EDEFE7F007F
:105EDC000304010000010000FF07000001000000A6
:105EEC000000000000950100F0070000FF07000013
:105EFC00010000000000000000000000DF070000AF
:105F0C00FF0700000100000000000000000000007E
:105F1C0000020000FF07000001000000000000006C
:105F2C0000000000F0070000F10700000100000075
:105F3C000000000000000000DF070000FF07000069
:105F4C000100000000000000000000002002000022
:105F5C00FF07000001000000000000002695010072
:105F6C0003010000FF07000001000000000000001A
:105F7C009895010001010003E05E0300010101049A
:0C5F8C001C5F0300010102016C5F0300B8
:025F9800040102
:025F9A00000005
:085F9C0003030800800000006F
:085FA4002081DEFEA080DEFE7C
:105FAC0010000000ECE7020036E402000F010000D4
:105FBC0011000000D8EA020078E802000F0000008F
:105FCC00140000000000000062EB02000F00000053
:105FDC00190000000000000052EC02000F0000004D
:105FEC00220000002AF0020032EE02000F00000036
:105FFC00270000000000000092F002000E000000DC
:10600C002800000000000000FEF702000101000063
:10601C002E0000000000000038F902000E00000005
:10602C00310000000000000090FB02000E00000098
:10603C003E000000000000009A0103000F00000069
:10604C0085000000000000001E020300010100009A
:10605C000100000064D9020003020000000ADA0209
:10606C00000304000000A6DB02000606000000FC92
:10607C00DD0200060A00000058E0020002000000E9
:04608C00FFFFFF0013
:1060900098F10900020000000003060F0300000051
:1060A00000000000000000000000000099F10A005C
:1060B000020000000003060F0300000000000000C3
:1060C00000000000000000001E720100020000003D
:1060D0000001040F010000000000000000000000AB
:1060E0000000000086F101000200000000030F0F15
:1060F00000000000000000000000000000000000A0
:1061000090F11100020000000003060F03000000E0
:10611000000000000000000000000000FFF101008E
:10612000020000000003040F010000000000000056
:10613000000000000000000081F12000010090013B
:106140000001020F0000000000000000000000003D
:106150000000000081F02000012090010001020FEA
:10616000000000000000000000000000000000002F
:1061700010FD2000014090010001020F000000000E
:106180000000000000000000000000008BF1200073
:10619000010000000001000F0000000000000000EE
:1061A00000000000000000008CF120000100000051
:1061B0000001000F000000000000000000000000CF
:1061C0000000000093F12000010000000001000F1A
:1061D00000000000000000000000000000000000BF
:1061E00087F12000010000000001000F0000000006
:1061F00000000000000000000000000080F120000E
:10620000010000000001000F00000000000000007D
:10621000000000000000000000A0020002000000DA
:1062200000050005000000000000C481DEFE010042
:106230000000000001A002000200000000050005AF
:10624000000000000000C581DEFE0100000000002B
:1062500001720200020000000005000500000000BD
:106260000000C681DEFE0200000000000000000009
:1062700098F1010008000000000099F101000900F8
:10628000000000001E7201000A000000000086F1FC
:1062900001000B000000000090F102000C00000063
:1062A0000000FFF102000D000090010081F1FFFFEE
:1062B000FFFF2090010081F0FFFFFFFF40900100F1
:1062C00010FDFFFFFFFF000800008BF1FFFFFFFF45
:1062D000200800008CF1FFFFFFFF4008000093F151
:1062E000FFFFFFFF8008000087F1FFFFFFFFA0080E
:1062F000000080F1FFFFFFFF000000000000000031
:10630000000000000000000000000000000000008D
:0663100000000000000087
:02631600000085
:08631800780000040000000001
:106320000002C1FF0000C1FF002002C1FF2000C128
:10633000FF012402C1FF2400C1FF022802C1FF287F
:1063400000C1FF032C02C1FF2C00C1FF04C802C121
:06635000FFC800C1FF05BB
:02635600000045
:106358001400000046000000910000000005100035
:10636800DF070000F0070000F10700005863030092
:08637800010004000201000015
:0263800000011A
:02638200000019
:106384000000000000000000000000000000000009
:1063940000000000000000000000000000000000F9
:1063A40000000000000000000000000000000000E9
:1063B40000000000000000000000000000000000D9
:1063C40000000000000000000000000000000000C9
:1063D40000000000000000000000000000000000B9
:1063E40000000000000000000000000000000000A9
:1063F4000000000000000000000000000000000099
:106404000000000000000000000000000000000088
:106414000000000000000000000000000000000078
:106424000000000000000000000000000000000068
:106434000000000000000000000000000000000058
:106444000000000000000000000000000000000048
:106454000000000000000000000000000000000038
:106464000000000000000000000000000000000028
:106474000000000000000000000000000000000018
:106484000000000000000000000000000000000008
:1064940000000000000000000000000000000000F8
:1064A40000000000000000000000000000000000E8
:1064B40000000000000000000000000000000000D8
:1064C40000000000000000000000000000000000C8
:1064D40000000000000000000000000000000000B8
:1064E40000000000000000000000000000000000A8
:1064F4000000000000000000000000000000000098
:106504000000000000000000000000000000000087
:106514000000000000000000000000000000000077
:106524000000000000000000000000000000000067
:106534000000000000000000000000000000000057
:106544000000000000000000000000000000000047
:106554000000000000000000000000000000000037
:106564000000000000000000000000000000000027
:106574000000000000000000000000000000000017
:106584000000000000000000000000000000000007
:1065940000000000000000000000000000000000F7
:1065A40000000000000000000000000000000000E7
:1065B40000000000000000000000000000000000D7
:1065C40000000000000000000000000000000000C7
:1065D40000000000000000000000000000000000B7
:1065E40000000000000000000000000000000000A7
:1065F4000000000000000000000000000000000097
:106604000000000000000000000000000000000086
:106614000000000000000000000000000000000076
:106624000000000000000000000000000000000066
:106634000000000000000000000000000000000056
:106644000000000000000000000000000000000046
:106654000000000000000000000000000000000036
:106664000000000000000000000000000000000026
:106674000000000000000000000000000000000016
:106684000000000000000000000000000000000006
:1066940000000000000000000000000000000000F6
:1066A40000000000000000000000000000000000E6
:1066B40000000000000000000000000000000000D6
:1066C40000000000000000000000000000000000C6
:1066D40000000000000000000000000000000000B6
:1066E40000000000000000000000000000000000A6
:1066F4000000000000000000000000000000000096
:106704000000000000000000000000000000000085
:106714000000000000000000000000000000000075
:106724000000000000000000000000000000000065
:106734000000000000000000000000000000000055
:106744000000000000000000000000000000000045
:106754000000000000000000000000000000000035
:106764000000000000000000000000000000000025
:106774000000000000000000000000000000000015
:1067840000000000040000000100010000000500FA
:1067940000000100020000000600000001000300E8
:1067A4000000070000000100040000000C000000CD
:1067B40004000500000008000000040006000000BA
:1067C4001000000001000700000011000000040098
:1067D40008000000040000000900090000000D008A
:1067E40000000A000A0000001700000001000B006E
:1067F40000001800000001000C000000040000006C
:1068040011000D0000001500000001000E00000042
:106814000400000010000F00000014000000080035
:10682400100000001C0000000A0011000000040019
:10683400000045001200000049000000450013005C
:1068440000008E000000450014000000D30000008A
:106854004500150000001801000045001600000066
:106864005D010000450017000000A2010000450082
:1068740018000000E70100004500190000002C0288
:10688400000045001A0000007102000045000000ED
:10689400000000000000800000000C92DEFE846313
:1068A400030084670300080000010000008000006A
:1068B40000400000008C92DEFE04640300D46703F1
:1068C4000004000002000000C000000040000000BE
:1068D400CC92DEFE44640300FC6703000200000364
:1068E40000000080080000400000000C93DEFE84DD
:1068F4006403001068030003000004000000C008E3
:106904000000C00200004C93DEFEC46403002E6845
:0569140003000A000071
:036919000000007B
:10691C0000030900030401030302030A0303050433
:08692C00040105030E06030D32
:10693400AC59030001000F0001BA59030002000F13
:106944000002FE59030004000F0003025A0300086A
:04695400000F0055DB
:10695800325A030001036A5A03000203765A0300FD
:02696800030327
:02696A0000002B
:10696C00EC8CDEFE06000100010404010103EC8C3A
:10697C00DEFE040002000504040101038C23030065
:08698C0024240300742303001E
:10699400F0060000FF0700000200000010000000E5
:1069A40000000000000000010800000000000000DA
:1069B40002060300488DDEFE000000000100000016
:1069C400F0070000FF0700000100000010000000B5
:1069D40000000000000000010800000001000000A9
:1069E40002060300608DDEFE0000000001000000CE
:1069F400DF070000FF070000010000001000000096
:106A04000000000000000001080000000200000077
:106A140002060300788DDEFE000000000100000085
:106A24001007000010070000010000001000000023
:106A34000000000000000001080000000300000046
:106A440002060300908DDEFE00000000000000003E
:106A5400F107000000000000010000001000000029
:106A64000000000000000000080000000400000016
:106A74000000000000000000000000000100000011
:106A8400F1060000000000000100000010000000FA
:106A940000000000000000000800000005000000E5
:106AA40000000000000000000000000001000000E1
:106AB40001070000000000000100000010000000B9
:106AC40000000000000000000800000006000000B4
:106AD40000000000000000000000000000000000B2
:106AE4000207000000000000010000001000000088
:106AF4000000000000000000080000000700000083
:106B04000000000000000000000000000000000081
:106B14004A0A00000000000000000000100000000D
:106B24000100000000000000080000000800000050
:106B34000000000000000000000000000000000051
:106B44000000000001000000F0D30200000000007B
:106B54000100000001000000F0D30200000000006A
:106B64000200000001000000F0D302000000000059
:106B740003000000010000003E5903000000000073
:106B840004000000C8000000000000000500000030
:106B9400C80000000000000006000000640064005B
:106BA4003057030006000000640064009658030098
:106BB40000000000000000000000000000000000D1
:106BC40000000000000000000000000000000000C1
:046BD40000000000BD
:106BD80000000000000000000000E80000000000C5
:046BE80000000000A9
:106BEC0000A001A001720272037204720A7200000A
:086BFC000000F06B030004002F
:106C0400000000000200FEFF000000000000000081
:106C14001E00030000000200000000000000F80055
:106C24000000000001000000000001000300070054
:106C34000F001F003F007F00FF00FF01FF03FF075D
:086C4400FF0FFF1FFF3FFF7F60
:106C4C0001FE07FE02FE1FFE03FE1FFE04FE07FEF2
:106C5C0005FE07FE06FE1FFE07FE07FE08FE1FFED2
:086C6C0009FE07FE0AFE1FFEEF
:106C740000001100010012000200130003001400C0
:106C84000400150005001600060017000700180090
:106C94000800190009001A000A000E000B000F007A
:046CA4000C001000D0
:0C6CA800BC6C0300F07A03000080DEFEEC
:086CB400348EDEFE489BDEFE7B
:106CBC0000000000000000000101010101010101C0
:0A6CCC0002020202020202020000AE
:026CD6000000BC
:106CD80002000000040000000200000004000000A0
:086CE80002000000040000009E
:106CF0003A9601000A000000BE9501000A0000005B
:106D0000049601000A000000429701000A000000FA
:056D1000BE950100002A
:036D15000000007B
:046D18000000000077
:106D1C000000000000000000000000000000000067
:0A6D2C00000000000000000000005D
:026D360000005B
:0A6D38000000000000000000000051
:026D420000004F
:046D4400000000004B
:0D6D4800010000010102020303040405051F
:036D55000000003B
:106D5800000000000000000000000000000000002B
:106D6800000000000000000000000000000000001B
:106D7800000000000000000000000000000000000B
:106D880000000000000000000000000000000000FB
:106D980000000000000000000000000000000000EB
:106DA80000000000000000000000000000000000DB
:106DB80000000000000000000000000000000000CB
:106DC80000000000000000000000000000000000BB
:106DD80000000000000000000000000000000000AB
:106DE800000000000000000000000000000000009B
:106DF800000000000000000000000000000000008B
:106E0800000000000000000000000000000000007A
:106E1800000000000000000000000000000000006A
:106E2800000000000000000000000000000000005A
:106E3800000000000000000000000000000000004A
:106E4800000000000000000000000000000000003A
:046E58000000000036
:106E5C000000000000000000000000000000000026
:106E6C000000000000000000000000000000000016
:046E7C000000000012
:046E800002030809F8
:076E84000000000000000007
:016E8B000006
:046E8C000000000002
:016E90000001
:036E9100000000FE
:106E940000000000000000000000000000000000EE
:106EA40000000000000000000000000000000000DE
:106EB40000000000000000000000000000000000CE
:106EC40000000000000000000000000000000000BE
:106ED40000000000000000000000000000000000AE
:106EE400000000000000000000000000000000009E
:106EF400000000000000000000000000000000008E
:106F0400000000000000000000000000000000007D
:106F1400000000000000000000000000000000006D
:106F2400000000000000000000000000000000005D
:106F3400000000000000000000000000000000004D
:106F4400000000000000000000000000000000003D
:106F5400000000000000000000000000000000002D
:106F6400000000000000000000000000000000001D
:106F7400000000000000000000000000000000000D
:106F840000000000000000000000000000000000FD
:106F940000000000000000000000000000000000ED
:106FA40000000000000000000000000000000000DD
:106FB40000000000000000000000000000000000CD
:106FC40000000000000000000000000000000000BD
:106FD40000000000000000000000000000000000AD
:106FE400000000000000000000000000000000009D
:106FF400000000000000000000000000000000008D
:10700400000000000000000000000000000000007C
:10701400000000000000000000000000000000006C
:10702400000000000000000000000000000000005C
:10703400000000000000000000000000000000004C
:10704400000000000000000000000000000000003C
:10705400000000000000000000000000000000002C
:10706400000000000000000000000000000000001C
:10707400000000000000000000000000000000000C
:1070840000000000000000000000000000000000FC
:0A70940000000000FFFF00000000F4
:02709E000000F0
:1070A00032000000D007000032000000881300000A
:0870B0000000000004000100D3
:1070B80000000000000000000000000000000000C8
:1070C80000000000000000000000000000000000B8
:1070D80000000000000000000000000000000000A8
:1070E8000000000000000000000000000000000098
:1070F8000000000000000000000000000000000088
:107108000000000000000000000000000000000077
:107118000000000000000000000000000000000067
:107128000000000000000000000000000000000057
:107138000000000000000000000000000000000047
:107148000000000000000000000000000000000037
:107158000000000000000000000000000000000027
:107168000000000000000000000000000000000017
:107178000000000000000000000000000000000007
:1071880000000000000000000000000000000000F7
:1071980000000000000000000000000000000000E7
:1071A80000000000000000000000000000000000D7
:1071B80000000000000000000000000000000000C7
:1071C80000000000000000000000000000000000B7
:1071D80000000000000000000000000000000000A7
:1071E8000000000000000000000000000000000097
:1071F8000000000000000000000000000000000087
:107208000000000000000000000000000000000076
:107218000000000000000000000000000000000066
:107228000000000000000000000000000000000056
:107238000000000000000000000000000000000046
:107248000000000000000000000000000000000036
:107258000000000000000000000000000000000026
:107268000000000000000000000000000000000016
:107278000000000000000000000000000000000006
:1072880000000000000000000000000000000000F6
:1072980000000000000000000000000000000000E6
:1072A80000000000000000000000000000000000D6
:1072B80000000000000000000000000000000000C6
:1072C80000000000000000000000000000000000B6
:1072D80000000000000000000000000000000000A6
:1072E8000000000000000000000000000000000096
:1072F8000000000000000000000000000000000086
:107308000000000000000000000000000000000075
:107318000000000000000000000000000000000065
:107328000000000000000000000000000000000055
:107338000000000000000000000000000000000045
:107348000000000000000000000000000000000035
:107358000000000000000000000000000000000025
:107368000000000000000000000000000000000015
:107378000000000000000000000000000000000005
:1073880000000000000000000000000000000000F5
:1073980000000000000000000000000000000000E5
:1073A80000000000000000000000000000000000D5
:1073B80000000000000000000000000000000000C5
:1073C80000000000000000000000000000000000B5
:1073D80000000000000000000000000000000000A5
:1073E8000000000000000000000000000000000095
:1073F8000000000000000000000000000000000085
:107408000000000000000000000000000000000074
:107418000000000000000000000000000000000064
:107428000000000000000000000000000000000054
:107438000000000000000000000000000000000044
:107448000000000000000000000000000000000034
:107458000000000000000000000000000000000024
:107468000000000000000000000000000000000014
:107478000000000000000000000000000000000004
:1074880000000000000000000000000000000000F4
:1074980000000000000000000000000000000000E4
:1074A80000000000000000000000000000000000D4
:1074B80000000000000000000000000000000000C4
:0474C80000000000C0
:0574CC000000000000BB
:0374D100000000B8
:1074D40000000000000000000000000000000000A8
:1074E4000000000000000000000000000000000098
:1074F4000000000000000000000000000000000088
:107504000000000000000000000000000000000077
:107514000000000000000000000000000000000067
:107524000000000000000000000000000000000057
:107534000000000000000000000000000000000047
:107544000000000000000000000000000000000037
:107554000000000000000000000000000000000027
:107564000000000000000000000000000000000017
:107574000000000000000000000000000000000007
:1075840000000000000000000000000000000000F7
:1075940000000000000000000000000000000000E7
:1075A40000000000000000000000000000000000D7
:1075B40000000000000000000000000000000000C7
:1075C40000000000000000000000000000000000B7
:1075D40000000000000000000000000000000000A7
:1075E4000000000000000000000000000000000097
:1075F4000000000000000000000000000000000087
:107604000000000000000000000000000000000076
:107614000000000000000000000000000000000066
:107624000000000000000000000000000000000056
:107634000000000000000000000000000000000046
:107644000000000000000000000000000000000036
:107654000000000000000000000000000000000026
:107664000000000000000000000000000000000016
:107674000000000000000000000000000000000006
:1076840000000000000000000000000000000000F6
:1076940000000000000000000000000000000000E6
:1076A40000000000000000000000000000000000D6
:1076B40000000000000000000000000000000000C6
:1076C40000000000000000000000000000000000B6
:1076D40000000000000000000000000000000000A6
:1076E4000000000000000000000000000000000096
:1076F4000000000000000000000000000000000086
:107704000000000000000000000000000000000075
:107714000000000000000000000000000000000065
:107724000000000000000000000000000000000055
:107734000000000000000000000000000000000045
:107744000000000000000000000000000000000035
:107754000000000000000000000000000000000025
:107764000000000000000000000000000000000015
:107774000000000000000000000000000000000005
:1077840000000000000000000000000000000000F5
:1077940000000000000000000000000000000000E5
:1077A40000000000000000000000000000000000D5
:1077B40000000000000000000000000000000000C5
:1077C40000000000000000000000000000000000B5
:1077D40000000000000000000000000000000000A5
:1077E4000000000000000000000000000000000095
:1077F4000000000000000000000000000000000085
:107804000000000000000000000000000000000074
:107814000000000000000000000000000000000064
:107824000000000000000000000000000000000054
:107834000000000000000000000000000000000044
:107844000000000000000000000000000000000034
:107854000000000000000000000000000000000024
:107864000000000000000000000000000000000014
:107874000000000000000000000000000000000004
:1078840000000000000000000000000000000000F4
:1078940000000000000000000000000000000000E4
:1078A40000000000000000000000000000000000D4
:1078B40000000000000000000000000000000000C4
:1078C40000000000000000000000000000000000B4
:1078D40000000000000000000000000000000000A4
:0578E40000000000009F
:0378E9000000009C
:1078EC00000000000000000000010000000000008B
:0378FC0000000089
:0178FF000088
:0D790000000000000000000000000000007A
:03790D0000000077
:047910000000000073
:02791400000071
:0279160000006F
:1079180001000000022303000200000038230300D6
:0C792800030000003A23030001010000EE
:02793400000051
:0279360000004F
:0B793800000000000000000000000044
:017943000043
:037944000101003E
:01794700003F
:10794800000000000000000000000000000000002F
:10795800000000000000000000000000000000001F
:0679680000000000000019
:02796E00000017
:107970000000000000000000000000000000000007
:1079800000000000000000000000000000000000F7
:0B7990000000010203040506070809BF
:01799B0000EB
:02799C000000E9
:02799E000000E7
:0879A0000000000000000000DF
:0479A80010270000A4
:1079AC00D85C030001FF04040404000A0000010079
:1079BC0001000001E45C030001FE04040404000463
:1079CC000000000001000001F05C030001F0040461
:1079DC000404000E0300010001010001625E0300BB
:1079EC0002FE04040404000A03000000010100016B
:1079FC00000009000400000000000000000000006E
:107A0C00000000000000000000000000000000006A
:107A1C00000000000000000000000000000000005A
:107A2C00000000000000000000000000000000004A
:107A3C00000000000000000000000000000000003A
:107A4C00000000000000000000000000000000002A
:087A5C00000000000000000022
:107A64000000000000000000000000000000000012
:107A740000000000000000000000000000000704F7
:027A8400000000
:027A86000000FE
:027A88000000FC
:027A8A000000FA
:107A8C0000000000086E2B03002427030010322B8B
:107A9C0003009827030020F62A03000A280300405D
:107AAC00BA2A03007C280300807E2A0300EE2803F8
:017ABC0000C9
:037ABD00000000C6
:107AC00000000000000000000000000000000000B6
:097AD00000000000000000000AA3
:037AD900000000AA
:0C7ADC00E9E7E6E5B2A292A3904856D27A
:027AE80000009C
:027AEA0000009A
:047AEC000100000095
:107AF0008007210E00A23506489DDEFE06B0F50582
:107B0000003A153080FFCC0B41A241AA2016680034
:107B1000E2A1F1F54016DFFE6207A59D60B2822D5D
:107B20002206489DDEFE62B701006207250062075B
:107B30002900620751006207550062075900620779
:107B4000440062072D00012A622F61002217010004
:107B5000E22F0300602AC20DE2370500E21707009A
:107B6000C231C600412AE531B9050052A5050352CC
:107B700060528A0D4016DFFE250654555555622F7A
:107B8000A59D40063F0E82072108061263170100DB
:107B900006A60000A26D4016DFFE2217719D60123E
:107BA0009A5580FFD40A6152DA4D4016DFFE221743
:107BB000A59D250654555555E511DA1534170100D4
:107BC00065128A452036800080FFB00E63570100A1
:107BD00060528A3D011263170100402EDFFE6517D7
:107BE000759D8535250655555555E511C20D25065A
:107BF00057555555E511EA254016DFFE2217999D88
:107C000060128A253417010065129B1DC112E2061D
:107C1000147C0300E505D505A50D950D8515D50D3D
:107C20003437010080FF8A116152CA0D01420338C6
:107C3000143080FF4808E5050612A5050A126317EF
:107C40000100231701006112EA054016DFFE62A75A
:107C5000719DF505740711004016DFFE6207759DE2
:107C6000231701007417150042063F0880072108FA
:107C70004016DFFE2217999D611206A0B20501523F
:107C8000D5454016DFFEE2378D9D80FF7C0E6052A9
:107C9000B2050052B53D4016DFFEE2178D9D02068B
:107CA00080FFFA1580FF2C0B6052B2050D12A5154E
:107CB000003280FFC60D2206489DDEFE0E2A622F8E
:107CC0004D0001527457010009A262A72D00D5058D
:107CD0000E127417010000522206489DDEFE620754
:107CE0005100620755006207590025065555555544
:107CF000622F5D00221725006012820D0E2A622F6E
:107D000015004016DFFE62076D9D40063F088007A4
:107D100021004016DFFE22179D9D6112CA1580FFCB
:107D2000CA1061528A1580FFE2102206489DDEFECD
:107D300062075500250656555555622F5D000052C5
:107D400040063F00015240063F00800721004016D8
:107D5000DFFE2217719D6012B2050152C57D4016EB
:107D6000DFFE2217A19D61129AFD2206489DDEFECC
:107D700062075900221749006112CA152036800097
:107D800080FFF80C6052FA1D2206489DDEFE052A8F
:107D9000622F2D00250655555555622F5D00015265
:107DA000D5356012EA252206489DDEFE222F1500F9
:107DB00022171D00E229D91D2036800080FFBC0C4F
:107DC0006052820D4016DFFE22176D9D625715002E
:107DD000C51D2206489DDEFE062A622F2D00015297
:107DE00062574900250655555555622F5D00E50D32
:107DF0002206489DDEFE250655555555622F5D002D
:107E0000221749006617010000524016DFFE2217B4
:107E1000A59D250657555555E511D21D2206489DAD
:107E2000DEFE222F2500622F290001326537150062
:107E300062072500222F1500622F0500222F19004E
:107E4000622F0900222F1D00622F0D00222F21001A
:107E5000622F110040063F008007210E06A080FF20
:107E600012100AAE0000A21D80FFC80900B2163031
:107E700080FF080C163080FF900C6152AA0D22067C
:107E8000489DDEFE092A622F2D0062AF4D0001AA37
:107E900074AF0100005240063F0E015240063F0EF3
:107EA0008007210C06A080FF8E0C7457010080FF14
:107EB00082094016DFFE22179D9D6112BA0D22062F
:107EC000489DDEFE62075500250656555555622F22
:107ED0005D004016DFFE2217A59D25065655555517
:107EE000E511EA3D34170100402EDFFE6517919D34
:107EF00000AA153080FF840B153080FF0C0C6052F7
:107F00009A150212741701003406489DDEFE3417DC
:107F100029007417250022065755555574175D0022
:107F2000950D0112741701004016DFFE082A622F1A
:107F3000759D2206489DDEFE222F0500622F15004A
:107F4000222F0900622F1900222F0D00622F1D0021
:107F5000222F1100622F2100005240063F0C0152D7
:107F600040063F0C8207210C4016DFFE2217719D50
:107F700022170100262F0100602A06A0C205015227
:107F800042063F0C2506489DDEFE25370500252FBD
:107F90000D00E531D9F53506489DDEFE6112DA1D8A
:107FA000044263470100354F1100353F0500353766
:107FB000090080FF2A0C7457010035170500232F94
:107FC0000100C5117517050035170900232F0100A1
:107FD000C51175170900E5356012AA15353705007A
:107FE000354F1100263E3F002046200080FFAE0C9A
:107FF00074570100351705002216400095253517E6
:108000000500352F0D00412AA229632F0100353FBD
:108010000500033080FFCE0635370500354F1100CF
:10802000233F0100C6395F3A2046710080FF6E0C85
:108030007457010035170500232F0100C51175176E
:108040000500341701006112BA050052A59D00AA6F
:10805000153080FF260A153080FFAE0A6152EAF51E
:108060002206489DDEFE092A622F2D00342F0100D2
:10807000622F4D0001127417010085ED8007210C5D
:108080004016DFFE2217759D601206A0B20567122A
:10809000BA050152C50D4016DFFEE2378D9D80FF07
:1080A000680A745701006052C205005240063F0C36
:1080B0004016DFFE2217759D5F126812BBEDC212DB
:1080C000E206C6800300800724008007580080076E
:1080D0009A008007DA008007360180073601BF0763
:1080E000B4FF8007520180073E014016DFFE2237B1
:1080F000719D261701006512FA0D80FFD6060AA8A9
:10810000003280FF760960AABA454016DFFE022AD7
:10811000622F759DE5450042143880FF60034006DC
:108120003F0C003280FF4C0780FF4C097457010060
:1081300060529A152036800080FF40097457010074
:1081400060529A0D0112741701004016DFFE032AD7
:10815000622F759D34A7010061A282AD013280FFBC
:108160001207005240063F0C80FF68060AA880FFF5
:10817000C206003280FF0409013280FFF60660AAC1
:10818000FA054016DFFE042A622F759DA50D220612
:10819000489DDEFE092A622F2D000D2A622F4D0018
:1081A000011274170100005240063F0C80FFC40802
:1081B000745701006152EA1D2206489DDEFE2236F8
:1081C000340080FFE206745701006052BA1522069F
:1081D000489DDEFE222F0100E52F03002217350007
:1081E0008612E229CB0580FFF606A50503527457D7
:1081F00001006052FA07B7FE40A6DFFE2206555581
:1082000055557417A59D005240063F0C80FF320C57
:108210004016DFFE072A622F759D01527457010038
:1082200040063F0C2206489DDEFE62072D00221705
:108230004D0085BD0212741701002206489DDEFE26
:10824000222F2900622F2500250657555555622FEC
:108250005D00BF0758FE8207210801126317010065
:1082600080FF16046152DA554016DFFE2217719D19
:108270006012DA0D4016DFFE2217A19D6112F20591
:108280004016DFFE2217999D6112BA450330BFFFE9
:10829000DEF96152BA05BFFF78FA6152CA050330B0
:1082A000BFFFAAFA6152CA050330BFFFD2FD615277
:1082B000BA0580FFA00B6152CA050330BFFF9CFBCB
:1082C0006152CA050330BFFFDAFB6152CA050330B1
:1082D000BFFF94FC6152FA1500A2143080FF9C0786
:1082E000143080FF24086152EA0D2206489DDEFE0C
:1082F000092A622F2D00232F0100622F4D00011249
:1083000063170100233701006132B20580FF1803B3
:1083100042063F082A06D08F03007F008007210015
:1083200080FF56036152CA254016DFFE2217719D59
:108330006012E21D4016DFFE22176D9D60128A1D3D
:108340004016DFFE2217A59D250655555555E5110A
:10835000FA0D4016DFFE2217999D60129A0D401605
:10836000DFFE012A622F9D9D005240063F0006520B
:1083700040063F008007210080FFFE0261528A1DF7
:108380004016DFFE2217A59D250657555555E511C8
:10839000FA0D4016DFFE2217999D60129A0D4016C5
:1083A000DFFE012A622FA19D005240063F000652C7
:1083B00040063F00800721004016DFFE2217A59DE2
:1083C0006012D20D4016DFFE2217A99D6512F2053C
:1083D0006612D20580FFD40A40063F0006524006CE
:1083E0003F008007210080FF6C0B40063F008007A4
:1083F000210080FF84026152B2050652D53D40162D
:10840000DFFE2217A59D250654555555E511E2F5C9
:108410004016DFFE2217999D60128AF54016DFFE96
:108420002217A59D250657555555E511CA0D40162D
:10843000DFFE2217719D6012EA052036800080FF62
:108440003A06B5154016DFFE2217A59D250655559F
:108450005555E511B2050052850D4016DFFE221775
:10846000719D60129AFD06526052EA054016DFFEC9
:10847000012A622F999D40063F008507E1FF2617DC
:10848000090063170500E6A70D0026AF010026B717
:10849000110026BF0500012A672F010060AA08C04D
:1084A00007C806D0DA0DC612631705002016400073
:1084B00063170100C6A220DE200001BA951DC2A2EA
:1084C00062AABA0D63A701000330023880FF1602CA
:1084D00020DE710001BAC50D61AAFA0504DA63DF76
:1084E000010020DEE800C50563A7010000DA23379C
:1084F000050023E70100C6E11CEEFFFF61C2B205E3
:1085000001F2D50D60BABA050452E505044A1438E3
:10851000164080FFEC017957010000F23917010085
:108520006112EA7D63AAAA1DD70603009A151440BA
:10853000824223360400173880FFBE0779570100B6
:1085400023A705007AA709001E504506FFFF04A2D5
:1085500079A701001E504506FFFF61C28A1D203623
:10856000800080FF16057957010060528A15203679
:10857000800080FF9405795701006052BA0501F22E
:10858000E5054016DFFE012A622F759D61F28A4DD6
:1085900060AAB20562AABA0D233705001D381B4038
:1085A000164880FFF80679570100A51523470100FA
:1085B000233F05001730164880FF24067957010035
:1085C00023170100C2B94016DFFE62BF519D391763
:1085D00001006112CA153906489DDEFE071279179F
:1085E0002D0079E7050023170500D4115F127917D4
:1085F0000D0079B711001E504506FFFF00F21E3036
:1086000080FF7804391701002506489DDEFE6517B6
:108610004D00091265172D000112791701001E5037
:108620004506FFFF4016DFFE222F719D65371500BE
:108630002217719D221701006212CA0D6932AA0D1C
:108640002206489DDEFE222F310022172900622FCC
:1086500009002206489DDEFE222F29006507110031
:108660006207290062072D006D32DA054016DFFE31
:108670006207A59D7F004016DFFE2217A59D2506F7
:10868000ACAAAAAAC229622AB10D2506565555558B
:10869000E511E205250657555555E511FA05401631
:1086A000DFFE2217A99D6112B20500527F00015220
:0286B0007F0049
:0C86B20080072100BFFF3AF440063F00A3
:1086BE00265701007F00865701007F00E657010014
:1086CE007F00463F00007F00663F00007F00663F50
:1086DE0001007F0027160010202E00F04511A71173
:1086EE00262F0100E511E22F2213661701007F00ED
:1086FE004016DFFE2217499DE22F0700C62AE257D9
:10870E000500C652E2170300C6125F12603AE22D50
:10871E00C6395F3AE639A12D405EDFFE2B5F7D9DA7
:10872E00EB39C9255F4A66499A25602ACA05002A8F
:10873E0001528515CA295F2AE651EB05E539CB05AD
:10874E0001520A28F505EA39B1F5E62991F5002A14
:10875E0004526242DA05602AAA0D04527F00614279
:10876E00DA05E239BB05612AAA0504527F008007AB
:10877E00210E06A007A826063000A1FFBFFF34FF7A
:10878E000AB026063400A1FFBFFF28FFB6510A3EED
:10879E000400163014401548BFFF58FF6452ED57C1
:1087AE00045340063F0E265701004751EA39F205A1
:1087BE005F42AAFD015269570100B5056907010024
:1087CE007F0082072100203EB3004036A2FFBFFF8C
:1087DE00F4FE4016DFFE2217499DE2170100E8174E
:1087EE0044022246120020161300E247820203487A
:1087FE00803E008026068000A1FF265701004751CB
:10880E00EA39F2055F42AAFD015269570100B5052A
:10881E0069070100231701006012ED171453420679
:10882E003F008007210026068000A1FFBFFF84FEC7
:10883E00CA060040F20D26061000A1FFBFFF7AFE09
:10884E005052820D203E100026061000A1FFBFFFE1
:10885E0074FE203E50004036A2FFBFFF68FE400669
:10886E003F00800721006032AA0D203E88002606B8
:10887E001400A1FFBFFF4EFE40063F00203E9900B0
:10888E00F5F58007210807A0BFFF28FE74570100E9
:10889E00005240063F088207210C06A00338260628
:1088AE0070020301BFFFDEFF0AAE0000EA0D2317C0
:1088BE0001002236C800BFFFFAFDCA52220600FC94
:1088CE00FF03425174570100155042063F0C8407B6
:1088DE0021CF4016DFFE2217499DE2A70100233E5D
:1088EE000400260618020301BFFF9AFF23AF0500FE
:1088FE0088AA6052EA073101D516FF00020601FF71
:10890E00E2072501233E0400260638020301BFFFBD
:10891E0074FF220640420F0023B70500E2B7FE02A5
:10892E006052FA0D233E0400260634020301BFFFF7
:10893E0054FF220640420F0023BF0500E2BFFE0295
:10894E00950063AADB3D6052BA0D23AE04002606E5
:10895E00640203011538BFFF2CFF15AF00006052F3
:10896E00FA0D233E0400260674020301BFFF16FF14
:10897E00220640420F0023C70500E2C7FE026052E6
:10898E00FA050338260670020301BFFFF8FE0AC877
:10899E0060CAEA45231701002236D400BFFF14FD3A
:1089AE002206FFFFFF004251220630313000E25115
:1089BE004016DFFE8A3525060060C6FFF52D605293
:1089CE00BA0D23AE04002606640203011538BFFF5C
:1089DE00B4FE15AF01006052FA0D233E04002606C8
:1089EE0078020301BFFF9EFE390640420F0023C7E7
:1089FE000500F9C7FE026052B2050AC89515390680
:108A0E00489DDEFE393E3800260688020301BFFF70
:108A1E0074FEC5F52506002CC6FF622F819D60CA27
:108A2E00C205195044063FCFF6A1B105F7A1B30513
:108A3E00035295FDD516FF00020601FFA20D95000B
:108A4E00D5A180C6FFFFD8A1D400F5A7820214C01D
:108A5E00383E001EC7002606E400A1FFBFFF6CFCD7
:108A6E0095E501527F0000527F008207210C06A679
:108A7E000000CA1526068000A1FFBFFF36FCCA06FD
:108A8E000070B205BFFF9EFD343E00AAC700260649
:108A9E008400A1FFBFFF34FCE52526068400A1FF5C
:108AAE00BFFF1CFC63570200E3170300C206010060
:108ABE009A25E3170300E2A1E215343E00AAC7008F
:108ACE0026068400A1FFBFFF02FC00AA2606300086
:108ADE00A1FF1538BFFFFAFB26063400A1FF15389B
:108AEE00BFFFEEFB4016DFFE62A78C9D00524206D2
:108AFE003F0C055242063F0C8207210C06A035069C
:108B0E008400A1FF1530BFFFB6FB6357020015307E
:108B1E00BFFFACFB63570200E3170300E2A1EA5765
:108B2E00000042063F0C840721002606D400A1FF58
:108B3E00BFFF86FB43570300C3C70300D215401681
:108B4E00DFFE2217719D221701006212DA0D260632
:108B5E00D800A1FFBFFF5CFB4016DFFE6257799D78
:108B6E00095244063F0026068000A1FFBFFF44FBCA
:108B7E006357050023170500C2060010B205075201
:108B8E00D52523170500C2060020B2050852E51DA3
:108B9E0023170500C2060001B20D4016DFFE221794
:108BAE00719D221701006112BA050152F50D2317AE
:108BBE000500C2060002920D4016DFFE2217719DBF
:108BCE00221701006012A2F5005244063F008207F0
:108BDE0021EF06A007A808B009B826063000A1FFAD
:108BEE00BFFFEEFAD6A9153EFFFF26063400A1FF01
:108BFE00BFFFDEFA40AEA2FF203EE8001530BFFFF9
:108C0E00CAFA16C081C2D83EFFFF1530BFFFBCFAAC
:108C1E0001AA00CAF51D14360100BFFF9CFA0AD046
:108C2E001430BFFF94FAC8D21A380A394036A2FF60
:108C3E00BFFF98FA26068000A1FFBFFF76FA6357A2
:108C4E00010023170100C2060004EDAF14AB41CAA8
:108C5E0042A2F8C991E561AA8A0D1EAA16385539A5
:108C6E001730BFFF0CFB0AA861AAAA0D203ED00048
:108C7E004036A2FFBFFF54FA155042063FEFBFFF2A
:108C8E0044FB6052F557245342063FEF8007210EF6
:108C9E00061007A008A809B026063000A1FF02386A
:108CAE00BFFF2EFA26063400A1FF1438BFFF22FAAA
:108CBE004036A2FF1538BFFF0CFA043A1630BFFF3C
:108CCE00B0FA61520AA0AA0D203ED0004036A2FF93
:108CDE00BFFFF2F9145040063F0EBFFFE8FA605294
:108CEE00F457245340063F0E800721CF06A007A855
:108CFE0008B034BF010040C6DFFE3837819D4832D0
:108D0E00013ABFFFC0F93817819D22361400BFFF0C
:108D1E00A8F90AC83817819D2236140000C21838E7
:108D2E00BFFFA2F957BE20FFC2B2D7B11730BFFFA7
:108D3E0082F915300A38BFFF98F94016DFFE223748
:108D4E00819D4432BFFF6CF96052921DCA0602002B
:108D5E00F20557C6E00074C701000CC2850D60C253
:108D6E00EA0557C6E00074C701000BC24016DFFECD
:108D7E002237819D4832013ABFFF4AF944AA44BACC
:108D8E006CC2B205F6B9B1D54016DFFE2217819D31
:108D9E00223614001938BFFF2CF9185040063FCF69
:108DAE008207210806A026068000A1FFBFFF04F956
:108DBE00635701002317010061A2FA05C2060001E4
:108DCE00A20D005242063F08C2060003C205005221
:108DDE0042063F08015242063F088207210026063E
:108DEE008000A1FFBFFFCCF86357010023170100DD
:108DFE008B12C256010042063F0080072100203E22
:108E0E00B0004036A2FFBFFFC2F840063F00820707
:108E1E00210026068000A1FFBFFF98F863570100CE
:108E2E0023170100C2060003EA57000042063F0066
:108E3E0080072100203ED0004036A2FFBFFF8CF8F5
:108E4E0040063F008207210026068000A1FFBFFFDB
:108E5E0062F86357010023570100CA008F52420681
:108E6E003F008207210026068000A1FFBFFF44F8C5
:108E7E00635701002206AA400200232F0100622937
:108E8E00B2050D52950D23170100C2064000BA051A
:108E9E000052A505055242063F00800721004016EC
:108EAE00DFFE2217A99D63129A1D4016DFFEE237E0
:108EBE008D9DBFFF46FC6052BA454016DFFEE2179D
:108ECE008D9D020680FF9A15803E00AA260684001C
:108EDE00A1FFBFFFF6F7042AF51D6412EA0D00325A
:108EEE00BFFF18FC6052CA2D4016DFFE052A622F06
:108EFE00A99D005240063F0061129A0D2206489D20
:108F0E00DEFE62076500022A622F6100BFFF38FF96
:108F1E0061529A0D032A4016DFFE622FA99D01525F
:108F2E0040063F00BFFFB6FE6152AA0DBFFFCEFE48
:108F3E0001524016DFFE6257AD9D40063F000152C2
:108F4E0040063F00800721004016DFFE2217A99D34
:108F5E006512FA154016DFFEE2178D9D020680FFA0
:108F6E008A2D803E80AA26068400A1FFBFFF5CF7F3
:108F7E004016DFFE062A622FA99D015240063F00D1
:108F8E006612B2050652B51D20368000BFFF6CFB7F
:108F9E006052B2050152B5154016DFFE2217AD9D87
:108FAE006112FA05BFFF6AFE6152BA05BFFF84FE69
:108FBE004016DFFE012A622FA99D005240063F0097
:108FD000444838353054303178787878787856325B
:038FE0003133002A
:00000001FF
