:FF000000E0023C6B0000000000000000000000001F00E002B06A00000000000000000000E002A66A000000000000000000000000E0029A6A000000000000000000000000E002AE6A000000000000000000000000E002A26A000000000000000000000000E0026E6A0000000000000000000000001F00E002846A00000000000000000000E002526A000000000000000000000000E002466A000000000000000000000000E0023A6A000000000000000000000000E0022E6A000000000000000000000000E002226A000000000000000000000000E002166A0000000000000000000000001F00E002586A000000000000000000001F00E002F869000000000000000000CF
:F900FF00001F00E002F869000000000000000000001F00E002EC69000000000000000000001F00E002E069000000000000000000001F00E002D469000000000000000000001F00E002C869000000000000000000001F00E002BC69000000000000000000001F00E002B069000000000000000000001F00E002A469000000000000000000001F00E0029869000000000000000000001F00E0028C69000000000000000000001F00E0028069000000000000000000001F00E0027469000000000000000000001F00E0026869000000000000000000001F00E0025C69000000000000000000001F00E0025069000000000000000000001F00E0024469000088
:FF020000BE180000C0180000C2180000C4180000C6180000C8180000CA180000CC180000CE180000D0180000D2180000D4180000D6180000D8180000DA180000DC180000DE180000E0180000E2180000E4180000E6180000E8180000EA18000030850000EE18000032850000F2180000F4180000F6180000F8180000FA180000FC180000FE18000000190000021900000419000006190000081900000A1900000C1900000E19000010190000121900001419000016190000181900001A1900001C1900001E19000020190000221900002419000026190000281900002A1900002C1900002E19000030190000321900003419000036190000381900003A1900003C190040
:FF02FF00003E19000040190000421900004419000046190000481900004A1900004C1900004E19000050190000521900005419000056190000581900005A1900005C1900005E19000060190000621900006419000070120000681900006A1900006C1900006E19000070190000721900007419000076190000781900007A1900007C1900007E19000080190000821900008419000086190000881900008A1900008C1900008E19000090190000921900009419000096190000981900009A1900009C1900009E190000A019000090870000A4190000A6190000A8190000AA190000AC190000AE190000B0190000B2190000B4190000B6190000B8190000BA190000BC1921
:FF03FE000000BE190000C0190000C2190000C4190000C6190000C8190000041A0000061A0000081A00000A1A00000C1A00000E1A0000101A0000121A0000141A00002A1A00002C1A00002E1A0000301A0000321A0000341A0000361A0000381A00003A1A00003C1A00003E1A0000401A0000421A0000441A0000461A0000481A00004A1A00004C1A00004E1A0000501A0000521A0000541A0000561A0000581A00005A1A00005C1A00005E1A0000601A0000621A0000641A0000661A0000681A00006A1A00006C1A00006E1A0000701A0000721A0000741A0000761A0000781A00007A1A00007C1A00007E1A0000801A0000821A0000841A0000861A0000881A00008A68
:FF04FD001A00008C1A00008E1A0000901A0000921A0000941A0000961A0000981A00009A1A00009C1A00009E1A0000A01A0000A21A0000A41A0000A61A0000A81A0000AA1A0000AC1A0000AE1A0000B01A0000B21A0000B41A0000B61A0000B81A0000BA1A0000BC1A0000BE1A0000C01A0000C21A0000C41A0000C61A0000C81A0000CA1A0000CC1A0000CE1A0000D01A0000D21A0000D41A0000D61A0000D81A0000DA1A0000DC1A0000DE1A0000E01A0000E21A0000E41A0000E61A0000E81A0000EA1A0000EC1A0000EE1A0000F01A0000F21A0000F41A0000F61A0000F81A0000FA1A0000FC1A0000FE1A0000001B0000021B0000041B0000061B0000081B0000C5
:FF05FC000A1B00000C1B00000E1B0000101B0000121B0000141B0000161B0000181B00001A1B00001C1B00001E1B0000201B0000221B0000241B0000261B0000281B00002A1B00002C1B00002E1B0000301B0000321B0000341B0000361B0000381B00003A1B00003C1B00003E1B0000401B0000421B0000441B0000461B0000481B00004A1B00004C1B00004E1B0000501B0000521B0000541B0000561B0000581B00005A1B00005C1B00005E1B0000601B0000621B0000641B0000661B0000681B00006A1B00006C1B00006E1B0000701B0000721B0000741B0000761B0000781B00007A1B00007C1B00007E1B0000801B0000821B0000841B0000861B0000881B0000
:9D06FB00008A1B00008C1B00008E1B0000901B0000921B0000941B0000961B0000981B00009A1B00009C1B00009E1B0000A01B0000A21B0000A41B0000A61B0000A81B0000AA1B0000AC1B0000AE1B0000B01B0000B21B0000B41B0000B61B0000B81B0000BA1B0000BC1B0000BE1B0000C01B0000C21B0000C41B0000C61B0000C81B0000CA1B0000CC1B0000CE1B0000D01B0000D21B0000D41B0000D61B000075
:FF080000323032342D30312D32332031373A35303A34362E353637373936000000000000564130342D41310000000000000000000000000000000000000000000000000053444B5F5643555F5245565F312E330000000000000000000000000000000000312E302E302E3000000000000000000000000000000000000000000000000000564130332D41304130413700000000000000000000000000000000000000000050424C5F56335F303033000000000000000000000000000000000000000000005643555F53444B00000000000000000000000000000000000000000000000000323032342D30312D32332031373A35303A34362E3536373739360000000000EE
:6108FF0000323032362D30322D30342031373A35303A34342E353235313932000000000000323032362D30322D30342031373A35303A34352E323937393630000000000000564130342D413100000000000000000000000000000000000000000000000000C2
:FF0D0000800721002206105EF8FF62070DB3072A622FF9B2202EC044622FFDB2022A622F09B325060040F8FF2036A500653701C0012A622FF1B21E326237F1B2622FF1B2A50500002206105EF8FF2217F5B2C206040082FD2206105EF8FF022A622F09B225060040F8FF2036A50065370140012A622FF1481E326237F148622FF148A50500002206105EF8FF2217F948C21603006112FAF52206105EF8FF25063B030100622FF93125060040F8FF2036A50065370140012A622FF1311E326237F131622FF131A50500002206105EF8FF2217F531C206040082FD22060040F8FF202EA500622F01402206105EF8FF032A622F01421C3262370142622F0142A505000022F0
:FF0DFF0006105EF8FF22170942C21603006312FAF522060040F8FF202EA500622F01402206105EF8FF032A622FF1411C326237F141622FF141A50500002206105EF8FF2217F94163129AFD22060040F8FF202EA500622F01402206105EF8FF202E1100622FF1422036EEFF6237F142622FF142A50500002206105EF8FF2217F9420206EFFF8AFD22060040F8FF202EA500622F01C02206105EF8FF012A622FF1C11E326237F1C1622FF1C1A50500002206105EF8FF2217F9C161129AFD2206105EF8FF022A622F09C225060040F8FF2036A500653701C0012A622FF1C21E326237F1C2622FF1C2A50500002206105EF8FF2217F9C261129AFD22060040F8FF202EA5006F
:FF0EFE00622F01C02206105EF8FF012A622FF1C31E326237F1C3622FF1C3A50500002206105EF8FF2217F9C361129AFD2206105EF8FF022A622F09C425060040F8FF2036A500653701C06207F1C41F2A622FF1C46207F1C4A50500002206105EF8FF2217F9C460129AFD22060040F8FF202EA500622F01C02206105EF8FF6207F1C51F2A622FF1C56207F1C5A50500002206105EF8FF2217F9C560129AFD22060040F8FF202EA500622F01C02206105EF8FF012A622FF1C61E326237F1C6622FF1C6A50500002206105EF8FF2217F9C661129AFD22060040F8FF202EA500622F01C02206105EF8FF012A622FF1C71E326237F1C7622FF1C7A50500002206105EF8FF22D9
:FF0FFD0017F9C761129AFD2206105EF8FF022A622F09C825060040F8FF2036A50065370140012A622FF1451E326237F145622FF145A50500002206105EF8FF2217F94561129AFD22060040F8FF202EA500622F01402206105EF8FF012A622FF1491E326237F149622FF149A50500002206105EF8FF2217F94961129AFD2206105EF8FF022A622F094A25060040F8FF2036A50065370140012A622FF1431E326237F143622FF143A50500002206105EF8FF2217F94361129AFD22060040F8FF202EA500622F01402206105EF8FF012A622FF1441E326237F144622FF144A50500002206105EF8FF2217F94461129AFD22060040F8FF202EA500622F01402206105EF8FF91
:FF10FC00032A622FF14A1C326237F14A622FF14AA50500002206105EF8FF2217F94A63129AFD2206105EF8FF022A622F094B25060040F8FF2036A50065370140012A622FF14B1E326237F14B622FF14BA50500002206105EF8FF2217F94B61129AFD2206105EF8FF022A622F094C25060040F8FF2036A50065370140012A622FF14C1E326237F14C622FF14CA50500002206105EF8FF2217F94C61129AFD22060040F8FF202EA500622F01402206105EF8FF012A622FF14D1E326237F14D622FF14DA50500002206105EF8FF2217F94D61129AFD2206105EF8FF2217F141402EDEFE65171D161F0080FF080040063F007F00800721004016D7FF012A422F1800C03FA81F
:FF11FB00B0C0A7A9B0C037A8B0E037A9B0C636CF006037A8B0422F2000202E6F17622F010082172100402EDEFE65171D161F0080FF440040063F00C0A7A9B0C0BFA8B0011280074D1100AE7F00011280078D1100AEC03FA8B0C0A7A9B04016DEFEA007852900AE622F1D161F007F0080070F3000AE7F007F00231EE4FF630F090063170D00632F1100A3074F410000E7474000E64F4000A3070F4000004016DEFE222F0D00412A622F0D004016DEFEA217351460128A154016DEFE22170D00202E3200E51782126012EA054016DEFE012A422F34144016DEFE012A422F10004016DEFE22170D000A2AE517821260128A0D4016DEFE222FDD13412A622FDD13A307094008
:FF12FA000000E83F2000E9372000A30749410000232F110023170D00230F0900231E1C00E0074801800721004016CEFF42070E20C03F44B0C0A745B0C03F46B0C0A747B0C03F48B0C0A749B0C03744B0E02F45B0C52EC300602F44B0C03746B0E02F47B0C52EC300602F46B0C03748B0E02F49B0C52EC300602F48B0202E6000422F0120202E7600622F0220012A422F08200C3242370D2042070920422F0E2082170F20402EDEFE65171D161F004016C1FFE22F2940C52EFFFD622F2840E22F2941C52EFFFD622F2841222F2803852E0002622F2803E22F2904C52EFFFD622F2804E22F2905C52EFFFD622F2805222F2806852E0002622F2806222F280A852E00026287
:FF13F9002F280A222F2804852E0002622F2804E22F2940C52EFFFB622F2840E22F2941C52EFFFB622F2841222F2803852E0004622F2803E22F2904C52EFFFB622F2804222F2805852E0004622F2805E22F2906C52EFFFB622F2806E22F290AC52EFFFB622F280A222F2804852E0004622F2804E22F2903C52EFFFB622F280380FF0E0140063F0080070512409C8216030080070D12409CC0A745B0C0BF44B0C0A747B0C0BF46B0C0A749B0C0BF48B07F00C03F44B0C03F46B0C03F48B04016CEFF822F2120C52EFC00422F2020822F0F204036DEFE662F1D161F00C0A745B0C0A747B0C0A749B082170F2066171D161F007F00603ACA0520568100F5054016CEFFC2EFB5
:FF14F8001220B20500527F004016DEFE62072C164016DEFE623F2E164016DEFE62372916A5F5603ACA0520568100F52D4016DEFE623721164016DEFE623F24164016CEFFC2E71220C20520568000F51DC03F44B0C0A745B04016DEFE222F2116852F0100A0074D2A409C222F2116412A622F21164016DEFE222F24165F2A622F2416C0A745B0C0BF44B000527F007F00231EB4FF630F090063170D00632F1100A3074F310000A307CF410000A3074F520000A307CF620000A3074F730000A307CF830000A3074F940000E7474000E64F4000A3070F400000800721004016DEFEA007672A409CE2172D164036DEFEE6372F16E231D31D4016DEFE22372916462F000022EC
:FF15F7002F2916412A622F29164016DEFE222F2C16412A622F2C16E2172D16402EDEFEE52F2F16E229BA0580FFF40140062000A30709400000E83F2000E9372000A30749940000A307C9830000A30749730000A307C9620000A30749520000A307C9410000A30749310000232F110023170D00230F0900231E4C00E0074801231EB4FF630F090063170D00632F1100A3074F310000A307CF410000A3074F520000A307CF620000A3074F730000A307CF830000A3074F940000E7474000E64F4000A3070F400000800721004016DEFE22172916402ECEFF2537262042370000A5371320A5171320C21682004517132080FF2E0140062000A30709400000E83F2000E93764
:FF16F6002000A30749940000A307C9830000A30749730000A307C9620000A30749520000A307C9410000A30749310000232F110023170D00230F0900231E4C00E0074801231EB4FF630F090063170D00632F1100A3074F310000A307CF410000A3074F520000A307CF620000A3074F730000A307CF830000A3074F940000E7474000E64F4000A3070F400000800721004016DEFEE21725166012F2154016DEFE222F2116852F0100A0074D2A409C222F2116412A622F21164016DEFE222F24165F2A622F2416B50580FF540040062000A30709400000E83F2000E9372000A30749940000A307C9830000A30749730000A307C9620000A30749520000A307C9410000A36D
:FF17F5000749310000232F110023170D00230F0900231E4C00E00748017F007F0080072100013A4016DEFE423F090026060800DEFEBFFFC2FC40063F0080072100C03F50B0C0A751B0C03750B0E01751B0C216C100601750B020164F008007CD1000DA4016DEFEA007C52800DA622F1D161F00C0A751B0C0BF50B080FF140040063F002016ACFF80070D1000DA7F007F00231EECFF630F0900A307CF400000E7474000E64F4000A3070F400000A30709400000E83F2000E9372000A307C9400000230F0900231E1400E00748017F007F007F007F007F007F007F007F007F007F007F007F007F007F007F007F007F007F007F007F007F007F007F007F007F007F007F00E6
:FF18F4007F007F007F007F007F007F007F007F007F007F007F007F007F007F007F007F007F007F007F007F007F007F007F007F007F007F007F007F007F007F007F007F007F007F007F007F007F007F007F007F007F007F007F007F007F007F007F007F007F007F007F007F007F007F007F007F007F007F007F007F007F007F007F007F007F007F007F007F007F007F007F007F007F007F007F007F007F007F007F007F007F007F007F007F007F007F007F007F007F007F007F007F007F007F007F007F007F007F007F007F007F007F007F007F007F007F00231EECFF630F0900A307CF400000E7474000E64F4000A3070F400000A30709400000E83F2000E9372000A306
:FF19F30007C9400000230F0900231E1400E00748017F007F007F007F007F007F007F007F008007071200828216DFFFA2162000A0070D1200827F007F007F007F007F007F007F007F007F007F007F007F007F007F007F007F007F007F007F007F007F007F007F007F007F007F007F007F007F007F007F007F007F007F007F007F007F007F007F007F007F007F007F007F007F007F007F007F007F007F007F007F007F007F007F007F007F007F007F007F007F007F007F007F007F007F007F007F007F007F007F007F007F007F007F007F007F007F007F007F007F007F007F007F007F007F007F007F007F007F007F007F007F007F007F007F007F007F007F007F007F005A
:FF1AF2007F007F007F007F007F007F007F007F007F007F007F007F007F007F007F007F007F007F007F007F007F007F007F007F007F007F007F007F007F007F007F007F007F007F007F007F007F007F007F007F007F007F007F007F007F007F007F007F007F007F007F007F007F007F007F007F007F007F007F007F007F007F007F007F007F007F007F007F007F007F007F007F007F007F007F007F007F007F007F007F007F007F007F007F007F007F007F007F007F007F007F007F007F007F007F007F007F007F007F007F007F007F007F007F007F007F007F007F007F007F007F007F007F007F007F007F0080072100E0076001BFFF1EF1BFFF48FCBFFF00F680FF92E5
:FF1BF1007980FFDC5740063F0080072100E0876001BFFF30F680FF624D80FF267D80FF064A40063F008007210C4016DEFE821737146112FA054016DEFE420736148007A2014016DEFE8217A9106012CA1580070910C0022506AA55AA55E511CA0DE007600180FF3C6726060080010080FF8601800770014016DEFE4207A8108007640180FF6C7780074E014016DEFE42071000BFFFF4FB80FFAC4900A2B555D4AEFFFF1510E61740022506B49E0000C22985170500A52F0500C82A0229D5A922061200DEFEC2A9F5170100E51782126012BA35D416FFFFE61740022506B49E0000C22985170100A5370100C832023185170300A52F0300C82A0229D02A0629602A921D26
:FF1CF000D416FFFFE61740022506B49E0000C229A517030085370300A53F0100852F0100C83A0539C8120611D0120711E2C760F9750700003517000041127517000041A2D406FFFFC2AD4016DEFEA21799106112FA154016DEFE222F9D10412A622F9D1005066AFFDA0D80FFC000E007600180FF306626060040DEFE80FF7A00A5354016DEFEA2179B106112FA0D4016DEFE222FA110412A622FA11005066AFFDA0580FF8800BF07BCFE4016DEFE82179B1061129A154016DEFE222FA510412A622FA51005066AFFFA0580FF6000E007600180FFD0654016DEFE821711006012FA07ADFE4016DEFE821715006012F20797FE40063F0C800721004016DEFE62373116266A
:FF1DEF00170100802EFFFFE511D20D4016DEFE22173116402EDEFE6517351600320638E2C760F940063F004016DEFE012A422F14007F002016A50080070F1000F04016F8FF012A622F050A1E326237050A622F050A7F007F007F007F007F007F007F007F007F007F007F007F007F007F007F007F007F007F007F007F007F007F007F007F007F007F007F007F007F007F007F007F007F007F000012B5250228C32A26064C08DEFEC5310238F63F400228064816DEFEC741664701006647050026063C08DEFEC62920360204E237200227063800DEFEC731653701006537050041126212D6DD7F0080072100BFFFAEFF0012B575C63EFFFFC23AC246FF00C342C74129069A
:FF1EEE003C08DEFEC94128470100C32AC72927064C08DEFEC729253F010047470A000848984A474F0D000848904A474F0C00884247470B00253F01000442474707002046020447470600253F010047070300470702004707010047070000253F01004707050047070400253F010047071300253F010047071500253F010047071200253F010047071100253F010047071000253F010047071400253F010047070F00252F010045070E004132C62EFFFF622A02288500F69DC22A26065C08DEFEC531C22EFF00F62F400227064A9B0000C539663F01004112C236FF006132BF050032D5E522061800DEFEA22F030082370300A23F01008247010029063C16DEFE492F03E7
:FF1FED000049370200493F010049470000A22F070082370700A23F050082170500492F070049370600493F05004917040040063F004016DEFE623745167F008E0721EF4016DEFE22175D086012E207450B0012950DC22EFF0023360800C531460705004112C22EFF00682A23A60D00B6F54016DEFE22AFDD1300B280070A0BD6C6FF00C3C2D716FF00C212C2C122064C08DEFEC2C138170100A2170F006012E207D90A38170100822F0100A2370100C8320531822F0300A2170300C8120511D0120611B5116012EC07B10A38170100A2170F005F126412EB07A10AC212E206CC20000080076E0A8007760A80070C0080078C048007300638AF010095AF0F00D6CEFF00AE
:FF20EC00C2CA61AAEA07610220AE310054AF000035065C08DEFED5C939AF010095170D00B52F0D00C82A022995170F00B5AF0F00C8AA02A9D0AA05A915AF0C0054AF010039AF010095170D00B52F0D00C82A022995170F00B5AF0F00C8AA02A9D0AA05A915AF0D0054AF020039AF010095170900B52F0900C82A022995170B00B5AF0B00C8AA02A9D0AA05A963AF090003AA43AF0C0039AF0100B5AF150042A260AAC20508AA43AF0C0040AEDEFE3517DD13392F010085370D00A53F0D00C83A063985370F00A52F0F00C82A0629D02A072985370100A53F0100C83A063985370300A52F0300C82A0629D02A0729C511382F010045170000023098324537030002309061
:FF21EB003245370200881245170100D616FF00C31225062800DEFEC229A537050085170500232F1900632F0500232F1500632F0100C8320231234F110023470D00233F090080FF644035AFDD1338170100822F0100A2370100C8320531822F0300A2170300C8120511D0120611B5116012B74DCA16FF006112BA3D38AF01001517110041125517110040AEDEFE35AFDD1339170100822F0D00A2370D00C8320531822F0F00A2170F00C8120511D0120611822F0500A2370500C8320531822F0700A2170700C8120511D0120611D511382F01004517000002309832453703000230903245370200881245170100A51D8A006552FA153817010042070E0038170100420755
:FF22EA000F00E50D38170100A23F050082170500C83A0239D636FF00014280FF801239170100822F0D00A2370D00C8320531822F0F00A2170F00C8120511D012061182170F00382F0100A52F1100E229E1072B0838C70100B83F050098C70500C83A1839074280070C0820AE300054AF000035065C08DEFED5C939AF0100B5170B00952F0B00B537090095AF0900033A433F0C00C8321531C8120511D01206116317090039AF0100B5AF150060AAC20508AA43AF0C0039AF010095170D00B52F0D00C82A022995170F00B5AF0F00C8AA02A9D0AA05A915AF0C0054AF010039AF010095170D00B52F0D00C82A022995170F00B5AF0F00C8AA02A9D0AA05A915AF0D0054B8
:FF23E900AF020040AEDEFE3517DD13392F010085370D00A53F0D00C83A063985370F00A52F0F00C82A0629D02A072985370100A53F0100C83A063985370300A52F0300C82A0629D02A0729C511382F01004517000002309832453703000230903245370200881245170100D616FF00C31225062800DEFEC229A537050085170500232F1900632F0500232F1500632F0100C8320231234F110023470D00233F090080FF0A3E35AFDD1338170100822F0100A2370100C8320531822F0300A2170300C8120511D0120611B51142A26012E7074302CA16FF006112EA07270238AF01005507110038AF0100021255170F0039AF010095170D00B52F0D00C82A022995170F00C3
:FF24E800B5AF0F00C8AA02A9D0AA05A915AF0C003817010042AF130039AF010095170D00B52F0D00C82A022995170F00B5AF0F00C8AA02A9D0AA05A915AF0C003817010042AF150039170100822F0D00A2370D00C8320531822F0F00A2170F00C8120511D0120611822F0900A2370900C8320531822F0B00A2170B008007A80520AE320054AF0000D6AEFF00C2AA22065C08DEFEC2A935170100822F0D00A2370D00C8320531822F0F00A2170F00C8120511D012061102170C005417010035170100822F0D00A2370D00C8320531822F0F00A2170F00C8120511D012061102170D005417020035170100A22F0B0082370B00A23F090082170900034243470C00C83A0255
:FF25E70039C82A0629D02A0729632F090035170100A217150042A26012C205081243170C0040CEDEFE3917DD1335AF0100952F0D00B5370D00C8320531952F0F00B5AF0F00C8AA05A9D0AA06A9952F0100B5370100C8320531952F0300B5AF0300C8AA05A9D0AA06A9D51138AF0100551700000228982A552F03000228902A552F0200881255170100D6AEFF00C3AA22062800DEFED511A237050082AF050023171900631705002317150063170100C8321531234F110023470D00233F090080FFEE3B39AFDD1338170100822F0100A2370100C8320531822F0300A2170300C8120511D0120611B5116012C715CA16FF006112FA0538C7010058070F00800780048A006B
:FF26E6006552EA0779043817010042070E00A5F538C70100B83F050098C70500C83A183901428007500438AF010015AF120095AE200054AF0000D6CEFF00C2CA35065C08DEFED5C939AF0100B5170B00952F0B00B537090095AF0900013A433F0C00C8321531C8120511D01206116317090038AF010095170900B52F0900C82A022995170500B5370500C8320231473241A238170100E629EF076701A2470D00822F0D00A2370B00A23F0500824F0B0082170500B5D7090095AF0900C8320931C8420541D0420641C83A0239C741C8D215D1A7D1DA3EFF00143080FF543F23AE080015AF0400DAA943AF0C0039AF0100B5AF150060AAC20508AA43AF0C0040AEDEFE3518
:FF27E50017DD13392F010085370D00A53F0D00C83A063985370F00A52F0F00C82A0629D02A072985370100A53F0100C83A063985370300A52F0300C82A0629D02A0729C511382F01004517000002309832453703000230903245370200881245170100D616FF00C31225062800DEFEC229A537050085170500232F1900632F0500232F1500632F0100C8320231234F110023470D00233F090080FF163A35AFDD1338170100822F0100A2370100C8320531822F0300A2170300C8120511D0120611B5116012E7070302CA16FF006112EA07E101D636FF00003A80FF480D38170100822F050002370500C83205319A00DA31423704008832423705008007D601A22F0500F2
:FF28E40082170500B5470D0095370D00B53F0B0095AF0B00C83A1539C8420641D0420741C82A0229C541073A143080FF023E23AE080015AF040047AA43AF0C0040AEDEFE3517DD13392F010085370D00A53F0D00C83A063985370F00A52F0F00C82A0629D02A072985370100A53F0100C83A063985370300A52F0300C82A0629D02A0729C511382F01004517000002309832453703000230903245370200881245170100D616FF00C31225062800DEFEC229A537050085170500232F1900632F0500232F1500632F0100C8320231234F110023470D00233F090080FFD63835AFDD1338170100822F0100A2370100C8320531822F0300A2170300C8120511D0120611B52B
:FF29E3001160129765CA16FF0061129A5538AF01001517120041125517120038AF010095171300C2160F005517120038AF010095170500152F0500C82A0229472A552F0400882A552F050038AF0100B5AF150060AAE20D38AF0100B5AF130060AA820D38AF0100151713005F125517130038AF010095171500020610FFD705C2160F00E216640040AEDEFE35AFDD13D511382F01004517000002309832453703000230903245370200881245170100A5158A006552FA0D3817010042070E003817010042070F00E505D636FF00013A80FF540B38170100A21715006012A25538170100A21713006012CA4D38AF0100011255170F0039170100822F0D00A2370D00C8329B
:FF2AE2000531822F0F00A2170F00C8120511D0120611822F0500A2370500C8320531822F0700A217070040AEDEFE35AFDD13C8120511D0120611D51138C70100581700000228982A582F03000228902A582F0200881258170100C515D636FF00023A80FFC20AE50D38170100A23F050082170500C83A02390342D636FF0080FF280A41BAD716FF006212F60701F541B2D6BEFF0061BABF0500BAD5F54E063FEF8407218F4307070043070600430705004307040043070300430702004307010043070000430700004016DEFE22175D086012E207DD06683AEA07D70600A2C535D416FFFFC21225065C08DEFEC511222F0100854F0100A5570100C8520951854F0300A504
:FF2BE1002F0300C82A0929D02A0A29E5318A0D4016DEFE012A422F640807AAE51D22AF010095170500B52F0500C82A022995170700B5AF0700C8AA02A9D0AA05A9F531D2ED41A2D4AEFFFF61AADF05D4AEFFFF62AAE6C500A214A8D4B6FFFFC3B222064C08DEFEC2B13617010082170F006112E2073D060012B50DC22EFFFF0330C531082F0000462F000041124142C22EFFFFE729B1F536170100A2170F006512E2070F0683170100C2BE0F00362F0100A52F0F00612A23C60100FA05C22EF0000506D0FFEA07EB05C216F0006012822550126012D27D50126012E20793035012EA07CF0536AF0500B5AF0F0061AAEA07C10562BAEA07550236AF050055070F00D43645
:FF2CE000FFFF083A80FF1E0944063F8F60BAE2079F059500F5B9EB07970536AF0100B5AF0F0060AAE20D36AF0100B53F050095AF0500C83A1539D436FFFF064280FF680836AF0100550705005507040000AAC52DA22F0B00C82A82370B000629A2370D00C83282170D000231D032053136170100822F0500A2170500C8120511C231181700004617000036170100822F050002370500C832053141324237040088324237050041AA41C2D516FFFFF7113617010081D5A23F050082AF0500C83A1539D436FFFF004280FFE00744063F8F4016DEFE821765086112FA0540A6DEFE5407640844063F8FC8BAA317010002B9D516FF00E2B9E307BB045FAA36170100A2170F6F
:FF2DDF00006012E20D36170100A23F050082170500C83A0239D436FFFF064280FF8A073617010042070500420704003617010042BF080088BA42BF090036BF01005707110036BF010097170900172F0900C82A0229C5009717070017BF0700C8BA02B9D700F7299B6500BAB52DA2370B00C832823F0B000731A23F0D00C83A82170D000239D03A06393617010082370500A2170500C8120611C239051701004717000036170100822F050002370500C832053141324237040088324237050041BA182805C60100D716FFFFD536FF00E61136170100C1CDA23F090082AF0900C83A1539D436FFFF80FFD80736A7010003AA54AF0F0036A7010001AA54AF120040A6DEFE87
:FF2EDE0034A7DD1336AF010055A7000014B098B255B7030014B090B255B7020088A255A7010044063F8F36A701005407030054070200540701005407000036A7010004AA54AF0F0044063F8F40AEDEFE95AF650861AA8A1540AEDEFE5507640836AF050055070F00D436FFFF053A80FFBA0644063F8F61BABA3DD400C2A235065C08DEFED5A140AEDEFE35AFDD1334A7010094BF0D00B4C70D00C8C217C194BF0F00B4A70F00C8A217A1D0A218A194BF0500B4C70500C8C217C194BF0700B4A70700C8A217A1D0A218A1D4A936A7050054AF000015B098B254B7030015B090B254B7020088AA54AF010044063F8F60BACABD40A6DEFE34A7DD1336AF050055A7000014C4
:FF2FDD00B898BA55BF030014B890BA55BF020088A255A7010003A014AF010036BF050057AF150014AF010036BF050057AF130014A7020036AF050055A7140083A70300B4AE800020BE7100F7A9D10520AEFA00F5A1F10536A7050020AE7F0054AF140036A7050005AA54AF0F0044063F8F36170100A2170F006212EA07390236170100822F1300E5B9E20DA23F050082170500C83A0239D436FFFF044280FF0E0544063F8F022F1200412A422F120036170100822F1300C52E0F00422F120036170100822F090002370900C8320531C600822F050002170500C8120511D52EFF00C511C200E611B9050012D5753617010082AF0500A2170500C8121511C52DB52F0B00A6
:FF30DC00C82A95370B000629B5370D00C83295AF0D001531D032053136AF0100952F0500B5AF0500C8AA05A9D53118AF000046AF000036AF0100952F050015370500C8320531413255370400883255370500411241C236AF0100952F090015370900C8320531C600C22EFFFFE62991CDB53F050095170500C83A0239BF074AFC362F010085370B00A53F0B00C83A063985370D00A5470D00C8420641D042074185370500A52F0500C82A0629C541182F0000482F0000362F010085370500053F0500C83A0639413A453F0400883A453F0500411241C2C22EFFFFD536FF00E62981D5D400C2A222065C08DEFEC2A14016DEFE2217DD13342F010085370D00A53F0D00C8E2
:FF31DB003A063985370F00A52F0F00C82A0629D02A072985370900A53F0900C83A063985370B00A52F0B00C82A0629D02A0729C511362F0100451700000230983245370300023090324537020088124517010036170100A21715006012C22D36170100A21713006012820D36170100022F13005F2A422F130036170100A217130060129A1D36170100032A422F0F004016DEFE2217DD13362F0100451700000230983245370300023090324537020088124517010044063F8F8E07218F0610C31234064C08DEFEC2A13417050044A2A2170F00601206A8EA07D1020012950DC22EFF0023360800C531460705004112C22EFF00682AD6F515B0C2B222065C08DEFEC2B1B7
:FF32DA00361701006012E2079F0234170100423F0A000728982A422F0D000728902A422F0C00883A423F0B0034170100424708000828882A422F09003417010042070500420704003417010042071500341701004207130034170100012A422F120036170100A2370B00823F0B00A24F090082170900432F0C00C84A0249C8320731D03209316337090034170100822F0900A2170900C81205116712EF07610143470D000816010043170C0036170100A2171500601223360E00C205081243170C0008B834170100A2470D00822F0D00A23F0B0082170B00C83A0239C8420541D0420741D7C6FF00183880FF503334170100822F050002370500C8320531D831423704C3
:FF33D9000088324237050040C6DEFE3817DD13362F010085370D00A53F0D00C83A063985370F00A52F0F00C82A0629D02A072985370100A53F0100C83A063985370300A52F0300C82A0629D02A0729C511342F010045170000023098324537030002309032453702008812451701001510C31225062800DEFEC229A537050085170500232F1900632F0500232F1500632F0100C8320231234F110023470D00233F090080FF182E3817DD13342F010085370100A53F0100C83A063985370300A52F0300C82A0629D02A0729A229602A976D8A00615234170100BA5D022F0900C82A821709000229C5009700E5B9C11D003A153080FF3A0101524E063F8F081088128216F2
:FF34D8001000C2161F0043170D0043470E0034170100012A422F0F00064223360F00BF079CFE4016DEFE2217DD1336AF0100952F0D00B5370D00C8320531952F0F00B5AF0F00C8AA05A9D0AA06A9952F0500B5370500C8320531952F0700B5AF0700C8AA05A9D0AA06A9D51134A701005417000002A898AA54AF030002A890AA54AF020088125417010001524E063F8F42070F0034AF010055070E0000524E063F8F013A153080FF880000524E063F8F800721086042074806A0FA05403EDEFE27574516013A85156342920D6742F2056642D2056442B2056142FA1D403EDEFE27574516023A1410C31225064C08DEFEC51122170100A2470D00822F0D00A2370B008268
:FF35D700170B00C8320231C8420541D04206411430EAC760F9C3A222064C08DEFEC2A13417010042070F0040063F0880072108603A06A09A151410C31225064C08DEFEC22925170500A24F0700823F0700C84A0749033A851D623AF205683AD205653AB205613ADA251410C31225064C08DEFEC22925170500A24F0700823F0700C84A0749043AA2470D00822F0D00A2370B0082170B004056DEFE2A574516C8320231C8420541D04206411430EAC760F9C3A222064C08DEFED4112217050042070F0040063F088007210007480610C31225064C08DEFEC22925170100A2470D00822F0D00A23F0B0082170B004056DEFE2A574516C83A0239C8420541D0420741053AD2
:FF36D600EAC760F940063F00840721004307070043070600430705004307040043070300430702004307010043070000430700008717050027370100002AB50DC546FF000348C849C7410847050049470000412AC546FF00E241B1F503400238BFFF4CF444063F000012B5250228C32A26068010DEFEC5310238FC3F400228067416DEFEC741664701006647050026067010DEFEC62920360204E237200227066908DEFEC731653701006537050041126212D6DD7F00C332C23AC73122068010DEFEC23126170100420703004207020042070100420700002617010042071000261701004207110026170100420712002617010042071300261701004207140026170174
:FF37D500004207150026170100420716007F0080072100BFFF52FF0012F575C536FFFFC2320238C33AC63926068010DEFEC731264701004807030048070200480701004807000026470100480707004807060048070500480704002647010048070D0048070C002647010048070F0048070E0028067010DEFEC839273F010026470100483F08000748984A484F0B000748904A484F0A00883A483F0900263F010047071000263F010047071100263F010047071200263F010047071300263F010047071400263F010047071500263F01004707160026370100403EDEFE273FDD13273E8813463F18000740984246471B000740904246471A00883A463F1900412AC5368E
:FF38D400FFFF6232C68D41126112BF05002A85FD2606C43C0000BFFF34E740063F008007210C00A280073202D4AEFF00C3AA22068010DEFEC2A9351701006012E2072502351705006012E2071B0235170100A21711006012DA2535170100A21713006112AA0D35170100062A422F1100351701004207130035170100821713006112EA0535170100012A422F110035170100A21715006112DA05351701004207150035170100A217110061128A3535170100A21713006112EA0D35170100062A422F11003517010042071300351701004207120035170100A21715006112FA15351701004207150035170100420712003517010042071100351701004207030042070243
:FF39D30000420701004207000035170500A217170061128A1535170500A21711006512A20D35170500042A422F1100351705004207170035170500A21711006412CA4535170500A23F0B00822F0B00A2370900A2470F00824F0F0082170900C8320231C83A0539D03A0639C8420941D436FF00BFFF4EF88A004016DEFE82176908E251FA0535170500052A422F1100D51D4016DEFE022F9010412A422F90108500652ABA15351705004207110035170500420703004207020042070100420700004016DEFE4207901035170500A21711006512BA454016DEFE4207901035170500821715006112CA25351705004207140035170100821711006112BA0D3517050042071B
:FF3AD200110035170100062A422F110085153517010042070300420702004207010042070000D436FF00013ABFFF8EFC351705008217170061128A1535170100821711006112DA053517010042071000D436FF00013ABFFF64FC41A2D416FF006212F607CDFD40063F0C8007210806A0BFFF40E3C3A222068010DEFEC2A134170100012A422F120034170100A21715006112DA053417010042071500BFFF16E340063F088007210C06A007A8BFFF04E3C3A222068010DEFEC2A134170100012A422F130034170100A21715006112DA053417010042071500BFFFDAE23417010042AF0C0088AA42AF0D004016DEFE2217DD13342F010026063C16DEFEA63F030086470386
:FF3BD10000A64F010086370100453F070045470600454F050045370400342F010085370500A53F0500C83A063985370700A5470700C8420641D0420741C811451700000230983245370300023090324537020088124517010040063F0C8007210806A0BFFF4EE2C3A222068010DEFED41122170500012A422F1400BFFF38E240063F088007210806A0BFFF28E2C3A222068010DEFED41122170500012A422F1600BFFF12E240063F088007210806A0BFFF02E2C3A222068010DEFEC2A134170100012A422F150034170100A21713006112DA05341701004207130034170100821713006112DA053417010042071200BFFFC4E140063F088007210C5F3A643A09A006A88B
:FF3CD000AB35C13AE706DA3C0000D505E515B51D8525D52520160204F517200226066908DEFEC231143880FF1A2AD536FF001438BFFF72FE40063F0CD536FF00BFFF6AFF40063F0CD536FF00BFFF12FF40063F0CD536FF00BFFF2CFF40063F0CD536FF00BFFF08FE40063F0C8007210806A60000820D80FF900E7451CA05005240063F08015240063F088007210080FFC204AA0040063F008007210080FF6C0480FF700E003280FF800080FFD6154016DEFEA217E7166112DA1522069410DEFE420701004207000042070300420702004016DEFE4207E71680FF022D033280FF960080070910C0022506AA55AA55E511CA1580FF4A004016DEFE012A422F9B104016DEBC
:FF3DCF00FE420798104016DEFE420799104016DEFE42079A1040063F004016DEFE2257AD107F004016DEFE6237AD107F008007210080FF660D40063F004016DEFE62079D104016DEFE6207A1104016DEFE6207A5107F00800721083406E416DEFE203E11000032144080FF44295407030040063F08800721006332BA0D80FF1C002806E416DEFE203E1100003280FF302A40063F007F007F007F008007210080FF720D40063F008807210E4016DEFE82170111601206A0BA1D14170800402EDEFE4517111134170100A2170100C2167F00402EDEFE4517101134170100A2170100C2168000402EDEFE451712114016DEFE821701116112EA254016DEFE22170511402ED4
:FF3ECE00DEFE252FDD13E511E907B9024016DEFE42070011031274170A0034170500202E7F00422F000034170500202E1000422F010034A70500542F0200025248063F0E4016DEFEA21711116212B215031274170A0034170500202E7F00422F000034170500202E1000422F010020161300D53D4016DEFE8237111127060C11DEFE80FF48026052BA15031274170A0034170500202E7F00422F000034170500202E1000422F01002016120085254016DEFE22170D11A237070082170700C832023180FF900260529A1D031274170A0034170500202E7F00422F000034170500202E1000422F010020167E0034A7050054170200025248063F0E4016DEFE22170D118237
:FF3FCD002F0100A2370100C8320531822F0300A23F0300C83A0539D03A0639603A9215A22F030082370300A23F010082170100C83A0239C82A0629D02A0729E5C760F94016DEFE821709116112FA154016DEFE42070811031274170A0034170500202E7F00422F000034170500202E1000422F010020162200A5BD4016DEFE8217131123360200020680FFCA2540A6DEFE34A70D1114A7080027060911DEFE47A700003406F1FFFF0043A7030020A686F143A7020001A243A704004307050002A243A7060080FFC02DBFFFD4FD035248063F0E4016DEFEA21701116112CA3540A6DEFE34A70D1114A7080027060911DEFE47A700003406F1FFFF0043A7030020A686F175
:FF40CC0043A7020001A243A704004307050002124317060080FF6E2D4016DEFE420701114016DEFE42A7001140A6DEFE34A7DD1334A6D0074016DEFE62A70511045248063F0E051274170A004016DEFE22170D110217080035060911DEFE551700002206F1FFFF0043170300201686F14317020001B243B7040043070500021243170600153880FF002D15170000342F0500451701003417050042070200341705000F2A422F0300341705004207040034170500202EC8FF422F0500BFFFE2FC165048063F0E045248063F0E0012951DC22EFF00E92F40022806E49E0000C541882F0900E531CA0D8200E91740022506E49E0000C229672F010001527F004112C22EFF7F
:FF41CB0000632AD6E500527F00880721004016DEFEA21709116112B21D27060911DEFE0112471700002506F1FFFF00432F0300202E86F1432F020043170400430705000212431706002336020080FF3A2C48063F000012B525C22EFF00E92F40022706E49E0000C539872F0900403EDEFEA73F0911E539AA158200E91740022506E49E0000C22985170500052F0500C82A02296629820D01527F004112C22EFF00632AB6DD00527F008807210043070F002206F1FFFF0043170200201686F14317010001124317030043070400021243170500233E0F002336010080FFF82AA3170F006212DA0D4016DEFE022A422F09114016DEFE4207E3160332BFFF7EFB48063F00B3
:FF42CA00800721084016DEFE82171511601206A0BA1D14170800402EDEFE4517251134170100A2170100C2167F00402EDEFE4517241134170100A2170100C2168000402EDEFE451726114016DEFE821715116112EA154016DEFE22171911402EDEFE252FDD13E511E1074B014016DEFEA2171D116112E207A30104528007C2014016DEFEA21725116212B215031274170A0034170500202E7F00422F000034170500202E1100422F010020161300953D4016DEFE8237251127062011DEFE80FF84016052BA15031274170A0034170500202E7F00422F000034170500202E1100422F010020161200C51D4016DEFE22172111A2370500BFFF7CF960529A1D031274170A86
:FF43C9000034170500202E7F00422F000034170500202E1100422F01002016330034A7050054170200025240063F084016DEFE22172111822F0100A2370100C8320531822F0300A23F0300C83A0539D03A0639603A9A1D031274170A0034170500202E7F00422F000034170500202E1100422F01003417050020A6100042A70200025240063F08A22F030082370300A23F010082170100C83A0239C82A0629D02A0729E5C760F94016DEFE82171D116112BA15031274170A0034170500202E7F00422F000034170500202E1100422F010020161000E5A54016DEFEA21715116112BA1540A6DEFE01125417141140A6DEFE34A7DD1334A6D0074016DEFE62A719110352EC
:FF44C80040063F084016DEFE82172711020680FFBA050352C51534170500202E1100422F00004016DEFE2217211102170400342F050045170100015274570A0040063F080012951DC22EFF00E62F40022806009F0000C541882F0500E531CA0D8200E61740022506009F0000C229672F010001527F004112C22EFF00632AD1E500527F007F008407210E26170100A2A701004307070043070600E6170900611206A8A76D28062C11DEFE233E0700143080FFCC046052EA1503A275A70A0035A7050020167F005417000035A70500201627005417010035A7050020AE120080075E014016DEFE22172D11A237050082170500C8320231BFFF62FC6052EA1503A275A70A4A
:FF45C7000035A7050020167F005417000035A70500201610005417010035A7050020AE7E00800718014016DEFE223F2D112336060080FFFE032206F816DEFE832F0700C511821701006312EB07B903C212E2061A460000800710008007B000800792028007D802A317070060129A75F51709006212D21503A275A70A0035A7050020167F005417000035A70500201627005417010035A7050020AE1300855535170500202E2700422F00003517050042A7010040A6010034A7D99E40B6DEFE36172D11A23F09003537050042322806FE16DEFEF4C760F936A72D11B4A7090041A275A70A0034060C17DEFE83AF0700D5A1540700003406F816DEFE83AF0700D5A1015262
:FF46C6005457000044063F0E401601002217DD9E60129A1D03A275A70A0035A7050020167F005417000035A70500201627005417010035A7050020AE350054AF0200025244063F0EA31707006112D21503A275A70A0035A7050020167F005417000035A70500201627005417010035A7050020AE2400C5E54016DEFE22172D11822F0B00153708005E328600E531EA07BF01402E0100252FDD9E823F0900A24F090082470B0035370100633F010042323606FA16DEFE1638E5C760F94016DEFE22172D1182470B002706FE16DEFE163080FF1E036052821D4016DEFE22172D118237090080FF360335170500202E2700422F00003517050042A70100015275570A0044E9
:FF47C500063F0E34060C17DEFE83170700D411022F0000412A422F0000031275170A0035170500202E7F00422F000035170500202E2700422F010083170700C2A194A70100402EDEFE252F2D11A5370D00E6A1B91DA5A70100C8A28537010006A1A5370300C832852F03000531D032143126A70100C21225061017DEFEC22965A7010020A63500C5753406F816DEFEC2A15407000035A7050020AE360054AF020040A6DEFE34A72D11B4A70B0061A2EA07810183A70700C2A235060417DEFED4A940A6DEFE34A7DD1375A701003406F816DEFE83AF0700D5A102525457000034060C17DEFE83AF0700D5A15407000044063F0E03A275A70A0035A7050020167F005417F4
:FF48C400000035A70500201627005417010035A7050020AE370054AF020083A70700C2A235060417DEFED4A940A6DEFE34A7DD1375A70100025244063F0EA31707006012F5170900AA3D6212921D031275170A003517050020A67F0042A700003517050020A6270042A7010020A613003517050042A70200025244063F0E35170500202E2700422F00003517050042A7010040A6DEFE34172D11A23F090035370500423280FFC20034172D11A2170900411275170A00015244063F0E402EDEFE252F2D11852F0B00033275370A0035370500203E7F00463F000035370500203E2700463F01005E128200E51135AF0500820D2016130055170200025244063F0E201624C7
:FF49C3000095FD031275170A0035170500202E7F00422F000035170500202E2700422F010035170500202E2400422F0200025244063F0E0012A515C22EFF00EE2F40022806BC9E0000C541882F090087470900E541BA05461700004112C22EFF00622AC6ED7F000012F505C22EFF00C629450700004112C22EFF00E729F1F57F0000520A108535C22EFF00EE2F40022906BC9E0000C549892F0900E531DA054707000001529515C22EFF00EE2F40022906BC9E0000C549892F0900412AE629CA05015247570000CA06FF00C20D8200EE1740022506BC9E0000C229682F01008A007F004112C22EFF00622AE6CD8A007F000012D50DC22EFF000648C549894F0100C7296C
:FF4AC200852F0100E5498A0D4112C22EFF00E82991F50152A50500527F000012E50DC22EFF002706F816DEFEC729853F0100623AB205450700004112C22EFF00622A86F50012C52DC22EFF00EE2F40022706BC9E0000C539872F0900E531FA1D82000228EE2F40022606BC9E0000C531862F070006370700C8320531403EDEFE673728114036DEFE462FE4162506F816DEFEC2290312451700007F004112C22EFF00622AA6D57F008007210E00A2D525D4AEFF002206F816DEFEC2A9951701006212AA1DD4B6FF00C2B222060417DEFED611402EDEFE2537DD13223F010080FF260022061017DEFEC2B136170100E251B1055507000041A2D416FF00621296DD40063FC8
:FF4BC1000EE731C105A73106507F002750C6517F004016DEFEE25729117F00800721084016DEFE62077D154016DEFE6207811500A2F525D416FF002506F816DEFEC511822F0100622AC21D420700004016DEFEE21729116012C2154016DEFE620728114016DEFE4207E416D416FF0025060C17DEFEC511420700000332BFFF06F241A2D416FF006212F6D540063F08800721000012851DC22EFF000530C23227061017DEFEC6396707010027060417DEFEC731660701002606F816DEFEC531460700004112C22EFF00622AE6E5401601002217E19E6012B205E2C760F94016DEFE8217E5166112EA054016DEFE012A622F281140063F008007210E4016DEFE821731111C
:FF4CC000601206A0FA2514170800402EDEFE45173A1134170100A2170100C2167F00402EDEFE4517381134170100A2170100C2168000402EDEFE4517391134170100A22F030002170200C8120511402EDEFE651732114016DEFE821731116112EA0747014016DEFE2247351188170B006012827D5E126012B2356112BA75A8170300882F0300A83F0100884F010034370100C83A0939C8120511D01207114432033AE2C760F934170500202E3100422F000034170500012A422F01004016DEFEE22F3311882A34370500462F020002173211342F0500451703000012B525A8170300882F0300A83F0100884F010034370100C83A0939C8120511D01207114432033AE25A
:FF4DBF00C760F9045240063F0EC236FF00343F0500C639C531062F0D00472F04004112402EDEFE252F3511A5370F00C23EFF00E639C1EDA5170900A52F0F00C5115F1274170A0040A6DEFE5407301140A6DEFE341735114207140034A735118007EA0234170500202E7F00422F000034170500202E3100422F010034170500202E7200422F0200031274170A0040A6DEFE5407301140A6DEFE34A7351154071400025240063F0E4016DEFE82173B11631293654016DEFEE237331127063411DEFE80FF86046052E20757014016DEFE22173511822F0100A2370100C8320531822F0300A23F0300C83A0539D03A0639603A820DA2370B00BFFFA4EE6052E20721014016CA
:FF4EBE00DEFE2217351182370D00BFFF70EE60529A1534170500202E7F00422F000034170500202E3100422F0100202E330080072C0334170100A2170100C2167F00402EDEFE451738116312E207A7026212E20703026112EA07D3034016DEFE82173B11402EDEFE25473511882F0700E511921534170500202E7F00422F000034170500202E3100422F0100202E13008007CE0288170B006012EA07A902A8170100C812882F01000511A82F0300C82A883703000629D02A0229602AB21DA8170300882F0300A83F0100884F010034370100C83A0939C8120511D01207114432013AE2C760F94016DEFE82171B176012921534170500202E7F00422F0000341705002075
:FF4FBD002E3100422F0100202E2200800750024016DEFE821719176012F20D34170500202E7F00422F000034170500202E3100422F0100800728024016DEFEA21719176012921534170500202E7F00422F000034170500202E3100422F0100202E72008007FC014016DEFE22173511822F0B00622ABA15821713006112FA0D34A70100201631005417000040A6DEFE011254173011045240063F0E4016DEFEA2173911020680FFBA050352B54534170500202E3100422F000034170500012A422F01004016DEFEE22F3311882A34370500462F020002173211342F0500451703000012C50DC236FF00343F0500C639C531062F0D00472F04004112402EDEFE252F35112D
:FF50BC00A5370F00C23EFF00E639C1EDA5170900A52F0F00C5115F1274170A0040A6DEFE34A7351194170B006312C205015240063F0E14170500C812942F05000511C200802E01FFE511BAF554070A00015240063F0E4016DEFE82173B11402EDEFE252F3511A5370700E6118A5585170B006012826D4016DEFEA2173911020680FFC29540AEDEFE35473511A8170300882F0300A83F0100884F010034370100C83A0939C8120511D0120711443202B21638E2C760F934170500202E3100422F00003417050042B701004016DEFEE22F3311882A34370500462F020002173211342F05004517030035173511A2170900800730014016DEFE82173B11402EDEFE252F3549
:FF51BB001185370900E611921D342F050020167F0045170000342F05002016310045170100342F05002016130045170200032A742F0A00025240063F0E85170B0060129A1D34170500202E7F00422F000034170500202E3100422F0100202E240034170500422F0200031274170A00025240063F0E4016DEFEA2173911020680FFF2072BFE4016DEFE22473511A8170300882F0300A83F0100884F010034370100C83A0939C8120511D0120711443203AA1538E2C760F934170500202E3100422F00003417050042AF01004016DEFEE22F3311882A34370500462F020002173211342F0500451703000012C50DC236FF00343F0500C639C531062F0D00472F040041127C
:FF52BA00402EDEFE252F3511A5371100C23EFF00E639C1EDA5170900A52F1100C5115F1274170A00015240063F0E34170500202E7F00422F000034170500202E3100422F0100202E1200C58D0012E51DC22EFFFFF52F400228068815DEFEC541882F050008470500C8420541C800E831CA0DC200F517400225068815DEFEC229672F010001527F004112C22EFFFF652A81E500527F000012C50DC22EFF00F52F400226068815DEFEC53146070A004112C22EFF00652AA1F54016DEFE42071A174016DEFE420718174016DEFE420719174016DEFE420730117F008A0721004307130043071200430711004307100043070F0043070E0043070D0043070C0043070C00404D
:FF53B90016DEFEA217E5166112AA2D013A4016DEFE423FA810041243170C002016710043170D00433F0E001E1243170F000212431710004307110043071200430713002016F107631709006307050063070100084A23460C00003280FF882FB5056012820D4016DEFE4207E5160332BFFF1CEA4A063F008007210C4016DEFE22174511601206A0DA2594170900402EDEFE651748113417010002170100402EDEFE45174A113417010082170300402EDEFE45174B11820084124036DEFE46174C11A5174B11C2160F00402EDEFE45174D114016DEFEE21749116512B1056C12911534170500202E7F00422F000034170500202E3400422F0100202E1300800724020132E7
:FF54B800BFFF80E86052EA150232BFFF76E860529A1534170500202E7F00422F000034170500202E3400422F0100202E33008007F0010232BFFF6AE860529A1534170500202E7F00422F000034170500202E3100422F0100202E22008007C6014016DEFE82174B116012EA07CD014016DEFEA2174B11202E4500E511E907BB014016DEFE221745116012EA07CB0100120228B50DC236FF00343F0100C731A6370300C82A062941124036DEFE86374D11C23EFF00E639F1ED4036DEFE46074E11003206A8E50DC23EFF00C646FF00C83934470100C839A73F0300C8AA07A94132403EDEFEA73F4D11C646FF00E741C1ED4016DEFE82174F11E2362C002706D410DEFEC617
:FF55B7003987370500A7470500C842064187370700A73F0700C83A0639D03A0839E729EA071501E2162C002506D410DEFEC22985170D00A5370D00C832023185170F00A52F0F00C82A0229D02A0629E5A9BB7560AA9275BFFFDEE76052DA5515108A12D506FF03E017B413402EDEFE65173D1134170500202E3400422F000034170500202E2000422F010034170500042A422F020034170500022A422F0300033274370A00BFFF9AE740A6DEFE7407551140A6DEFE74074111015240A6DEFE5457241740A6DEFE94A74F11F4A62C002206D410DEFED41182A70900A22F0900C82A142982A70B00A2170B00C8121411D012051140A6DEFE7417B11040A6DEFE74AFB510B4
:FF56B60040063F0C34170500202E7F00422F000034170500202E3400422F0100202E700034170500422F0200031274170A00025240063F0C34170500202E7F00422F000034170500202E3400422F0100202E310085ED035240063F0C800721084016DEFE22175111601206A0CA15F4170900402EDEFE651758115E12402EDEFE65172D173417010002170100402EDEFE451728174016DEFEE21759116312D105202E0304E511811534170500202E7F00422F000034170500202E3600422F0100202E1300C52D0132BFFFBEE56052DA150232BFFFB4E560528A1534170500202E7F00422F000034170500202E3600422F0100202E3300B515BFFF3EE66352921D341705AF
:FF57B50000202E7F00422F000034170500202E3600422F0100202E240034170500422F0200031274170A00025240063F084016DEFE82172917402EDEFE852F2517E511822534170500202E7F00422F000034170500202E3600422F010034170500202E7300422F0200031274170A0040A6DEFE14172817411254172817025240063F084016DEFE221751116012B2050052B5154016DEFE223F2D174016DEFE2237B11034470100424280FFE0114016DEFE012A622F51114016DEFE2217511161124016DEFEEA65620751116152AA554016DEFE222F41114036DEFE263F2D17C729622F41114016DEFE222FB11026372D17C629622FB1104016DEFEE2175911402EDEFEE8
:FF58B40025375511C6115E12651755114016DEFE022F2417412A422F241734170500202E3600422F00004016DEFE02172817342F050045170100011274170A004016DEFE222F3D115F2A622F3D11602AFA2D4016DEFE2217B510402EDEFE252F5511E511FA050432BFFFDAE4015240063F0834170500202E7F00422F000034170500202E3600422F0100202E7100BF0790FE012A622F511134170500202E3600422F000074070A00045240063F08015240063F088007210886170900611206A0BB0560128A1534170500202E7F00422F000034170500202E3700422F0100202E1300951D0132BFFFA2E36052EA1D0232BFFF98E360529A1D34170500202E7F00422F0027
:FF59B3000034170500202E3700422F0100202E330034170500422F0200031274170A00025240063F08BFFF10E46452BA0D4016DEFE2217B510402EDEFE252F4111E511821534170500202E7F00422F000034170500202E3700422F0100202E2400A5DD4016DEFE420724170532BFFFD6E3015240063F088007210F4016DEFE2217DD13402EDEFE013245376011002A8555C536FFFFC33227068010DEFEC731263F010087471900A74F1900C84A084987471B00A73F1B00C83A0839D03A0939E711F11DC53EFFFF28063C17DEFEC83901424747000026370100403EDEFE273FDD13273E8813463F18000740984246471B000740904246471A00883A463F19004036DEFEA3
:FF5AB200863761116032D20DC536FFFF27063C17DEFEC731863701006032B2050132A5050032403EDEFE47376011412AC536FFFF6232E6AD4016DEFE821761116012CA0500A28007960240A6DEFE5407601180FF100600A2A50DD416FFFF25063C17DEFEC2294507000041A2D416FFFF6212C6F585EDD4AEFFFFC3AA22068010DEFEC2A935170100A21711006612EA074D02D436FFFF80FF1C0335170500822F0900A2370900C8320531822F0B00A2170B00C8120511D012061182170100020681FF0AB0BA2D35170500822F0900A2370900C8320531822F0B00A2170B00C8120511D0120611821703000206EFFFB23535170500822F0900A2370900C8320531822F0B01
:FF5BB10000A2170B00C8120511D012061182170300020681FFE21D35170100402EDEFE252FDD13252E8813422F18000530983242371B000530903242371A00882A422F1900D416FFFF25063C17DEFEC511420700001616FFFF6112BB15D436FFFF003ABFFF78DB35170500A22F1100652AD205042A422F1100C505012A422F170063B2EA05D436FFFF003ABFFF50DB4016DEFE4207640864B24016DEFE22BFDD139A5535170100821711006012BA4DD436FFFF003ABFFF26DB35170100012A422F10003517010025063C16DEFEA5370700853F0700A5470500852F050042370700423F060042470500422F040035170100822F0500A2370500C8320531822F0700A23F59
:FF5CB0000700C83A0539D03A0639D739423F00000728982A422F03000728902A422F0200883A423F010035170500A22F1100652AD205042A422F1100C505012A422F170035170100822F0100A2370100C8320531822F0300A2170300C8120511D0120611E2B9B13D35170100821711006112BA2D64B2BA3535170100822F0500A2370500C8320531822F0700A23F0700C83A0539D03A0639C7B942BF00001728982A422F03001728902A422F020088BA42BF0100351701004207110035AF0500041255171100B50D351701004207030042070200420701004207000041A2D416FFFF6212F60795FDBFFF68E040063F0F4016DEFE62375D117F0022068010DEFE222F097E
:FF5DAF000085370900A53F0900C83A063985370B00A52F0B00C82A0629D02A072926063017DEFE662F010022170D00822F0900A23F0900C83A0539822F0B00A2170B00C8120511D0120711661705006607080066070A007F00800721080C3A2606789B0000BFFF8CFFBFFF0EE0BFFF8EFFBFFF44E000A2E5154016DEFE22175D11D42EFF00C42AC229252F0500602A920DD42EFF00C42AC51122170500E2C760F941A2D416FF006C1286ED0332BFFFE8DF40063F088007210C4016DEFE22175D116012E2079D02C33222068010DEFE06A0C2A134170100822F0900A2370900C8320531822F0B00A2170B00C8120511D012061125063017DEFE651701003417050082370C
:FF5EAE000900A23F0900C83A063982370B00A2170B00C8120611D01207116517050065070A003417010082370D0002170D00C8120611651708004016DEFE821763116012B20500AAE51D40AEDEFE35AF311715AF00004016DEFE42AF611100AAA5154016DEFE22175D11D52EFF00C42AC51182170100402EDEFEA52F6111E229820D41AAD516FF006C12C6ED0012A50501126012CA25402EDEFE852F6508602AEA1D22063017DEFE22AF0500202E7F00552F000040AEDEFE15AF6111222F050045AF010022AF0500202E1100552F020003AA62AF0A00025280076E0160128A0D40AEDEFE55076408035280075C014016DEFE8217650861129A154016DEFE22175D11D5E8
:FF5FAD002EFF00C42AC511A2170D006012DA0500000352800730014016DEFE22175D11D52EFF00C42AC229252F0900602ACA05035280071201D52EFF00C42AC51182370D00BFFF68DD605282154016DEFE22175D119500C4AAD5112217090026063017DEFEE2C760F9A51D22063017DEFE222F050020367F0045370000402EDEFE052F6111223F0500472F0100222F050045370200032A622F0A0002520A16FFFF6312BB1DC112E20656600000C505A51DB54D952D22063017DEFE222F0100052F0000252E400022370500462F0000222F0A00412A622F0A004016DEFE42076211B5354016DEFE22173517821703000206EDFFB2F54016DEFE821765086112DAED035298
:FF60AC00B5ED22063017DEFE222F0500223701000637000045370100222F050020367F0045370000222F05002036780045370200222F0A00432A622F0A004016DEFE012A422F62114016DEFE22173A17342F050045170E00881245170F0040063F0C035240063F0C80072100BFFF50DC40063F00800721000012F51DC22EFF000530C5322706389C0000C63987370100A7470100C842064187370300A73F0300C83A0639D03A0839C22A26064017DEFEC531663F01004112C22EFF00672AF6DD26067661000080FFE61B40063F008E072100003223172100A525C62EFF000550C5522B06389C0000CA598B570500AB670500C8620A618B570700AB5F0700C85A0A59D069
:FF61AB005A0C594959C22A2A064017DEFEC5512A2F0100E559E2054132C62EFF00642AC6DDC62EFF00632ADF5DC62EFF00C52A2A06389C0000C5518A2F0900E541AA55634F0900433F0C00002AC50DC546FF00234E0800C849C2410847000049470500412AC546FF00E741A1F5C616FF00C5122506389C0000C22985171900A53F1900C83A023985171B00A52F1B00C82A0229D02A0729602AE22586000610C5122506389C0000C229A5171B00853F1B00A5471900852F1900234F1900634F0500234F1500634F0100C8420541C8120711D0120811234F110023470D00233F0900E2C760F94E063F00541A633F0100A3074F40000084072100C5322206389C0000C61126
:FF62AA00A22F0300823F0300A24F010082570100825F0F008237090083471100635F0100C84A0A49C82A0729D02A0929632F0500004A233E110080FFEE366052E2570000440620004C1A7F00541A633F0100A3074F400000015246061F000012851DC22EFFFF0530EC3740022706589D0000C63987370700073F0700C83A0639C5292606D811DEFEC531663F00004112C206FFFFF2E57F008A07210C00A28007A001D416FFFFC4122506189D0000C22985170100A52F0100C82A0229C52A2206389C0000C511822F1D00A2371D00C8320531822F1F00A2171F00C8120511D0120611402EDEFE65175D176012E2554016DEFE22175D17822F1700602AE24D202E1400032F
:FF63A90030C629F505223F0100663F010044124432E6299AFD4016DEFE22175D1742071600D416FFFFC4122506189D0000C22985170900A5370900C832023185170B00A52F0B00C82A0229D02A0629602AA21DD436FFFF0610C4122506189D0000C229A5170B00853F0B00A5470900852F0900C8420541C8120711D01208110338E2C760F9D416FFFFC2122506C811DEFEC51162070100B555D416FFFF02A8C2AA2506C811DEFEC5A9352F0100412A752F0100C4122606189D0000C23186170500A63F0500C83A023986170700A6370700C8320231D0320731E6299335D416FFFFC4122506189D0000C22985170D00A5370D00C832023185170F00A52F0F00C82A02297B
:FF64A800D02A0629602A821DD416FFFFC4122506189D0000C229A5170F0085370F00A53F0D00852F0D00C83A0539C8120611D0120711E2C760F97507010041A2D416FFFF6412F6075FFE00A2B555D4AEFFFF1510EC1740022506589D0000C22985170500A52F0500C82A0229D5A92206D811DEFEC2A9F5170100E51782126012BA35D416FFFFEC1740022506589D0000C22985170900A5370900C832023185170B00A52F0B00C82A0229D02A0629602A921DD416FFFFEC1740022506589D0000C229A5170B0085370B00A53F0900852F0900C83A0539C8120611D0120711E2C760F9750700003517000041127517000041A2D406FFFFC2AD4A063F0C541A633F0100A3D0
:FF65A700074F400000C5322206389C0000C611A22F1F0082371F00A23F1D0082171D004046DEFE284FC411414A684FC411C83A0239C82A0629D02A0729602A0310E21520361400C5310538F50522470100674701004412443AE7319AFD0112451716002517140041126517140046061F0080072100BFFF04FBBFFFE8FCBFFFB2B8BFFFC0D1BFFFDCF740063F00800721004016DEFE2217DD13BFFF02FDBFFFE8B9BFFFAED2BFFFDEF3BFFFA6D2BFFFD8B940063F0080072100BFFFE2FC40063F0080072100BFFFB4FABFFF98FC40063F004016DEFEE217DF116012D2058056FFFF0012D5350012851DC5060080204E2110E04F044BC52929294142C84EFF00684AC6F5EF
:FF66A600C246FFFFC8412906DC11DEFEC849692F00004112C22EFFFF050600FFFEDD0228C82A0042A5ED0628C229852F0100CA46FFFF88422541C8412506DC11DEFEC829252F0000C85225514112E711D1EDCA007F0000520A10F5050728C229852F0100C5514112E61191FD7F006032D20D60429A0DA50D08170000461700005F3A41324142603A8AFD7F000012C50D0628C229852F01000748C249894F0100E929EA054112E811C1F50152A50500527F0060328215603AE20D0012A50D0728C229052F00000648C249492F00004112E811E1F57F00001202280248C5650A68FC6F40022E06E013DEFECD712E6F0900CC76FFFFC272CD71EE770100EE319A4DCC00C2F8
:FF67A50062CC69C22EFFFFFC2F40022906E013DEFEC549A92F1900612AED2F0300B205002AF52D004AD515C95EFFFF0560CB610A68FC6F40022E06E013DEFECD712E6F0D00CC690D670000C8594B670000414AC95EFFFFE75991ED851DC54EFFFF0858C9590A60FC6740022D06E013DEFECC692D671100CC49094F00004B4F0000412AC54EFFFFE749A1ED012A0548E5054162CC6EFFFFEB69B1A5C956FF006152B2154112C256FFFF6352EE0DC256FFFF0A58FC5F40022C06E013DEFECB61EC5F17000062F5E5C506FF00DA0D0012F505C22EFFFFC829450700004112C22EFFFFE729F1F57F00800721CF00A208A807B006B8C565D416FFFF0228FC2F40022606E013FE
:FF68A400DEFEC531E62F17000032A5550238FC3F40022806E013DEFEC741283F0900C646FFFFC242C741E8470100E8B98A45C600C232C639E72F0300003AC50DC746FFFF1548C849094F0000C541C831464F0000413A0230FC3740023806E013DEFEC6C138370D004CC2C746FFFFF64181EDFC1740023906E013DEFEC2C9393F05005C3A4432BFFF4EFD0A108812382F0100451702003817010042570300393F0500F93715003847010080FF4C0CE5054132C63EFFFFE539C1AD41A2D416FFFF6312A69D40063FCFBE07210F231E88FE2016F40100A20328C511C50545A70000412AE511CAFD43070000E545D4AEFFFF1510FC1740023606E013DEFEC2B1363F0500F631
:FF69A300371500034080FF2A0D44B20012B50DC22EFFFFC5310338C729052F0000462F000041121528FC2F40022606E013DEFEC531363F0100C72EFFFFC246FFFFE54126370D00E1E5A6B7030006BF02005C3A4432BFFF80FCC8BA16B9D700EAB9AA0DFCAF40022206E013DEFED511012A422F190041A2D416FFFF631286BD231E78017E063F0F00527F0000527F000012A5054112E611E1FD7F000012A50D0828C229052F00000648C249492F00004112E711E1F501527F0000527F0001527F0001527F006032E2056042C20500120228D5150052851D264F01000052B50D0A58C35AEB4F82580860C5614C5F00004152412A6452D1F5411244320748824AE911B1ED65
:FF6AA20001527F0022060040DEFE0228D50542070000412A41124036E0FEE62991FD7F00BF0780B3BF077EB3BF077CB3BF077AB3BF0778B3BF0776B3BF0774B3BF0772B3BF0770B3BF076EB3BF076CB3BF076AB3BF0768B3BF0766B3BF0764B3BF0762B3BF0760B3BF075EB3BF075CB3BF075AB3BF0758B3BF0756B3BF0754B3BF0752B3BF0750B3BF074EB3BF074CB3BF074AB3BF0748B3BF0746B38505000800100018002000280030003800400048005000580060006800700078008000880090009800A000A800B000B800C000C800D000D800E000E800F000F8E0072000E087200080FF140026060002000080FF3800E0024C0000001F7026060080DDFE403EDEEC
:FF6BA100FE80FF14004036DEFE403EE0FE80FF08000EF87F00C505660701004432E639CBFD7F00E62720082A0600EAFEFFCA370000CA370200CA3704007F0023064C1DDEFE2406000000003E0600000000260608A20000270614A20000280614A2000029061CA20000FF02382E0000E6574008D5529E52E20DE5574000405E01000B51EA2F2000405E0200EB372000E03F2000E5574000EA1F20003F064C6C00002A06806D0000EA172000E0074A01850580072100E51D4016DEFE42073414BFFF18ACBFFFF8F94016DEFE2217DD13202EC800E51782126012EA054016DEFE012A422F35144016DEFE821735146012CAE54016DEFEA21735146012D2F580FF0800400677
:FF6CA0003F0080072100BFFF6EF940063F008A0721004307130043071200430711004307100043070F0043070E0043070D0043070C0043070C0087170700D012A72F0700C82A0511872F09000511402EDEFEA52F3514602AA72F0500AA4527370100013A4046DEFE483F36144046DEFE483F351427066262021EE731AA350206E1FF920D202E7F00432F0C00012A432F0D00F515612A920D20167F0043170C00021243170D00D50D2016410043170C0043070D0043070E002016A1FF43170F0022066162021E63170900013A633F050063070100084A23460C00003280FF20164A063F0080072100BFFF56AEBFFF72AEBFFFC2FEBFFF86AEBFFF8EB0A5FD8007210E0076
:FF6D9F00A207A806B0E54DD416FFFFEA1740022506BC9F0000C22985170500052F0500C82A0229C50016170100C812963701000611C200E229DA35961705002506BC9F000062121410C200EA174002AA15C229A537090085170900B63F0300962F0300C8320231C83A05391540BFFF70F9951DC229A53F030085170300A5370100852F0100B6470300964F0300C8320531C83A0239D03A0639C84209411530BFFF1AF941A2D416FFFF6C1286B5005240063F0E8007210000120740F535C22EFFFFEA2F40022706BC9F0000C539872F0500073F0500C83A0539C700062F0100C82A864F01000929C500E539EA1D862F0500622AAA1DC200EA1740022506BC9F0000C2291F
:FF6E9E00A5170900852F0900A63F0300864F0300C81202300531C83A0939BFFFD0F9015240063F004112C22EFFFF6C2AF6C5005240063F008207210C63070100261708005D12402EDEFE6517381426170100822F0300A2A70100C8A205A1E6170900631206A88F1535A7050020167F005417000035A7050020162E005417010020161300F5550338143080FF0C016052B24523170100822F030002370300C8320531C600402EDEFEE52F3914E629921D3517050020A67F0042A700003517050020A62E0042A701003517050020A6130042A70200031275170A00025242063F0C82370D00BFFFBACD60528A1535A7050020167F005417000035A7050020162E005417017F
:FF6F9D000020163300D5152337010080FFEA0060529A1D35A7050020167F005417000035A7050020162E00541701002016310035A705005417020003A275A70A00025242063F0C353F010023370100433ABFFF64FE60528A1535A7050020167F005417000035A7050020162E005417010020167200F5DD021275170A0014108812352F0500451701003517050042A70200015242063F0C800721000012F525C22EFFFFEE2F40022806149F0000C541882F010008470100C8420541C800E831DA15C200EE1740022506149F0000C229672F010085370B00BFFFE6CC6052B2050152A50D005240063F004112C22EFFFF6C2AF6D5005240063F000012C525C22EFFFFEE2F8D
:FF709C0040022706149F0000C539872F0100073F0100C83A0539C700062F0100C82A864701000829C500E539BA0D061709005E1282006112BB050152950D00527F004112C22EFFFF6C2AA6DD00527F00E61709006212DA2D26170100A2170100020680FFD235601226170500DA0D202E3E00422F00002617050042070100015266570A007F00202E7F00422F000026170500202E3E00422F0100202E120026170500422F0200031266170A0002527F0026170500202E7F00422F000026170500202E3E00422F0100202E130095ED03527F007F00860721CF6307090063070600630704006307020063070000630700004016DEFE012A622F3D14E61709003406FFFF017B
:FF719B0000C2A181A2631206A8A60D69128F0DF5170900C2060100B2050012D52D3517050020A67F0042A700003517050020A6220042A701003517050020A6130042A7020080073601C22EFFFFC5290330C531853E010035470100C741083F0000C83A663F000035470100C829852F03000539663F00004112C22EFFFFD436FFFFE629B1E500B216B8E55DD716FFFFC21103C0C2C1F8370100233E080080FF38016052825523B70900B6370D00BFFFF4CA605235B70500EA1520A67F0056A7000035B7050020A6220056A7010035B7050020A6330056A7020003B275B70A0001B2853D40CEDEFE39173D14C2B1F817010088125617000039B73D1441B279B73D1435171F
:FF729A000500D61118B7000042B7000039B73D1441B279B73D14353F050023370900D639BFFFE0FA23B7090096170300B6B70300C8B202B139173D14D61179173D1401B241BAD716FFFFD42EFFFFE511E19DD606FF009A1D35170500202E7F00422F000035170500202E2200422F010035170500202E3100422F0200031275170A00025246063FCF4016DEFE22173D14202E0104E511C11535170500202E7F00422F000035170500202E2200422F010035170500202E1400422F030085E55F1275170A004016DEFE62073D14015246063FCF7F007F00800721000012F525C22EFFFFEE2F40022806149F0000C541882F010008470100C8420541C800E831DA15C200EEC7
:FF7399001740022506149F0000C229672F0100A5370B00BFFFAAC96052B2050152A50D005240063F004112C22EFFFF6C2AF6D5005240063F008C07210C0F1280070D11308B2606A49E000080FF2A596052EA0773010512631701006307090063070C0063071100033080FFE04DB50580FFAA54231715006112B2FD231715006012D205000000524C063F0C22064415DEFE822F0100A2370100C8320531822F0300A2170300C8120511D0120611402E0100E511E907110102288E2A26066018DEFE462F01000228862A462F000025064415DEFE85370500052F0500C82A0629C2363F00C531C6008632C500C511C2063F00A205413222066018DEFE423704000628882ADF
:FF749800422F0500822F0100023F0100C83A0539C639423F0200883A423F03000628822A02A70100823F0100422F0700C63242370600C8A207A1C6A2822F0300A2170300C8120511020600FCCF3D00AAC545021263170100D416FFFF63170900011263170C0063171100033080FFDE4CB50580FFA853231715006112B2FD231715006012BA25011263170100D42EFFFF632F090063170C0025064415DEFE462A632F050063171100033080FFA04CB50580FF6A53231715006112B2FD231715006012920D00524C063F0C231715006012A205000044AA44A222066018DEFE822F070002170700C8120511C200D52EFFFFE22981B501524016DEFE425768184C063F0C8C31
:FF7597000721EF22066018DEFE822F010002170100C8120511C20006A086A2E2A106A808B007B8A17DD5163F00D71186121528D729C5063F00E017B4C3C5063F00F417B41325066018DEFE853F0300A52F0300C82A0729C6CEC0FFE511FF5DD816FFFF6212BF5D4016010022479D9E1838C63AC700193080FFC80018D0C4D20012A515C22EFF001630C531D53E3F00C729403E0100273F9D9EC539062F0000472F00004112C22EFF00F729C6ED6307010063A7090063C70C00011263171100033080FF8A4BB50580FF5452231715006112B2FD2317150060129A2501126317010063CF090063D70C00402E0100252F9D9E632F050063171100033080FF504BB50580FF20
:FF7696001A52231715006112B2FD231715006012CA0501524C063FEF00524C063FEF80072100C632C7314016DEFE62376D18C60008380940BFFFCCFE40063F008C07210E4016DEFE82176918601206A008A807B0BA050052F56D22066018DEFE822F010002170100C8120511C2000628862AE22991F522066018DEFE822F0300A2170300C8120511C6120628D629E229BFE5D4160300D611C62E030086291438D639C7060300F205D631C6360300043AA639C711C236FFFF060680FFDFCD033263370100632F0900C200821263170C00401601002217A19E63170500011263171100033080FF684AB50580FF3251231715006112B2FD231715006012BA050012E5150092
:FF7795000000524C063F0EC22EFF001530C531D43E0300C729403E0100273FA19EC539072F0000462F00004112C22EFF00F629C6ED01524C063F0EC632C7314016DEFE62376D187F008C07210F001207A006A8B50D402E0100252F9D9EC236FFFFC629450700004112C22EFFFF0506C0FFA6F515B0A545D616FFFF020600FCBF4563070100D6BEFFFF63BF0900011263170C0063171100033080FFB449C6BAB50580FF7C50231715006112B2FD2317150060129A2D011263170100D72EC0FF632F0900202E1000632F0C00402E0100252F9D9E632F050063171100033080FF7049B50580FF3A50231715006112B2FD2317150060128A0D41B21510D411D62EFFFFE2295E
:FF789400A6BD00524C063F0FE0FF2000E53F400026067018DEFE663F01002036A0000731E62F20007F00E0FF200026067018DEFE263F0100E72F20007F007F007F007F007F007F00800721002616FF008200C31225065015DEFEC229A517070085370700A54F0500852F0500C84A0549C8120611D012091107300838E2C760F940063F008007210E26170100A22F0100C5A68000E63F0900633A8217030006A8921D031275170A0035170500202E7F00422F000035170500202E2800422F0100202E130035170500422F0200025240063F0E6012B2056412B615031275170A0035170500202E7F00422F000035170500202E2800422F0100202E3100C5E5C5B67F006395
:FF799300B2DB351608C10AE106A0790000C505B51DF51DF525402EDEFE05476815402EDEFE053F69150230BFFF1EFF011275170A0035AF050055B7010040AEDEFE55B7381600AAB52D402EDEFE05476A1585ED402EDEFE05476815402EDEFE053F6B15B5E5402EDEFE05476A15F5F5031275170A0035170500202E7F00422F000035170500202E2800422F01003517050020AE120042AF0200021201AA60A2E22F00001529602AE317045340063F0E8007210001320638BFFF90FE40063F000012012AB51DC22EFF0027067419DEFEC72945370000C6068000202E1B00E02F043B0628C52927292629860027067418DEFEC6394717000041120530C22EFF00050601FF0F
:FF7A92009AE522067419DEFE022F0000422FFF004016DEFE420774187F006032921522067418DEFEC61182170100202EFF00A22922067419DEFEC511825701007F0000527F0080072100BFFFD4FF00120A28850D0650CA518600873206512A2941120A30C23EFF00643AD1F5A55663008A0040063F000112E717C000062F00006042D2050229462F00007F0022104229462F00007F00E7378000C65601007F008207218F4337030000A206A8854D14160200C23E07001530BFFFDEFFD4B6FF0023BE0300173016380A40BFFFACFFA33703001638BFFFC2FF0AC014160500C23E07001530BFFFB2FF18402A4117301638BFFF86FFA33703001638BFFF9CFF0AC014160794
:FF7B910000C23E07001530BFFF8CFF18402A4117301638BFFF60FFA33703001638BFFF76FF0AC005321638BFFF6CFF18402A4117301638BFFF40FF41A2D416FF006812E1B5A3370300BFFFD6FE42063F8F8007218F00A207A806B014B8D50D03C2B7C1C3C2F8B782308600BFFFDCFEF857C000CAA141BA64BAB6F51450355140063F8F8007210F06A027A100AA15B0D50D03BAB6B9C3BAF7A782308600BFFF04FFF757C000CAA941B264B2B6F5155040063F0F8007210C623A07A006A8FF0DBFFF02FEC2A222066C15DEFED411223F01001530BFFFB0FF40063F0C005240063F0C8007210C623A07A006A8FF0DBFFFD4FDC2A222066C15DEFED411223F01001530BFFFDA
:FF7C900050FF40063F0C005240063F0C26170100022F0100203E80FF4729E63F0900623A821D26170500202E7F00422F000026170500202E85FF422F010026170500202E1300422F0200031266170A0002527F00A2170100C2167F006212B20D6112AA1526170500013A423F0100663F0A008525263F0500021247170100013A663F0A00F515263F050020167F0047170000263F0500201685FF47170100263F05002016120047170200033A663F0A00023A613AE2170000C506FF00EA2F00006511E33F14537F004016DEFE6237751A7F00820721004016DEFE2217751A6012232F0900D205632F0100E2C760F942063F008007218F06A007A808B080FF4E0F0ABE008E
:FF7D8F0000CA0501C28007F20537C78D00D8060800CAFD37C7890098C60100191242C177C7890037C78D00D8C6070061C2BAFD20C6000177C7990037C785002016EFFF42C177C78500001202280230023802C08007AA03C746FF00C442D741284F0500894E010019524A49684F0500C746FF00C442D74128470500C84607006142FAF5C746FF00C342D541884701006142EA076B03C746FF000848C34AD549894F0300E941EA075703C746FF00C342D641284701006342C60DC746FF00C342D641284705006542C60507C280070201C746FF00C342D641284701006342DB15C142E806727E0000C505F505E50D950D290627800401C50D290613800401850D2906048022
:FF7E8E000401C505290609800401C746FF00C442D741684F0100C746FF00C342D541A84701006142BA55C746FF00C342D641284705006642AB45C142E806CC7E0000F505E50DB53DC515B51DA525852DC746FF00C542D741290627001401E535C746FF00C542D741290613001401E52DC746FF00C542D741290604001401E525C746FF00C542D741290601002501E51DC746FF00C542D741404E2501F515C746FF00C542D741284F05072A06000308000A49684F0507404E1401850DC746FF00C542D741290609001401684F0107C746FF00C342D541A8470300C24EFFFFC8490906FFFEC60503C280071402C746FF00C342D541A8470300C24EFFFFC8491440C3422A85
:FF7F8D0006AC9E0000C8518A470100C742E849C70504C28007E601C746FF00C342D541A84703006042CA0505C28007D001C746FF00C342D541284705006042E2F5C746FF006042E20D5F426042B21561428A25C746FF00C342D541A84F0300C84A8515C746FF00C342D541084F0300D84A850DC746FF00C342D541A84F0300D04A37579D00095177579D00A8470300C8110042064880074C01CA2EFFFFC42AD729C75EFF00C35AD5592B5F0500C866FFFFF4674002CC592B5F0D00605A252E0010255F0100CA2D2C06FFFFFF7F4C59655F0100C72EFF00C32AD529255F0500C866FFFFF4674002CC592B5F0100CB5EFF07CA6EFFFFC46AD7692D7701100B716D7701107C
:FF808C00252F0500CC29252F0500C52EFF072D5F051005596D5F0510B52D406600800C59655F0100C72EFF00C32AD529255F0500C866FFFFF4674002CC592B5F01002D06FFFFFF1F4D59CA76FFFFC472D7712E7F01100B796E7F0110252F0500CC29252F05004D292E5F051005596E5F0510CA2EFFFFC42AD729255F0510406600800C59655F0510C75EFF000B60E36740024862016AEC6FC000656F0D10C35AD559AB5F03000A2E01004142C866FFFFEB61820D0550CA2EFFFF6F2AF307DFFE0A28CA005052BA05414A002AC756FF00C352D551AA570300C85EFFFFEA59F20D4132C656FFFF0A06C0FF9E0D37579900C95EFFFF0B5177579900D5DD0930413A1440C319
:FF818B00422906AC9E0000C84989470100C74EFF00E849F10745FC37179900202EFFFE4511771799000012C50DC22EFF00EC2F4002D7292606701060006537190141121428C32A2606AC9E0000C531862F0100C236FF00E531A1ED0012D50DC22EFF00E32F4002C22AD72926067011600065371D0141121428C32A2606AC9E0000C531862F0100C236FF00E53191ED80FF360A37178900182A45117717890037178D00C2060700CAFD0012D50DC22EFF00EC2F4002D72925371901863603006537190141121428C32A2606AC9E0000C531862F0100C236FF00E53191ED0012952DC22EFF00C32AD529852F0100612A8A25C22EFF000530C332D53186370300E629FA1549
:FF828A00C22EFF00C42AD72925370500863602001A3A473165370500C22EFF00C42AD729252F0500C52E0700622AFAF541121428C32A2606AC9E0000C531862F0100C236FF00E531D1CD0012A5054112C22EFFFF050601FFB6FD0012B515C22EFF00E32F4002C22AD729013265371D01002AA505412AC536FFFF060601FFB6FD41121428C32A2606AC9E0000C531862F0100C236FF00E531B1E50012E525C22EFF00C32AD529852F0100612ADA1DC22EFF000530C332D53186370300E629CA15C22EFF00C42AD72925370500183A473165370500C22EFF00C42AD729252F0500C50607008AFD41121428C32A2606AC9E0000C531862F0100C236FF00E53181D5D856FF4D
:FF8389000040063F8F011280078D1001A07F00800721EF06A007A808B009B880FF32091410C3122506AC9E0000C229A5C70100F5C041C223172900232F250023CF21000AD60000BA050252B50DC3A22606AC9E0000D43186370100E6A9D10503528A0040063FEF60CADA0569BAB105045285FD61CADA0520364000E6B99BFD1830C232C636FC03DA3126377901C6060200B2050152E5E51830C732C636807FDA3126360064612A9A0D402E008005112506FFFFFF9F4511B505C216FF0766170100173080FF8E001810C712C216807FDA11DC52625705642216086461CA8A0D222F0100852E0600622F0100B505620701001810C712C216807FDA1122160C64002AF5051C
:FF848800C536FF00C23146070000412AC536FF00203E4000E731D1F5002AB50DC536FF000238C639D6310637000047370000412AC536FF00F731B1F5C2C2D816FC03C2D12016FF007A17D901005240063FEF6832832D6C32BB050932C52520161000E231BB050A32E51D20161400E231BB050B32851D20161800E231BB050C32A51520162000E231BB050D32C50D20163000E231BB050E32E50520164000E231CB050F3206507F0008527F007F00231EB4FF630F090063170D00632F1100A3074F310000A307CF410000A3074F520000A307CF620000A3074F730000A307CF830000A3074F940000E7474000E64F4000A3070F4000008607210F00A2143080FF54070AC4
:FF858700A814B014B88007A2019700D416FF00C2B91710C212C216FC03D51122177901C20608001710E2075701C212C216FC03D511222F790117324629622F790180072601C712C216807FD511222F01644036008066292216006422170100F2052506FFFFFF1F4511012AC505C216FF07002A1730C732C636807FD53126370164403E004067319A0D17B0C7B2D6B6807FD5B136B705649CB21730C732C636807FD53126370964C6060400BA050032B525D636FF0057326632DB1DC132E60646860000F505E505850DA50DC50DE50D851520B61000F50D20B61400C50D20B61800950D20B62000E50520B63000B50520B6400001321738C73AC73E807FD539273E0C64AC
:FF8686000042D50DC84EFF002A06781ADEFEC951C749094F00004A4F00004142C84EFF00D656FF00EA49F1ED1738C23AC73EFC03D5392046FF006747D901403EDEFE275779156052821563170900632F050063370100D64EFF002806781ADEFE00320638EAC760F91710C212C216FC03D51122177901C20601001710F207CBFEC212C216FC03D51122177901C2061000D20D1710C212C216FC03D511222F79012036EFFF4629622F790141A240160100A217AD9ED42EFF00E229F10755FE4606200FA30709400000E83F2000E9372000A30749940000A307C9830000A30749730000A307C9620000A30749520000A307C9410000A30749310000232F110023170D0023C3
:FF8785000F0900231E4C00E0074801231EB4FF630F090063170D00632F1100A3074F310000A307CF410000A3074F520000A307CF620000A3074F730000A307CF830000A3074F940000E7474000E64F4000A3070F4000008607210F00A2143080FFF60403AA0AB014B88007A2019500D416FF00C2A91510C212C216FC03D61122177901C20608001510E2075701C212C216FC03D611222F790117324629622F790180072601C712C216807FD611222F01644036008066292216006422170100F2052506FFFFFF1F4511012AC505C216FF07002A1530C732C636807FD63126370164403E004067319A0D15B8C7BAD7BE807FD6B937BF05649CBA1530C732C636807FD6313E
:FF88840026370964C6060400BA050032B525D736FF0057326632DB1DC132E606A4880000F505E505850DA50DC50DE50D851520BE1000F50D20BE1400C50D20BE1800950D20BE2000E50520BE3000B50520BE400001321538C73AC73E807FD639273E0C640042D50DC84EFF002A06B81ADEFEC951C749094F00004A4F00004142C84EFF00D756FF00EA49F1ED1538C23AC73EFC03D6392046FF006747D901403EDEFE275779156052821563170900632F050063370100D74EFF002806B81ADEFE013A0032EAC760F91510C212C216FC03D61122177901C20601001510F207CBFEC212C216FC03D61122177901C2061000D20D1510C212C216FC03D611222F79012036EF4F
:FF898300FF4629622F790141A240160100A217AD9ED42EFF00E229F10755FE4606200FA30709400000E83F2000E9372000A30749940000A307C9830000A30749730000A307C9620000A30749520000A307C9410000A30749310000232F110023170D00230F0900231E4C00E0074801231EB4FF630F090063170D00632F1100A3074F310000A307CF410000A3074F520000A307CF620000A3074F730000A307CF830000A3074F940000E7474000E64F4000A3070F4000008607210F00A2143080FF980206AA0AB014B88007A2019500D416FF00C2A91510C212C216FC03D61122177901C20608001510E2075701C212C216FC03D611222F790117324629622F79018007BB
:FF8A82002601C712C216807FD611222F01644036008066292216006422170100F2052506FFFFFF1F4511012AC505C216FF07002A1530C732C636807FD63126370164403E004067319A0D15B8C7BAD7BE807FD6B937BF05649CBA1530C732C636807FD63126370964C6060400BA050032B525D736FF0057326632DB1DC132E606028B0000F505E505850DA50DC50DE50D851520BE1000F50D20BE1400C50D20BE1800950D20BE2000E50520BE3000B50520BE400001321538C73AC73E807FD639273E0C640042D50DC84EFF002A06F81ADEFEC951C749094F00004A4F00004142C84EFF00D756FF00EA49F1ED1538C23AC73EFC03D6392046FF006747D901403EDEFE2720
:FF8B81005779156052821563170900632F050063370100D74EFF002806F81ADEFE023A0032EAC760F91510C212C216FC03D61122177901C20601001510F207CBFEC212C216FC03D61122177901C2061000D20D1510C212C216FC03D611222F79012036EFFF4629622F790141A240160100A217AD9ED42EFF00E229F10755FE4606200FA30709400000E83F2000E9372000A30749940000A307C9830000A30749730000A307C9620000A30749520000A307C9410000A30749310000232F110023170D00230F0900231E4C00E00748014016FFFFC23730EAC2BF30EAC2A731EAC23734EAC2BF34EAC2A735EAC23732EAC2BF32EAC2A733EAC037E2B0C0BFE2B0C0A7E3B073
:FF8C8000C037E6B0C0BFE6B0C0A7E7B0C037E4B0C0BFE4B0C0A7E5B0C037B2B1C0BFB2B1C0A7B3B1C037B6B1C0BFB6B1C0A7B7B1C037B4B1C0BFB4B1C0A7B5B1C2372CEAC2BF2CEAC2A72DEAC2372EEAC2BF2EEAC2A72FEA7F0060324016D0FFE01714537F007F008007210880FF140E0AA080FF0E0ED0A2145140063F088007210E06A008A82206E416DEFE82371100A22F0F00823F0F00A2170D00C83A0239C8320531D032073180FFCA0D00B2D51580FFD00DD616FF002506381BDEFEC229455700001430C23146570000D511052F0000422F000041B2D616FF00641291ED2206381BDEFEA22F030082370300A23F0100821701002806E416DEFE482F100048370FFE
:FF8D7F0000483F0E0048170D000332BFFFB6B040063F0E8007210E00A22317110007A8E50DD42EFF00EE2F40022706BC9E0000C539872F0900E511E20541A2D42EFF00622A86F54016DEFE222F81152706381BDEFE07470000D8420829622F8115A7470100D0420829622F811587470300C8420829622F8115A73F03000729622F811540B6DEFE36177D15062F0000D82A051176177D15A62F0100D02A051176177D15862F0300C82A051176177D15A62F0300051176177D15BFFF1AEC36377D15D43EFF00BFFF00EE0012D50DC22EFF001530C531033AA539C33AE7578228462F00004112C22EFF00642A96F540063F0E4016DEFE42071817633AE2070F01623AE27D0D
:FF8E7E00613AEA0735014016DEFE012A422F30110012F50DC22EFF00C629852F0100403EDEFE274FF515C84A0549674FF5154112C22EFF00642AF6ED002AA515C53EFF00C24EFF00C939C639873F0100404EDEFE2957F915C85207516957F915412AC53EFF00643AC6ED00128545C22EFF00EC2F44022606D410DEFEC531862F0500A63F0500C83A0539862F0700A6370700C8320531D0320731402EDEFE252FF515E531BA258200EC1744022506D410DEFEC22985170D00A5370D00C832023185170F00A52F0F00C82A0229D02A06294016DEFE2217F915E511CB0D48070D00031248170A0001527F004112C206FF00F2BD01524016DEFE425718177F000152485713C3
:FF8F7D000048070A007F0088170B006212DA05015248570D007F006312FA0D881715006112FA0548070D0048070A0001527F00021248170D0095FD01527F004016DEFE420718174016DEFE420719174016DEFE42071A1748070D0048070A0001527F0048070D0048070A0001527F008007210E4016DEFE42071817633A08A0E2070901623AA27D613AEA0733014016DEFE012A422F30114016DEFEA21799106012DA654016DEFE82174B1B6112FA5D4016DEFEE217491B3506E416DEFE55170400881255170500550707005507060022061B17DEFEA22F070082370700A23F050082170500552F0B0055370A00553F090055170800BFFF9AAD4016DEFE42079B1040163B
:FF907C00DEFE4207981001B24016DEFE42B799104016DEFE42079A1055B703000332BFFFA6AD22069410DEFE822F030002370300C8320531413242370200883242370300822F010002370100C832053141324237000088324237010054070D00021254170A00165040063F0E015240A6DEFE5457181740063F0E01525457130054070A0040063F0E94170B006212EA05015254570D0040063F0E63128A159417150061128A0D54070D0054070A00015240063F0E021254170D0085FD015240063F0E8007210022061B17DEFEA23F0700A2370300822F0700A2470500824F0300A2570100825F050082170100C8420B41C83A0539D03A0839C8520251C8320931D0320A2A
:FF917B0031BFFFF8D440063F008007210E4016DEFE6207481B4016DEFE42071A174016DEFE42071817633A08A006A8A24D623A8245613ACA65153080FFCA0060529A0D40A6DEFE01AA54AF1817005240063F0EB5B7090015AF0800BFFF68FF4016DEFE6257481B032A542F0A00C8AA16A9D500E217491BE2A9EA0D01525457140054570D0054070E0040A6DEFE54574A1B40063F0E021254171400011254170D0054170E0040A6DEFE54074A1B005240063F0E94170B006212BA25011254171300E51594170B006212FA05011254170D00005240063F0E6312BA1594171500012A542F0D0061128A0D54070E0054070A00005240063F0E011254170E0085FD00524006F9
:FF927A003F0E4016DEFE420718174016DEFE42071A17A6170300862F0300A63F01000647000029061B17DEFE49470300493F0200492F010049170000A6170700862F0700A63F05000637040049370700493F0600492F05004917040089470100A9570100C852085189470300A94F0300C84A0849D04A0A492806D410DEFE88570500A85F0500C85A0A5988570700A8470700C8420A41D0420B41D832D03A0731C82A05310231E849820D4036DEFE011246171A1700527F002206D410DEFE822F0D00A23F0D00C83A0539822F0F00A2170F00C8120511D0120711E231830D4016DEFE012A422F181700527F002206D410DEFEA22F0B0082370B00A23F09008217090028E0
:FF937900061B17DEFE482F030048370200483F01004817000001527F004016DEFE42071A174016DEFE420718174016DEFE42071917633AA215623AA20D613AAA1548070D00031248170A0001527F0001524857130048070A007F0048070D0048070A0001527F007F0048070A0001527F0080072100BFFF7AA9005240063F004016DEFE4207E31600527F0000527F004016DEFE012A422FE31600527F00800721004016DEFE82179B106012EA15BFFFE6A94016DEFE42079B104016DEFE420798104016DEFE4207991001524016DEFE42579A1040063F00015240063F0001527F0001524016DEFE425798107F00800721004016C1FF620700406207244062072840620778
:FF9478002C4062070041620724416207284162072C411F2A622F0003622F2403622F2803622F2C0362070004620724046207280462072C04620700426207284262072C422036A5006237014C62070146622F0146620701466237014C62070145622F0145620701456207004162070000203EFFFB623F00036237254C62072545622F2545620725456207244162072400113A623F24036237294C62072946622F2946620729466237294C62072945622F2945620729456207284162072800203EE7F1623F280362372D4C62072D46622F2D4662072D4662372D4C62072D45622F2D4562072D4562072C4162072C001E2A622F2C03E2170103402EDEFE65171D161F0080FC
:FF957700FF080040063F007F004016C1FFE22F2940C52EFEFF622F2840E22F2941C52EFEFF622F2841222F2803852E0100622F2803E22F2904C52EFEFF622F2804E22F2942C52EFEFF622F2842E22F2905C52EFEFF622F2805222F2806852E0100622F2806222F280A852E0100622F280A222F2804852E0100622F2804E22F2940C52EFDFF622F2840E22F2941C52EFDFF622F2841222F2803852E0200622F2803E22F2904C52EFDFF622F2804E22F2942C52EFDFF622F2842222F2805852E0200622F2805E22F2906C52EFDFF622F2806E22F290AC52EFDFF622F280A222F2804852E0200622F2804E22F2903C52EFDFF622F2803E22F2940C52EBFFF622F2840E22F23
:FF9676002941C52EBFFF622F2841222F2803852E4000622F2803E22F2904C52EBFFF622F2804E22F2942C52EBFFF622F2842E22F2905C52EBFFF622F2805222F2806852E4000622F2806222F280A852E4000622F280A222F2804852E4000622F2804E22F2940C52E7FFF622F2840E22F2941C52E7FFF622F2841222F2803852E8000622F2803E22F2904C52E7FFF622F2804E22F2942C52E7FFF622F2842222F2805852E8000622F2805222F2806852E8000622F2806E22F290AC52E7FFF622F280A222F2804852E8000622F2804E22F2903C52E7FFF622F28037F008A0721EF4307130043071200430711004307100043070F0043070E0043070D0043070C0043070CA2
:FF97750000001223A7390023AF350009B008B807C006C8C50DC22EFF0023360C00C531D829052F0000462F00004112C22EFF00682AA6F560CAD20D1916FFFF6012F2056112EA07670100D28007500100D2C56D00D29535DA16FF00F4174002250638A00000C22925170100E2A1CA25DA16FF00F4174002250638A00000C229251711006012821DDA16FF00F4174002250638A00000C2292517110063A7090063AF050063B7010023460C00003206381748E2C760F941D240160100821735A0DA2EFF00E22991CDA575DA16FF00F41740022506D8A00000C22925170100E2A1CA25DA16FF00F41740022506D8A00000C229251711006012821DDA16FF00F4174002250614
:FF987400D8A00000C2292517110063A7090063AF050063B7010023460C00013A00321748E2C760F941D240160100A21735A0DA2EFF00E22991CD953DDA16FF00F4174002250650A10000C22925170100E2A1CA25DA16FF00F4174002250650A10000C229251711006012821DDA16FF00F4174002250650A10000C2292517110063A7090063AF050063B7010023460C00023A00321748E2C760F941D240160100821737A0DA2EFF00E22991CD63C701001530173819401448BFFF36E44A063FEF8007210080FF28004016DEFE2506169A0000622F79152806FC15DEFE2706F0A100000032BFFF2AE440063F0088072100430701002206F1FFFF00431703002016FFF14314
:FF99730017020001124317040043070500021243170600233E010023360200BFFF0CD4A317010063129B15C112E206A2990000C50DB505E505F505430701000012850D0112C5050312A5050212431701008200402EDEFE6517051648063F008607210023171500232F1100085007406032820D5F326032820D6132BA15023AD50500320638B505013A003263170900632F0500634F01000A48BFFF90E946063F00005246063F00840721002317150063170500231711006317010023170D000730083809400248BFFF18FD44063F00E849C32528570100285F0500EA59C31DCA760300A20D4A0700004152EA59CA760300AAFDEA5982151C624B61EA61E3056A0701009D
:BA9A72004452EA61CBFDEA59D3054A0700004152B5FD4842C5DDE639933526570100265F0500266709000C680A69CD760100BA1DCD760200DA0D0B6EFCFFEA69910D2A7701006C77010044524462EA59FBF50B6EFEFFEA69810D2A7700006C7700004252426285FDEA59830D0A6F00004C6F00004152416285FD4C32F5CD7F001F7080FF34006A3701000EF87F001F7080FF26000A682D5701002B066D4EC641EB5722020A5639306D5701009052CA56FF7F0EF87F002A061816DEFE7F005B
:FF9B2C00140000004600000091000000000010140000004600000091000000000010DF070000F0060000F10700002C9B0000000005000201DF070000F0070000F10700002C9B000001000400020100001000000070420000723E00001F0100001100000048450000CA4200000E000000220000006A7300006C7100000F000000270000004C4C00004A4500000E0000002800000000000000147900000E0100002E00000000000000D26E00000E0000003100000090530000B44C00000E00000034000000000000002C5400000200000036000000000000000E57000002000000370000000000000064590000020000003E00000000000000E87000000F01000085000096
:FF9C2B0000000000009C7C00000E010000F0060000FF07000001000000100000000000000000010000A06500006411DEFEF0070000FF07000001000000100000000000000000010100A06500007C11DEFEDF070000FF07000001000000100000000000000000010200A06500009411DEFE6262021EFFFFFF1F01000000100001000000000000010300A0650000AC11DEFEF107000000000000010000001000000000000000000004000000000000000000080700000000000000000000100000000000000000000500000000000000000000040000000000000200000010000000000000000000060000000000000000000000000001000000DE36000000000000010094
:FF9D2A00000001000000DE360000000000000200000001000000DE360000000000000300000001000000AE6C00000000000006000000C800020000000000000000000000000000000000000000000000000000000000000000000000000000000000000000000000000000000000000000000000000000000000000000000000000000000000000000000000000000000000000000000000000000000000000000000000000000000000000000000000000000000000000000000000000000000000000000000000000000000000000000000000000000000000000000000000000000000000000000000000000000000000000000000000000000000000000000000020
:FF9E29000000000000000000000000000000000000000000000000000000000000000000000000000000000000000000000000000000000000000000000000000004000100050002000600030007000400080005000C0006001000070011000800040009000D000A0017000B0018000C0004000D001500C414DEFE4414DEFE7800000400000000030308008000000030660000010000008415DEFE060001000104040101038415DEFE04000200050404010103FA8C0000928D0000E28C0000E693000001001F0001F4930000020006000200940000040005000300129400000101529400000201569400000301000098F10900020000000003061F030099F10A000200E9
:FF9F280000000003061F03001E720100020000000003061F000086F10100020000000003071F030090F1110002000000000304050300FFF101000200000000031F1F00008BF12000010008000001021F00008CF12000012008000001021F000093F12000014008000001021F000095F12000016008000001021F000087F12000018008000001021F000080F1200001A008000001021F00000000000098F1010008000000000099F101000900000000001E7201000A000000000086F101000B000000000090F102000C0000000000FFF102000D00000800008BF1FFFFFFFF200800008CF1FFFFFFFF4008000093F1FFFFFFFF0090010095F1FFFFFFFF8008000087F1FF7C
:FFA02700FFFFFFA008000080F1FFFFFFFF08050800F0070000FF070000010000000000000000000000DF070000FF0700000100000000000000000000006262021EFFFFFF1F01000000010000000000000002070000FF07000001000000000000000000000003070000FF070000010000000000000000000000000000000000000000000000000000000000000000000000000000000000000000000000000000000000000000000000000000000000000000000000F0070000FF070000010000000000000000000000DF070000FF0700000100000000000000000000006262021EFFFFFF1F01000000010000000000000002070000FF0700000100000000000000000008
:E2A12600000003070000FF0700000100000000000000000000000000000000000000000000000000000000000000F0070000FF07000001000000000000000000000001070000FF07000001000000000000000000000002070000FF07000001000000000000000000000003070000FF07000001000000000000000000000000000000000000000000000000000000000000000000000000000000000000000000000000000000000000000000000000000000000000000000000000000000000000000000000000000000000000000101000838A0000001010106D8A000000101020850A10000B8
:0CA208001CA2000038B800000000DEFEC0
:08A214001C16DEFE4B1BDEFEF2
:FFA21C0001020304050607080000000000000000000000000000000032000000D0070000320000008813000000000000050000000100000004000100000000000000000000000000000000000000000000000000000000000000000000000000000000000000000000000000000000000000000000000000000000000000000000000000000000000000000000000000000000000000000000000000000000000000000000000000000000000000000000000000000000000000000000000000000000000000000000000000000000000000000000000000000000000000000000000000000000000000000000000000000000000000000000000000000000000000003E
:FFA31B0000000000000000000000000000000000000000000000000000000000000000000000000000000000000000000000000000000000000000000000000000000000000000000000000000000000000000000000000000000000000000000000000000000000000000000000000000000000000000000000000000000000000000000000000000000000000000000000000000000000000000000000000000000000000000000000000000000000000000000000000000000000000000000000000000000000000000000000000000000000000000000000000000000000000000000000000000000000000000000000000000000000000000000000000000000043
:FFA41A0000000000000000000000000000000000000000000000000000000000000000000000000000000000000000000000000000000000000000000000000000000000000000000000000000000000000000000000000000000000000000000000000000000000000000000000000000000000000000000000000000000000000000000000000000000000000000000000000000000000000000000000000000000000000000000000000000000000000000000000000000000000000000000000000000000000000000000000000000000000000000000000000000000000000000000000000000000000000000000000000000000000000000000000000000000043
:FFA5190000000000000000000000000000000000000000000000000000000000000000000000000000000000000000000000000000000000000000000000000000000000000000000000000000000000000000000000000000000000000000000000000000000000000000000000000000000000000000000000000000000000000000000000000000000000000000000000000000000000000000000000000000000000000000000000000000000000000000000000000000000000000000000000000000000000000000000000000000000000000000000000000000000000000000000000000000000000000000000000000000000000000000000000000000000043
:FFA6180000000000000000000000000000000000000000000000000000000000000000000000000000000000000000000000000000000000000000000000000000000000000000000000000000000000000000000000000000000000000000000000000000000000000000000000000000000000000000000000000000000000000000000000000000000000000000000000000000000000000000000000000000000000000000000000000000000000000000000000000000000000000000000000000000000000000000000000000000000000000000000000000000000000000000000000000000000000000000000000000000000000000000000000000000000043
:FFA7170000000000000000000000000000000000000000000000000000000000000000000000000000000000000000000000000000000000000000000000000000000000000000000000000000000000000000000000000000000000000000000000000000000000000000000000000000000000000000000000000000000000000000000000000000000000000000000000000000000000000000000000000000000000000000000000000000000000000000000000000000000000000000000000000000000000000000000000000000000000000000000000000000000000000000000000000000000000000000000000000000000000000000000000000000000043
:FFA8160000000000000000000000000000000000000000000000000000000000000000000000000000000000000000000000000000000000000000000000000000000000000000000000000000000000000000000000000000000000000000000000000000000000000000000000000000000000000000000000000000000000000000000000000000000000000000000000000000000000000000000000000000000000000000000000000000000000000000000000000000000000000000000000000000000000000000000000000000000000000000000000000000000000000000000000000000000000000000000000000000000000000000000000000000000043
:FFA9150000000000000000000000000000000000000000000000000000000000000000000000000000000000000000000000000000000000000000000000000000000000000000000000000000000000000000000000000000000000000000000000000000000000000000000000000000000000000000000000000000000000000000000000000000000000000000000000000000000000000000000000000000000000000000000000000000000000000000000000000000000000000000000000000000000000000000000000000000000000000000000000000000000000000000000000000000000000000000000000000000000000000000000000000000000043
:FFAA140000000000000000000000000000000000000000000000000000000000000000000000000000000000000000000000000000000000000000000000000000000000000000000000000000000000000000000000000000000000000000000000000000000000000000000000000000000000010000000000000000000000000000000000000000000000000000000000000000000000000000000000000000000000000000000000000000000000000000000000000000000000000000000000000000000000000000000000000000000000000000000000000000000000000000000000000000000000000000000000000000000000000000000000000000000042
:FFAB130000000000000000000000000000000000000000000000000000000000000000000000000000000000000000000000000000000000000000000000000000000000000000000000000000000000000000000000000000000000000000000000000000000000000000000000000000000000000000000000000000000000000000000000000000000000000000000000000000000000000000000000000000000000000000000000000000000000000000000000000000000000000000000000000000000000000000000000000000000000000000000000000000000000000000000000000000000000000000000000000000000000000000000000000000000043
:FFAC120000000000000000000000000000000000000000000000000000000000000000000000000000000000000000000000000000000000000000000000000000000000000000000000000000000000000000000000000000000000000000000000000000000000000000000000000000000000000000000000000000000000000000000000000000000000000000000000000000000000000000000000000000000000000000000000000000000000000000000000000000000000000000000000000000000000000000000000000000000000000000000000000000000000000000000000000000000000000000000000000000000000000000000000000000000043
:FFAD110000000000000000000000000000000000000000000000000000000000000000000000000000000000000000000000000000000000000000000000000000000000000000000000000000000000000000000000000000000000000000000000000000000000000000000000000000000000000000000000000000000000000000000000000000000000000000000000000000000000000000000000000000000000000000000000000000000000000000000000000000000000000000000000000000000000000000000000000000000000000000000000000000000000000000000000000000000000000000000000000000000000000000000000000000000043
:FFAE100000000000000000000000000000000000000000000000000000000000000000000000000000000000000000000000000000000000000000000000000000000000000000000000000000000000000000000000000000000000000000000000000000000000000000000000000000000000000000000000000000000000000000000000000000000000000000000000000000000000000000000000000000000000000000000000000000000000000000000000000000000000000000000000000000000000000000000000000000000000000000000000000000000000000000000000000000000000000000000000000000000000000000000000000000000043
:FFAF0F0000000000000000000000000000000000000000000000000000000000000000000000000000000000000000000000000000000000000000000000000000000000000000000000000000000000000000000000000000000000000000000000000000000000000000000000000000000000000000000000000000000000000000000000000000000000000000000000000000000000000000000000000000000000000000000000000000000000000000000000000000000000000000000000000000000000000000000000000000000000000000000000000000000000000000000000000000000000000000000000000000000000000000000000000000000043
:FFB00E0000000000000000000000000000000000000000000000000000000000000000000000000000000000000000000000000000000000000000000000000000000000000000000000000000000000000000000000000000000000000000000000000000000000000000000000000000000000000000000000000000000000000000000000000000000000000000000000000000000000000000000000000000000000000000000000000000000000000000000000000000000000000000000000000000000000000000000000000000000000000000000000000000000000000000000000000000000000000000000000000000000000000000000000000000000043
:FFB10D0000000000000000000000000000000000000000000000000000000000000000000000000000000000000000000000000000000000000000000000000000000000000000000000000000000000000000000000000000000000000000000000000000000000000000000000000000000000000000000000000000000000000000000000000000000000000000000000000000000000000000000000000000000000000000000000000000000000000000000000000000000000000000000000000000000000000000000000000000000000000000000000000000000000000000000000000000000000000000000000000000000000000000000000000000000043
:FFB20C000000000000000000000000000000000000000000000000000000000000000000000000000000000000000000000000000000000000000000000000000000000000000000000000000000000000000000000000000000000000000000000000000000000000000000000000000000000000000000000000000000000000000000000000000000000000000000000000000000000000000000000000000000000000000000000000000000000000000000000000000000000000000000000000000000000000000000000000003A6A0000646A000000000000000000000000000000000000000000000040DEFE0040DEFEFFBF010001000000010000000040DEBA
:FFB30B00FEFFBF01000400000002000000B810DEFE00000000000000000001000000000000000000000000000000000000000000000000000000000000000000000000000000000000000000000000000000000000000000000000000000000000000000000000000000000000000000000000000000000000000000000000000000000000000000000000000000000000000000000000000000000000000000000000000000000000000000000000000000000000000000000000000000000000000000000000000000000000000000000000000000000000000000000000000000000000000000000000000000000000000000000000000000000000000000000000DB
:FFB40A0000000000000000000000000000000000000000000000000000000000000000000000000000000000000000000000000000000000000000000000000000000000000000000000000000000000000000000000000000000000000000000000000000000000000000000000000000000000000000000000000000000000000000000000000000000000000000000000000000000000000000000000000000000000000000000000000000000000000000000000000000000000000000000000000000000000000000000000000000000000000000000000000000000000000000000000000000000000000000000000000000000000000000000000000000000043
:FFB509000000000000000000000000000000000000000000000000000000000000000000000000000000000000000000000000000000000000000000000000000000000000000000000000000000000000000000000000000000000000000000000000000000000000000000000000000000000000000000000000000000000000000000000000000000000000000000000000000000000000000000000000000000000000000000000000000000000000000000000000000000000000000000000000000000000000000000000000000000000000000000000000000000000000000000000000000000000000000000000000000000000000000080000000649E0000C1
:FFB608006017DEFE649D000000000800000000000100000040000000849E0000E017DEFEE49D000080000400000000000200000040000000949E00002018DEFE249E0000C000020000000000000000000000000000000000000000000000000000000000000000000000000000000000000000000000000000000000000000000000000000000000000000000000000000000000000000000000000000000000000000000000000000000000000000000000000000000000000000000000000000000000000000000000000000000000000000000000000000000000000000000000000000000000000000000000000000000000000000000000000000000000000000A0
:FFB70700000000000000000000000000000000000000000000000000000000000000000000000000000000000000000000000000000000000000000000000000000000000000000000000000000000000000000000000000000000000000000000000400000000000001000000D278000002000000D478000003000000D678000001010000E9E7E6E5B2A292A3904856D200000000000000000000000010270000DC8F000001FE0404060600040000000200010000018491000001FF0E0404040002030000020001000001E88F000003FE040404040002010000000001010001DE93000002FE040404040002030000000001010001000000000000000000000000000023
:32B806000000000000000000000000000000000000000200000004000000020000000400000002000000040000000100000001000000FC
:FFB83800265701007F00865701007F00E65701007F00463F00007F00663F00007F00663F01007F0027160010202E00F04511A711262F0100E511E22F2213661701007F004016DEFE22174D1DE22F0700C62AE2570500C652E2170300C6125F12603AE22DC6395F3AE639A12D405EDEFE2B5F811DEB39C9255F4A66499A25602ACA05002A01528515CA295F2AE651EB05E539CB0501520A28F505EA39B1F5E62991F5002A04526242DA05602AAA0D04527F006142DA05E239BB05612AAA0504527F008007210E06A007A826063000A1FFBFFF34FF0AB026063400A1FFBFFF28FFB6510A3E0400163014401548BFFF58FF6452ED57045340063F0E265701004751EA39F2AC
:FFB93700055F42AAFD015269570100B505690701007F0082072100203EB3004036A2FFBFFFF4FE4016DEFE22174D1DE2170100E81744022246120020161300E24782020348803E008026068000A1FF265701004751EA39F2055F42AAFD015269570100B50569070100231701006012ED17145342063F008007210026068000A1FFBFFF84FECA060040F20D26061000A1FFBFFF7AFE5052820D203E100026061000A1FFBFFF74FE203E50004036A2FFBFFF68FE40063F00800721006032AA0D203E880026061400A1FFBFFF4EFE40063F00203E9900F5F58007210807A0BFFF28FE74570100005240063F088207210C06A00338260670020301BFFFDEFF0AAE0000EA0DD7
:FFBA3600231701002236C800BFFFFAFDCA52220600FCFF03425174570100155042063F0C840721CF4016DEFE22174D1DE2A70100233E0400260618020301BFFF9AFF23AF050088AA6052EA073101D516FF00020601FFE2072501233E0400260638020301BFFF74FF220640420F0023B70500E2B7FE026052FA0D233E0400260634020301BFFF54FF220640420F0023BF0500E2BFFE02950063AADB3D6052BA0D23AE04002606640203011538BFFF2CFF15AF00006052FA0D233E0400260674020301BFFF16FF220640420F0023C70500E2C7FE026052FA050338260670020301BFFFF8FE0AC860CAEA45231701002236D400BFFF14FD2206FFFFFF00425122063031300E
:FFBB350000E2514016DEFE8A3525060060C6FFF52D6052BA0D23AE04002606640203011538BFFFB4FE15AF01006052FA0D233E0400260678020301BFFF9EFE390640420F0023C70500F9C7FE026052B2050AC8951539064C1DDEFE393E3800260688020301BFFF74FEC5F52506002CC6FF622F851D60CAC205195044063FCFF6A1B105F7A1B305035295FDD516FF00020601FFA20D9500D5A180C6FFFFD8A1D400F5A7820214C0383E001EC7002606E400A1FFBFFF6CFC95E501527F0000527F008207210C06A60000CA1526068000A1FFBFFF36FCCA060070B205BFFF9EFD343E00AAC70026068400A1FFBFFF34FCE52526068400A1FFBFFF1CFC63570200E3170300DD
:FFBC3400C20601009A25E3170300E2A1E215343E00AAC70026068400A1FFBFFF02FC00AA26063000A1FF1538BFFFFAFB26063400A1FF1538BFFFEEFB4016DEFE62A7901D005242063F0C055242063F0C8207210C06A035068400A1FF1530BFFFB6FB635702001530BFFFACFB63570200E3170300E2A1EA57000042063F0C840721002606D400A1FFBFFF86FB43570300C3C70300D2154016DEFE2217751D221701006212DA0D2606D800A1FFBFFF5CFB4016DEFE62577D1D095244063F0026068000A1FFBFFF44FB6357050023170500C2060010B2050752D52523170500C2060020B2050852E51D23170500C2060001B20D4016DEFE2217751D221701006112BA050109
:FFBD330052F50D23170500C2060002920D4016DEFE2217751D221701006012A2F5005244063F00820721EF06A007A808B009B826063000A1FFBFFFEEFAD6A9153EFFFF26063400A1FFBFFFDEFA40AEA2FF203EE8001530BFFFCAFA16C081C2D83EFFFF1530BFFFBCFA01AA00CAF51D14360100BFFF9CFA0AD01430BFFF94FAC8D21A380A394036A2FFBFFF98FA26068000A1FFBFFF76FA6357010023170100C2060004EDAF14AB41CA42A2F8C991E561AA8A0D1EAA163855391730BFFF0CFB0AA861AAAA0D203ED0004036A2FFBFFF54FA155042063FEFBFFF44FB6052F557245342063FEF8007210E061007A008A809B026063000A1FF0238BFFF2EFA26063400A1FF54
:FFBE32001438BFFF22FA4036A2FF1538BFFF0CFA043A1630BFFFB0FA61520AA0AA0D203ED0004036A2FFBFFFF2F9145040063F0EBFFFE8FA6052F457245340063F0E800721CF06A007A808B034BF010040C6DEFE3837851D4832013ABFFFC0F93817851D22361400BFFFA8F90AC83817851D2236140000C21838BFFFA2F957BE20FFC2B2D7B11730BFFF82F915300A38BFFF98F94016DEFE2237851D4432BFFF6CF96052921DCA060200F20557C6E00074C701000CC2850D60C2EA0557C6E00074C701000BC24016DEFE2237851D4832013ABFFF4AF944AA44BA6CC2B205F6B9B1D54016DEFE2217851D223614001938BFFF2CF9185040063FCF8207210806A0260680CE
:FFBF310000A1FFBFFF04F9635701002317010061A2FA05C2060001A20D005242063F08C2060003C205005242063F08015242063F088207210026068000A1FFBFFFCCF863570100231701008B12C256010042063F0080072100203EB0004036A2FFBFFFC2F840063F008207210026068000A1FFBFFF98F86357010023170100C2060003EA57000042063F0080072100203ED0004036A2FFBFFF8CF840063F008207210026068000A1FFBFFF62F86357010023570100CA008F5242063F008207210026068000A1FFBFFF44F8635701002206AA400200232F01006229B2050D52950D23170100C2064000BA050052A505055242063F00800721004016DEFE2217AD1D631221
:FFC030009A1D4016DEFEE237911DBFFF46FC6052BA454016DEFEE217911D020680FF9A15803E00AA26068400A1FFBFFFF6F7042AF51D6412EA0D0032BFFF18FC6052CA2D4016DEFE052A622FAD1D005240063F0061129A0D22064C1DDEFE62076500022A622F6100BFFF38FF61529A0D032A4016DEFE622FAD1D015240063F00BFFFB6FE6152AA0DBFFFCEFE01524016DEFE6257B11D40063F00015240063F00800721004016DEFE2217AD1D6512FA154016DEFEE217911D020680FF8A2D803E80AA26068400A1FFBFFF5CF74016DEFE062A622FAD1D015240063F006612B2050652B51D20368000BFFF6CFB6052B2050152B5154016DEFE2217B11D6112FA05BFFF6A29
:FFC12F00FE6152BA05BFFF84FE4016DEFE012A622FAD1D005240063F008007210E00A235064C1DDEFE06B0F505003A1530BFFFEEF641A241AA20166800E2A1F1F54016DEFE6207A91D60B2822D22064C1DDEFE62B7010062072500620729006207510062075500620759006207440062072D00012A622F610022170100E22F0300602AC20DE2370500E2170700C231C600412AE531B9050052A505035260528A0D4016DEFE250654555555622FA91D40063F0E8207210806126317010006A60000A26D4016DEFE2217751D60129A5580FFD40A6152DA4D4016DEFE2217A91D250654555555E511DA153417010065128A4520368000BFFFD2F96357010060528A3D01129F
:FFC22E0063170100402EDEFE6517791D8535250655555555E511C20D250657555555E511EA254016DEFE22179D1D60128A253417010065129B1DC112E2066CC20000E505D505A50D950D8515D50D34370100BFFFACFC6152CA0D01420338143080FF4808E5050612A5050A1263170100231701006112EA054016DEFE62A7751DF505740711004016DEFE6207791D231701007417150042063F08800721084016DEFE22179D1D611206A0B2050152D5454016DEFEE237911DBFFF9EF96052B2050052B53D4016DEFEE217911D020680FFFA15BFFF4EF66052B2050D12A5150032BFFFE8F822064C1DDEFE0E2A622F4D0001527457010009A262A72D00D5050E1274170124
:FFC32D0000005222064C1DDEFE620751006207550062075900250655555555622F5D00221725006012820D0E2A622F15004016DEFE6207711D40063F08800721004016DEFE2217A11D6112CA15BFFFECFB61528A15BFFF04FC22064C1DDEFE62075500250656555555622F5D00005240063F00015240063F00800721004016DEFE2217751D6012B2050152C57D4016DEFE2217A51D61129AFD22064C1DDEFE62075900221749006112CA1520368000BFFF1AF86052FA1D22064C1DDEFE052A622F2D00250655555555622F5D000152D5356012EA2522064C1DDEFE222F150022171D00E229D91D20368000BFFFDEF76052820D4016DEFE2217711D62571500C51D220642
:FFC42C004C1DDEFE062A622F2D00015262574900250655555555622F5D00E50D22064C1DDEFE250655555555622F5D00221749006617010000524016DEFE2217A91D250657555555E511D21D22064C1DDEFE222F2500622F290001326537150062072500222F1500622F0500222F1900622F0900222F1D00622F0D00222F2100622F110040063F008007210E06A0BFFF34FB0AAE0000A21DBFFFEAF400B21630BFFF2AF71630BFFFB2F76152AA0D22064C1DDEFE092A622F2D0062AF4D0001AA74AF0100005240063F0E015240063F0E8007210C06A0BFFFB0F774570100BFFFA4F44016DEFE2217A11D6112BA0D22064C1DDEFE62075500250656555555622F5D0040F6
:FFC52B0016DEFE2217A91D250656555555E511EA3D34170100402EDEFE6517951D00AA1530BFFFA6F61530BFFF2EF760529A1502127417010034064C1DDEFE341729007417250022065755555574175D00950D0112741701004016DEFE082A622F791D22064C1DDEFE222F0500622F1500222F0900622F1900222F0D00622F1D00222F1100622F2100005240063F0C015240063F0C8207210C4016DEFE2217751D22170100262F0100602A06A0C205015242063F0C25064C1DDEFE25370500252F0D00E531D9F535064C1DDEFE6112DA1D044263470100354F1100353F050035370900BFFF4CF77457010035170500232F0100C5117517050035170900232F0100C5113A
:FFC62A0075170900E5356012AA1535370500354F1100263E3F0020462000BFFFD0F7745701003517050022164000952535170500352F0D00412AA229632F0100353F05000330BFFFF0F135370500354F1100233F0100C6395F3A20467100BFFF90F77457010035170500232F0100C51175170500341701006112BA050052A59D00AA1530BFFF48F51530BFFFD0F56152EAF522064C1DDEFE092A622F2D00342F0100622F4D0001127417010085ED8007210C4016DEFE2217791D601206A0B2056712BA050152C50D4016DEFEE237911DBFFF8AF5745701006052C205005240063F0C4016DEFE2217791D5F126812BBEDC212E2061EC70000800724008007580080079A3E
:FFC72900008007DA008007360180073601BF07B4FF8007520180073E014016DEFE2237751D261701006512FA0DBFFFF8F10AA80032BFFF98F460AABA454016DEFE022A622F791DE5450042143880FF600340063F0C0032BFFF6EF2BFFF6EF47457010060529A1520368000BFFF62F47457010060529A0D0112741701004016DEFE032A622F791D34A7010061A282AD0132BFFF34F2005240063F0CBFFF8AF10AA8BFFFE4F10032BFFF26F40132BFFF18F260AAFA054016DEFE042A622F791DA50D22064C1DDEFE092A622F2D000D2A622F4D00011274170100005240063F0CBFFFE6F3745701006152EA1D22064C1DDEFE22363400BFFF04F2745701006052BA152206E2
:FFC828004C1DDEFE222F0100E52F0300221735008612E229CB05BFFF18F2A5050352745701006052FA07B7FE40A6DEFE2206555555557417A91D005240063F0CBFFF54F74016DEFE072A622F791D01527457010040063F0C22064C1DDEFE62072D0022174D0085BD02127417010022064C1DDEFE222F2900622F2500250657555555622F5D00BF0758FE8207210801126317010080FF16046152DA554016DEFE2217751D6012DA0D4016DEFE2217A51D6112F2054016DEFE22179D1D6112BA450330BFFFDEF96152BA05BFFF78FA6152CA050330BFFFAAFA6152CA050330BFFFD2FD6152BA05BFFFC2F66152CA050330BFFF9CFB6152CA050330BFFFDAFB6152CA05037E
:FFC9270030BFFF94FC6152FA1500A21430BFFFBEF21430BFFF46F36152EA0D22064C1DDEFE092A622F2D00232F0100622F4D00011263170100233701006132B20580FF180342063F082A0618CD00007F008007210080FF56036152CA254016DEFE2217751D6012E21D4016DEFE2217711D60128A1D4016DEFE2217A91D250655555555E511FA0D4016DEFE22179D1D60129A0D4016DEFE012A622FA11D005240063F00065240063F008007210080FFFE0261528A1D4016DEFE2217A91D250657555555E511FA0D4016DEFE22179D1D60129A0D4016DEFE012A622FA51D005240063F00065240063F00800721004016DEFE2217A91D6012D20D4016DEFE2217AD1D651284
:FFCA2600F2056612D205BFFFF6F540063F00065240063F0080072100BFFF8EF640063F008007210080FF84026152B2050652D53D4016DEFE2217A91D250654555555E511E2F54016DEFE22179D1D60128AF54016DEFE2217A91D250657555555E511CA0D4016DEFE2217751D6012EA0520368000BFFF5CF1B5154016DEFE2217A91D250655555555E511B2050052850D4016DEFE2217751D60129AFD06526052EA054016DEFE012A622F9D1D40063F008507E1FF2617090063170500E6A70D0026AF010026B7110026BF0500012A672F010060AA08C007C806D0DA0DC612631705002016400063170100C6A220DE200001BA951DC2A262AABA0D63A7010003300238BF07
:FFCB2500FF38ED20DE710001BAC50D61AAFA0504DA63DF010020DEE800C50563A7010000DA2337050023E70100C6E11CEEFFFF61C2B20501F2D50D60BABA050452E505044A14381640BFFF0EED7957010000F2391701006112EA7D63AAAA1DD70603009A1514408242233604001738BFFFE0F27957010023A705007AA709001E504506FFFF04A279A701001E504506FFFF61C28A1D20368000BFFF38F07957010060528A1520368000BFFFB6F0795701006052BA0501F2E5054016DEFE012A622F791D61F28A4D60AAB20562AABA0D233705001D381B401648BFFF1AF279570100A51523470100233F050017301648BFFF46F17957010023170100C2B94016DEFE62BFB8
:F2CC2400551D391701006112CA1539064C1DDEFE071279172D0079E7050023170500D4115F1279170D0079B711001E504506FFFF00F21E30BFFF9AEF3917010025064C1DDEFE65174D00091265172D000112791701001E504506FFFF4016DEFE222F751D653715002217751D221701006212CA0D6932AA0D22064C1DDEFE222F310022172900622F090022064C1DDEFE222F2900650711006207290062072D006D32DA054016DEFE6207A91D7F004016DEFE2217A91D2506ACAAAAAAC229622AB10D250656555555E511E205250657555555E511FA054016DEFE2217AD1D6112B20500527F0001527F0080072100BFFF3AF440063F008A
:13CD1800444838353054303178787878787856323133006E
:00000001FF
