:020000021000EC
:FF800000E00204150000000000000000000000001F00E002EE1400000000000000000000E002E014000000000000000000000000E002D014000000000000000000000000E002C214000000000000000000000000E002B214000000000000000000000000E002A0140000000000000000000000001F00E002901400000000000000000000E0028014000000000000000000000000E0027014000000000000000000000000E0026014000000000000000000000000E0025014000000000000000000000000E0024014000000000000000000000000E00230140000000000000000000000001F00E0021E14000000000000000000001F00E0020E1400000000000000000022
:F980FF00001F00E0020014000000000000000000001F00E002F013000000000000000000001F00E002E013000000000000000000001F00E002D013000000000000000000001F00E002C013000000000000000000001F00E002B013000000000000000000001F00E002A013000000000000000000001F00E0029013000000000000000000001F00E0028013000000000000000000001F00E0027013000000000000000000001F00E0026013000000000000000000001F00E0025013000000000000000000001F00E0024013000000000000000000001F00E0023013000000000000000000001F00E0022013000000000000000000001F00E00210130000C7
:FF840000CAAB02006AAC02000AAD0200AAAD02004AAE0200EAAE02008AAF02002AB00200CAB002006AB102000AB20200AAB202004AB30200EAB302008AB402002AB50200CAB502006AB602009AA90200AAB702004AB80200EAB802008AB90200A2AF0100CABA0200A4AF01000ABC0200AABC02004ABD0200EABD02008ABE02002ABF0200CABF02006AC002000AC10200AAC102004AC20200EAC202008AC302002AC40200CAC402006AC502000AC60200AAC602004AC70200EAC702008AC802002AC90200CAC902006ACA02000ACB0200AACB02004ACC0200EACC02008ACD02002ACE020044A902006ACF02000AD00200AAD002004AD10200EAD102008AD202002AD3024D
:FF84FF0000CAD302006AD402000AD50200AAD502004AD60200EAD602008AD702002AD80200CAD802006AD902000ADA0200AADA02004ADB0200EADB02008ADC02002ADD0200CADD02006ADE02000ADF0200AADF020098960100EAE002008AE102002AE20200CAE202006AE302000AE40200AAE402004AE50200EAE502008AE602002AE70200CAE702006AE802000AE90200AAE902004AEA0200EAEA02008AEB02002AEC0200CAEC02006AED02000AEE0200AAEE02004AEF0200EAEF02008AF002002AF10200CAF102006AF2020002B20100AAF302004AF40200EAF402008AF502002AF60200CAF602006AF702000AF80200AAF802004AF90200EAF902008AFA02002AFB07
:FF85FE000200CAFB02006AFC02000AFD0200AAFD02004AFE0200EAFE02008AFF02002A000300CA0003006A0103000A020300AA0203004A030300EA0303008A0403002A050300CA0503006A0603000A070300AA0703004A080300EA0803008A0903002A0A0300CA0A03006A0B03000A0C0300AA0C03004A0D0300EA0D03008A0E03002A0F0300CA0F03006A1003000A110300AA1103004A120300EA1203008A1303002A140300CA1403006A1503000A160300AA1603004A170300EA1703008A1803002A190300CA1903006A1A03000A1B0300AA1B03004A1C0300EA1C03008A1D03002A1E0300CA1E03006A1F03000A200300AA2003004A210300EA2103008A2203002AA9
:FF86FD00230300CA2303006A2403000A250300AA2503004A260300EA2603008A2703002A280300CA2803006A2903000A2A0300AA2A03004A2B0300EA2B03008A2C03002A2D0300CA2D03006A2E03000A2F0300AA2F03004A300300EA3003008A3103002A320300CA3203006A33030060B40100AA3403004A350300EA3503008A3603002A370300CA3703006A3803000A390300AA3903004A3A0300EA3A03008A3B03002A3C0300CA3C03006A3D03000A3E0300AA3E03004A3F0300EA3F03008A4003002A410300CA4103006A4203000A430300AA4303004A440300EA4403008A4503002A460300CA4603006A4703000A480300AA4803004A490300EA4903008A4A0300FC
:FF87FC002A4B0300CA4B03006A4C03000A4D0300AA4D03004A4E0300EA4E03008A4F03002A500300CA5003006A5103000A520300AA5203004A530300EA5303008A5403002A550300CA5503006A5603000A570300AA5703004A580300EA5803008A5903002A5A0300CA5A03006A5B03000A5C0300AA5C03004A5D0300EA5D03008A5E03002A5F0300CA5F03006A6003000A610300AA6103004A620300EA6203008A6303002A640300CA6403006A6503000A660300AA6603004A670300EA6703008A6803002A690300CA6903006A6A03000A6B0300AA6B03004A6C0300EA6C03008A6D03002A6E0300CA6E03006A6F03000A700300AA7003004A710300EA7103008A7203A6
:9D88FB00002A730300CA7303006A7403000A750300AA7503004A760300EA7603008A7703002A780300CA7803006A7903000A7A0300AA7A03004A7B0300EA7B03008A7C03002A7D0300CA7D03006A7E03000A7F0300AA7F03004A800300EA8003008A8103002A820300CA8203006A8303000A840300AA8403004A850300EA8503008A8603002A870300CA8703006A8803000A890300AA8903004A8A0300EA8A03009D
:409000004153575F53444B5F5633000000000000000000000000000000000000000000004F5242495441475249544543480000000000000000000000000000000000000055
:FF95000085058505000800100018002000280030003800400048005000580060006800700078008000880090009800A000A800B000B800C000C800D000D800E000E800F000F8E0072000E087200080FF140026060084010080FF3400E002480000001F700032003A80FF16004036DEFE2706FF7FDFFE80FF08000EF87F00C505660701004432E639CBFD7F00E62720082A0600EAFEFFCA370000CA370200CA3704007F00230658C0DEFE2406000000003E06000000002606989C03002706A49C03002806A49C03002906AC9C0300FF0208F60100E6574008D5529E52E20DE5574000405E01000B51EA2F2000405E0200EB372000E03F2000E5574000EA1F20003F06102C
:FF95FF009601002A064A9C0100EA172000E0074A018505800721004016D7FF012A422F1800C03FA8B0C0A7A9B0C037A8B0E037A9B0C636CF006037A8B0422F2000802E5FEA622F010082172100402EDFFE651771AB1F0080FF440040063F00C0A7A9B0C0BFA8B0011280074D1100AE7F00011280078D1100AEC03FA8B0C0A7A9B04016DFFEA007852900AE622F71AB1F007F0080070F3000AE7F007F00231EB4FF630F090063170D00632F1100A3074F310000A307CF410000A3074F520000A307CF620000A3074F730000A307CF830000A3074F940000E7474000E64F4000A3070F4000008007210080FF540040062000A30709400000E83F2000E9372000A3074994AA
:FF96FE000000A307C9830000A30749730000A307C9620000A30749520000A307C9410000A30749310000232F110023170D00230F0900231E4C00E00748014016DFFE222F459F412A622F459F2217459F052AE51782126012EA054016DFFE012A422FB5AA7F00800721002206105EF8FF62070DB3072A622FF9B2202EC044622FFDB2022A622F09B325060040F8FF2036A500653701C0012A622FF1B21E326237F1B2622FF1B2A50500002206105EF8FF2217F5B2C206040082FD2206105EF8FF022A622F09B225060040F8FF2036A50065370140012A622FF1481E326237F148622FF148A50500002206105EF8FF2217F948C21603006112FAF52206105EF8FF25063B39
:FF97FD00030100622FF93125060040F8FF2036A50065370140012A622FF1311E326237F131622FF131A50500002206105EF8FF2217F531C206040082FD22060040F8FF202EA500622F01402206105EF8FF032A622F01421C3262370142622F0142A50500002206105EF8FF22170942C21603006312FAF522060040F8FF202EA500622F01402206105EF8FF032A622FF1411C326237F141622FF141A50500002206105EF8FF2217F94163129AFD22060040F8FF202EA500622F01402206105EF8FF202E1100622FF1422036EEFF6237F142622FF142A50500002206105EF8FF2217F9420206EFFF8AFD22060040F8FF202EA500622F01C02206105EF8FF012A622FF1C1AC
:FF98FC001E326237F1C1622FF1C1A50500002206105EF8FF2217F9C161129AFD2206105EF8FF022A622F09C225060040F8FF2036A500653701C0012A622FF1C21E326237F1C2622FF1C2A50500002206105EF8FF2217F9C261129AFD22060040F8FF202EA500622F01C02206105EF8FF012A622FF1C31E326237F1C3622FF1C3A50500002206105EF8FF2217F9C361129AFD2206105EF8FF022A622F09C426060040F8FF203EA500663F01C0622FF1C41D326237F1C4622FF1C4A50500002206105EF8FF2217F9C462129AFD22060040F8FF202EA500622F01C02206105EF8FF032A622FF1C51C326237F1C5622FF1C5A50500002206105EF8FF2217F9C563129AFD2226
:FF99FB0006105EF8FF022A622F09C625060040F8FF2036A500653701C0012A622FF1C61E326237F1C6622FF1C6A50500002206105EF8FF2217F9C661129AFD22060040F8FF202EA500622F01C02206105EF8FF012A622FF1C71E326237F1C7622FF1C7A50500002206105EF8FF2217F9C761129AFD2206105EF8FF022A622F09C825060040F8FF2036A50065370140012A622FF1451E326237F145622FF145A50500002206105EF8FF2217F94561129AFD22060040F8FF202EA500622F01402206105EF8FF012A622FF1491E326237F149622FF149A50500002206105EF8FF2217F94961129AFD2206105EF8FF022A622F094A25060040F8FF2036A50065370140012A27
:FF9AFA00622FF1431E326237F143622FF143A50500002206105EF8FF2217F94361129AFD22060040F8FF202EA500622F01402206105EF8FF012A622FF1441E326237F144622FF144A50500002206105EF8FF2217F94461129AFD22060040F8FF202EA500622F01402206105EF8FF032A622FF14A1C326237F14A622FF14AA50500002206105EF8FF2217F94A63129AFD2206105EF8FF022A622F094B25060040F8FF2036A500653701406207F14B1F2A622FF14B6207F14BA50500002206105EF8FF2217F94B60129AFD22060040F8FF202EA500622F01402206105EF8FF012A622FF14C1E326237F14C622FF14CA50500002206105EF8FF2217F94C61129AFD22060002
:FF9BF90040F8FF202EA500622F01402206105EF8FF012A622FF14D1E326237F14D622FF14DA50500002206105EF8FF2217F94D61129AFD2206105EF8FF2217F141402EDFFE651771AB1F0080FF080040063F007F008007210081FF4A0181FF6A0180FFB6EE81FF8201E5FD80072100E007600180FF0C00E087600140063F008007210081FFD40DBFFFE4FABFFF92F981FF760A80FF0A0040063F007F004016C1FFE22F2940C52EFEFF622F2840E22F2941C52EFEFF622F2841222F2803852E0100622F2803E22F2904C52EFEFF622F2804E22F2942C52EFEFF622F2842E22F2905C52EFEFF622F2805222F2806852E0100622F2806222F280A852E0100622F280A222FC0
:FF9CF8002804852E0100622F2804E22F2940C52EFDFF622F2840E22F2941C52EFDFF622F2841222F2803852E0200622F2803E22F2904C52EFDFF622F2804E22F2942C52EFDFF622F2842222F2805852E0200622F2805E22F2906C52EFDFF622F2806E22F290AC52EFDFF622F280A222F2804852E0200622F2804E22F2903C52EFDFF622F2803E22F2940C52EBFFF622F2840E22F2941C52EBFFF622F2841222F2803852E4000622F2803E22F2904C52EBFFF622F2804E22F2942C52EBFFF622F2842E22F2905C52EBFFF622F2805222F2806852E4000622F2806222F280A852E4000622F280A222F2804852E4000622F2804E22F2940C52E7FFF622F2840E22F2941C56F
:FF9DF7002E7FFF622F2841222F2803852E8000622F2803E22F2904C52E7FFF622F2804E22F2942C52E7FFF622F2842222F2805852E8000622F2805222F2806852E8000622F2806E22F290AC52E7FFF622F280A222F2804852E8000622F2804E22F2903C52E7FFF622F2803E22F0140C52EDFFF622F0040E22F0141C52EDFFF622F0041222F0003852E2000622F0003E22F0104C52EDFFF622F0004E22F0142C52EDFFF622F0042E22F0105C52EDFFF622F0005222F0006852E2000622F0006222F000A852E2000622F000A222F0004852E2000622F0004E22F0140C52EEFFF622F0040E22F0141C52EEFFF622F0041222F0003852E1000622F0003E22F0104C52EEFFF4F
:FF9EF600622F0004E22F0105C52EEFFF622F0005E22F0106C52EEFFF622F0006E22F010AC52EEFFF622F000A222F0004852E1000622F0004E22F0103C52EEFFF622F00037F008C07210C0F1280070D11308B2606B08D030082FFA43D6052EA0773010512631701006307090063070C0063071100033082FF5A32B50582FF2439231715006112B2FD231715006012D205000000524C063F0C22060881DEFE822F0100A2370100C8320531822F0300A2170300C8120511D0120611402E0100E511E907110102288E2A260674ABDEFE462F01000228862A462F000025060881DEFE85370500052F0500C82A0629C2363F00C531C6008632C500C511C2063F00A20541322275
:FF9FF5000674ABDEFE423704000628882A422F0500822F0100023F0100C83A0539C639423F0200883A423F03000628822A02A70100823F0100422F0700C63242370600C8A207A1C6A2822F0300A2170300C8120511020600FCCF3D00AAC545021263170100D416FFFF63170900011263170C0063171100033082FF5831B50582FF2238231715006112B2FD231715006012BA25011263170100D42EFFFF632F090063170C0025060881DEFE462A632F050063171100033082FF1A31B50582FFE437231715006112B2FD231715006012920D00524C063F0C231715006012A205000044AA44A2220674ABDEFE822F070002170700C8120511C200D52EFFFFE22981B5015265
:FFA0F4004016DFFE42577CAB4C063F0C8C0721EF220674ABDEFE822F010002170100C8120511C20006A086A2E2A106A808B007B8A17DD5163F00D71186121528D729C5063F00E017B4C3C5063F00F417B413250674ABDEFE853F0300A52F0300C82A0729C6CEC0FFE511FF5DD816FFFF6212BF5D401604002247A98D1838C63AC700193080FFB80018D0C4D20012A515C22EFF001630C531D53E3F00C729403E0400273FA98DC539062F0000472F00004112C22EFF00F729C6ED6307010063A7090063C70C00011263171100033082FF0430B50582FFCE36231715006112B2FD2317150060129A2501126317010063CF090063D70C00402E0400252FA98D632F05006331
:FFA1F300171100033082FFCA2FB50582FF9436231715006112B2FD231715006012CA0501524C063FEF00524C063FEFC632C7314016DFFE623781AB7F008C07210E4016DFFE82177DAB601206A008A807B0BA050052F56D220674ABDEFE822F010002170100C8120511C2000628862AE22991F5220674ABDEFE822F0300A2170300C8120511C6120628D629E229BFE5D4160300D611C62E030086291438D639C7060300F205D631C6360300043AA639C711C236FFFF060680FFDFCD033263370100632F0900C200821263170C00401604002217AD8D63170500011263171100033082FFF22EB50582FFBC35231715006112B2FD231715006012BA050012E5150000005253
:FFA2F2004C063F0EC22EFF001530C531D43E0300C729403E0400273FAD8DC539072F0000462F00004112C22EFF00F629C6ED01524C063F0EC632C7314016DFFE623781AB7F008C07210F001207A006A8B50D402E0400252FA98DC236FFFFC629450700004112C22EFFFF0506C0FFA6F515B0A545D616FFFF020600FCBF4563070100D6BEFFFF63BF0900011263170C0063171100033082FF3E2EC6BAB50582FF0635231715006112B2FD2317150060129A2D011263170100D72EC0FF632F0900202E1000632F0C00402E0400252FA98D632F050063171100033082FFFA2DB50582FFC434231715006112B2FD2317150060128A0D41B21510D411D62EFFFFE229A6BD0061
:FFA3F100524C063F0F9E0721002606B08D030082FFEE386052BA050012E50D85050228C22A26061481DEFEC531250644332211662F01004112202E0005E51191F505126317250063072D0063073000630735002336240082FF7E2DB50582FF4834231739006112B2FD231739006012A2058505021263172500041263172D00011263173000631735002336240082FF482DB50582FF1234231739006112B2FD231739006012B20D231739006912DA15401620FF22170400631702006307250063072D00011263173000631735002336240082FF042DC505850582FFCC33231739006112B2FD231739006012A205850501126317250063072D00082A632F3000250614818B
:FFA4F000DEFE632F2900631735002336240082FFC42CB50582FF8E33231739006112B2FD231739006012A205850503126317250063072D0008126317300023160400631729000112631735002336240082FF862CB50582FF5033231739006112B2FD231739006012A20585050312631725002016200063172D00011263173000232E0400632F2900631735002336240082FF462CB50582FF1033231739006112B2FD231739006B12E205231739006C12A20585055E063F00E0FF2000E53F4000260684ABDEFE663F01002036A0000731E62F20007F00E0FF2000260684ABDEFE263F0100E72F20007F007F007F000012A545C22EFF00E92F40022806B88D0300C54188C2
:FFA5EF002F0100A84F0100C84A0549882F0300A8470300C8420541D04209416042922DC22EFF00E92F40022806B88D0300C541882F0900E531DA1D8200E91740022506B88D0300C22985170100A5370100C832023185170300A52F0300C82A0229D02A0629E5170100E7178000C25601007F004112C22EFF00662AC6BD00527F006142BB750012D56DC22EFF00E92F40022906B88D0300C549892F0500A9570500C8520551892F0700A94F0700C84A0549D04A0A49604AC255C22EFF00E92F40022906B88D0300C549892F0900E5318A4DC22EFF00E92F40022606B88D0300C531862F0500A64F0500C84A0549862F0700A6370700C8320531D0320931012AE72FC00019
:FFA6EE008200E91740022706B88D0300C239871705006142A74705009A15C842024187170700A73F0700C83A0239D03A0839271700000229662F00007F00C842024187170700A73F0700C83A0239D03A08392717000025384711661700007F004112C22EFF00662A96957F000012C545C22EFF00E92F40022806B88D0300C541882F0500A84F0500C84A0549882F0700A8470700C8420541D04209416042B22DC22EFF00E92F40022806B88D0300C541882F0900E531FA1DC22EFF00E92F40022806B88D0300C541882F0500A84F0500C84A0549882F0700A8470700C8420541D0420941282F0000014AE74FC0002549684F00004112C22EFF00662AA6BD7F00800721B9
:FFA7ED008F06A007A808B080FF540F0ABE0000CA0501C28007020637C78D00D8060800CAFD37C7890098C60100191242C177C7890037C78D00D8C6070061C2BAFD20C6000177C7990037C785002016EFFF42C177C7850077079D00001202280230023802C08007B603C746FF00C442D741284F0500894E010019524A49684F0500C746FF00C442D74128470500C84607006142FAF5C746FF00C342D541884701006142EA077703C746FF000848C34AD549894F0300E941EA076303C746FF00C342D641284701006342C60DC746FF00C342D641284705006542C60507C280070201C746FF00C342D641284701006342DB15C142E806E2A80100C505F505E50D950D2906F3
:FFA8EC0027800401C50D290613800401850D290604800401C505290609800401C746FF00C442D741684F0100C746FF00C342D541A84701006142BA55C746FF00C342D641284705006642AB45C142E8063CA90100F505E50DB53DC515B51DA525852DC746FF00C542D741290627001401E535C746FF00C542D741290613001401E52DC746FF00C542D741290604001401E525C746FF00C542D741290601002501E51DC746FF00C542D741404E2501F515C746FF00C542D741284F05072A06000308000A49684F0507404E1401850DC746FF00C542D741290609001401684F0107C746FF00C342D541A8470300C24EFFFFC8490906FFFEC60503C280072002C746FF00C3B7
:FFA9EB0042D541A8470300C24EFFFFC8491440C3422A06F08D0300C8518A470100C742E849C70504C28007F201C746FF00C342D541A84703006042CA0505C28007DC01C746FF00C342D541284705006042E2F5C746FF006042E20D5F426042B21561428A25C746FF00C342D541A84F0300C84A8515C746FF00C342D541084F0300D84A850DC746FF00C342D541A84F0300D04A37579D00095177579D00A8470300C8110042064880075801CA2EFFFFC42AD729650701106507051065070D10C75EFF00C35AD5592B5F0500C866FFFFF4674002CC592B5F0D00605A252E0010255F0100CA2D2C06FFFFFF7F4C59655F0100C72EFF00C32AD529255F0500C866FFFFF46712
:FFAAEA004002CC592B5F0100CB5EFF07CA6EFFFFC46AD7692D7701100B716D770110252F0500CC29252F0500C52EFF072D5F051005596D5F0510B52D406600800C59655F0100C72EFF00C32AD529255F0500C866FFFFF4674002CC592B5F01002D06FFFFFF1F4D59CA76FFFFC472D7712E7F01100B796E7F0110252F0500CC29252F05004D292E5F051005596E5F0510CA2EFFFFC42AD729255F0510406600800C59655F0510C75EFF000B60E36740024862016AEC6FC000656F0D10C35AD559AB5F03000A2E01004142C866FFFFEB61820D0550CA2EFFFF6F2AF307D3FE0A28CA005052BA05414A002AC756FF00C352D551AA570300C85EFFFFEA59F20D4132C656FFB7
:FFABE900FF0A06C0FF9E0D37579900C95EFFFF0B5177579900D5DD0930413A1440C3422906F08D0300C84989470100C74EFF00E849F10739FC37179900202EFFFE4511771799000012C50DC22EFF00EC2F4002D7292606701060006537190141121428C32A2606F08D0300C531862F0100C236FF00E531A1ED0012D50DC22EFF00E32F4002C22AD72926067011600065371D0141121428C32A2606F08D0300C531862F0100C236FF00E53191ED80FF2C0A37178900182A45117717890037178D00C2060700CAFD0012D50DC22EFF00EC2F4002D72925371901863603006537190141121428C32A2606F08D0300C531862F0100C236FF00E53191ED0012952DC22EFF00D1
:FFACE800C32AD529852F0100612A8A25C22EFF000530C332D53186370300E629FA15C22EFF00C42AD72925370500863602001A3A473165370500C22EFF00C42AD729252F0500C52E0700622AFAF541121428C32A2606F08D0300C531862F0100C236FF00E531D1CD0012A5054112C22EFFFF050601FFB6FD0012B515C22EFF00E32F4002C22AD729013265371D01002AA505412AC536FFFF060601FFB6FD41121428C32A2606F08D0300C531862F0100C236FF00E531B1E50012E525C22EFF00C32AD529852F0100612ADA1DC22EFF000530C332D53186370300E629CA15C22EFF00C42AD72925370500183A473165370500C22EFF00C42AD729252F0500C50607008AAD
:FFADE700FD41121428C32A2606F08D0300C531862F0100C236FF00E53181D5D856FF0040063F8F800721EF06A007A808B009B880FF32091410C3122506F08D0300C229A5C70100F5C041C223172900232F250023CF21000AD60000BA050252B50DC3A22606F08D0300D43186370100E6A9D10503528A0040063FEF60CADA0569BAB105045285FD61CADA0520364000E6B99BFD1830C232C636FC03DA3126377901C6060200B2050152E5E51830C732C636807FDA3126360064612A9A0D402E008005112506FFFFFF9F4511B505C216FF0766170100173080FF8E001810C712C216807FDA11DC52625705642216086461CA8A0D222F0100852E0600622F0100B5056207AE
:FFAEE60001001810C712C216807FDA1122160C64002AF505C536FF00C23146070000412AC536FF00203E4000E731D1F5002AB50DC536FF000238C639D6310637000047370000412AC536FF00F731B1F5C2C2D816FC03C2D12016FF007A17D901005240063FEF6832832D6C32BB050932C52520161000E231BB050A32E51D20161400E231BB050B32851D20161800E231BB050C32A51520162000E231BB050D32C50D20163000E231BB050E32E50520164000E231CB050F3206507F0008527F007F00231EB4FF630F090063170D00632F1100A3074F310000A307CF410000A3074F520000A307CF620000A3074F730000A307CF830000A3074F940000E7474000E64F402C
:FFAFE50000A3070F4000008607210F00A2143080FF54070AA814B014B88007A2019700D416FF00C2B91710C212C216FC03D51122177901C20608001710E2075701C212C216FC03D511222F790117324629622F790180072601C712C216807FD511222F01644036008066292216006422170100F2052506FFFFFF1F4511012AC505C216FF07002A1730C732C636807FD53126370164403E004067319A0D17B0C7B2D6B6807FD5B136B705649CB21730C732C636807FD53126370964C6060400BA050032B525D636FF0057326632DB1DC132E606B8B00100F505E505850DA50DC50DE50D851520B61000F50D20B61400C50D20B61800950D20B62000E50520B63000B50587
:FFB0E40020B6400001321738C73AC73E807FD539273E0C640042D50DC84EFF002A0688ABDEFEC951C749094F00004A4F00004142C84EFF00D656FF00EA49F1ED1738C23AC73EFC03D5392046FF006747D901403EDFFE275715956052821563170900632F050063370100D64EFF00280688ABDEFE00320638EAC760F91710C212C216FC03D51122177901C20601001710F207CBFEC212C216FC03D51122177901C2061000D20D1710C212C216FC03D511222F79012036EFFF4629622F790141A240160400A217F18DD42EFF00E229F10755FE4606200FA30709400000E83F2000E9372000A30749940000A307C9830000A30749730000A307C9620000A30749520000A328
:FFB1E30007C9410000A30749310000232F110023170D00230F0900231E4C00E0074801231EB4FF630F090063170D00632F1100A3074F310000A307CF410000A3074F520000A307CF620000A3074F730000A307CF830000A3074F940000E7474000E64F4000A3070F4000008607210F00A2143080FFF60403AA0AB014B88007A2019500D416FF00C2A91510C212C216FC03D61122177901C20608001510E2075701C212C216FC03D611222F790117324629622F790180072601C712C216807FD611222F01644036008066292216006422170100F2052506FFFFFF1F4511012AC505C216FF07002A1530C732C636807FD63126370164403E004067319A0D15B8C7BAD7BE37
:FFB2E200807FD6B937BF05649CBA1530C732C636807FD63126370964C6060400BA050032B525D736FF0057326632DB1DC132E60616B30100F505E505850DA50DC50DE50D851520BE1000F50D20BE1400C50D20BE1800950D20BE2000E50520BE3000B50520BE400001321538C73AC73E807FD639273E0C640042D50DC84EFF002A06C8ABDEFEC951C749094F00004A4F00004142C84EFF00D756FF00EA49F1ED1538C23AC73EFC03D6392046FF006747D901403EDFFE275715956052821563170900632F050063370100D74EFF002806C8ABDEFE013A0032EAC760F91510C212C216FC03D61122177901C20601001510F207CBFEC212C216FC03D61122177901C20610ED
:FFB3E10000D20D1510C212C216FC03D611222F79012036EFFF4629622F790141A240160400A217F18DD42EFF00E229F10755FE4606200FA30709400000E83F2000E9372000A30749940000A307C9830000A30749730000A307C9620000A30749520000A307C9410000A30749310000232F110023170D00230F0900231E4C00E0074801231EB4FF630F090063170D00632F1100A3074F310000A307CF410000A3074F520000A307CF620000A3074F730000A307CF830000A3074F940000E7474000E64F4000A3070F4000008607210F00A2143080FF980206AA0AB014B88007A2019500D416FF00C2A91510C212C216FC03D61122177901C20608001510E2075701C2122A
:FFB4E000C216FC03D611222F790117324629622F790180072601C712C216807FD611222F01644036008066292216006422170100F2052506FFFFFF1F4511012AC505C216FF07002A1530C732C636807FD63126370164403E004067319A0D15B8C7BAD7BE807FD6B937BF05649CBA1530C732C636807FD63126370964C6060400BA050032B525D736FF0057326632DB1DC132E60674B50100F505E505850DA50DC50DE50D851520BE1000F50D20BE1400C50D20BE1800950D20BE2000E50520BE3000B50520BE400001321538C73AC73E807FD639273E0C640042D50DC84EFF002A0608ACDEFEC951C749094F00004A4F00004142C84EFF00D756FF00EA49F1ED1538C241
:FFB5DF003AC73EFC03D6392046FF006747D901403EDFFE275715956052821563170900632F050063370100D74EFF00280608ACDEFE023A0032EAC760F91510C212C216FC03D61122177901C20601001510F207CBFEC212C216FC03D61122177901C2061000D20D1510C212C216FC03D611222F79012036EFFF4629622F790141A240160400A217F18DD42EFF00E229F10755FE4606200FA30709400000E83F2000E9372000A30749940000A307C9830000A30749730000A307C9620000A30749520000A307C9410000A30749310000232F110023170D00230F0900231E4C00E00748014016FFFFC23730EAC2BF30EAC2A731EAC23734EAC2BF34EAC2A735EAC23732EAF2
:FFB6DE00C2BF32EAC2A733EAC037E2B0C0BFE2B0C0A7E3B0C037E6B0C0BFE6B0C0A7E7B0C037E4B0C0BFE4B0C0A7E5B0C037B2B1C0BFB2B1C0A7B3B1C037B6B1C0BFB6B1C0A7B7B1C037B4B1C0BFB4B1C0A7B5B1C2372CEAC2BF2CEAC2A72DEAC2372EEAC2BF2EEAC2A72FEA7F0060324016D0FFE01714537F008A0721EF4307130043071200430711004307100043070F0043070E0043070D0043070C0043070C00001223A7390023AF350009B008B807C006C8C50DC22EFF0023360C00C531D829052F0000462F00004112C22EFF00682AA6F560CAD20D1916FFFF6012F2056112EA07670100D28007500100D2C56D00D29535DA16FF00F41740022506FC8D0300C264
:FFB7DD002925170100E2A1CA25DA16FF00F41740022506FC8D0300C229251711006012821DDA16FF00F41740022506FC8D0300C2292517110063A7090063AF050063B7010023460C00003206381748E2C760F941D2401604008217F98DDA2EFF00E22991CDA575DA16FF00F41740022506B08E0300C22925170100E2A1CA25DA16FF00F41740022506B08E0300C229251711006012821DDA16FF00F41740022506B08E0300C2292517110063A7090063AF050063B7010023460C00013A00321748E2C760F941D240160400A217F98DDA2EFF00E22991CD953DDA16FF00F41740022506148F0300C22925170100E2A1CA25DA16FF00F41740022506148F0300C229251729
:FFB8DC0011006012821DDA16FF00F41740022506148F0300C2292517110063A7090063AF050063B7010023460C00023A00321748E2C760F941D2401604008217FB8DDA2EFF00E22991CD63C70100153017381940144880FF36564A063FEF8007210080FF28004016DFFE25061CBA0100622F159528061895DEFE2706288F03000032BFFF90EE40063F0090072100430703002206F1FFFF00431705002016FFF14317040001124317060043070700021243170800233E03002336040080FF781FA317030063129B15C112E206A8B90100C50DB505E505F505430703000012850D0112C5050312A5050212431703008200402EDFFE6517219550063F008607210023171524
:FFB9DB0000232F1100085007406032820D5F326032820D6132BA15023AD50500320638B505013A003263170900632F0500634F01000A48BFFFFCF346063F00005246063F00840721002317150063170500231711006317010023170D000730083809400248BFFF18FD44063F00800721000012D51DC22EFF00E32F40022706408F0300C539872F0100E5318A158200E31740022506408F0300C229853F0300A5370100BFFF60EB40063F004112C22EFF00682A96E5005240063F008007210000120740D51DC22EFF00E32F40022706588F0300C539872F0100E5318A158200E31740022506588F0300C229853F0300A5370100BFFFA2EB40063F004112C22EFF00682A55
:FFBADA0096E540063F00800721000012D51DC22EFF00E32F40022706588F0300C539872F0100E5318A158200E31740022506588F0300C229853F0300A5370100BFFF40EC40063F004112C22EFF00682A96E540063F00800721000012D51DC22EFF00E32F40022706588F0300C539872F0100E5318A158200E31740022506588F0300C229853F0300A5370100BFFF78EA40063F004112C22EFF00682A96E5005240063F00E9374002220649ACDEFEC611825703007F00E9374002220691ACDEFEC611822F0300A2570300C85205517F00C6312206D9ACDEFEC611423F00007F000012C51DC22EFF00E92F4002260649ACDEFEC53146070800460707004607060046070540
:FFBBD9000046070400460702004607030046070100460700004112C22EFF00682AA6E50012C51DC22EFF00E92F4002260691ACDEFEC5314607070046070600460701004607000046070300460702004607050046070400460708004112C22EFF00682AA6E57F008007210C00A29515D4AEFF001530BFFFFAFDE9AF4002260649ACDEFED5314657080080FF480041A2D416FF006812D6ED80FF18EA00A2C515D4AEFF00153080FF36EAE9AF4002260691ACDEFED5314657020088524657030080FFDC0141A2D416FF006812A6ED40063F0C861709006112AA6DA6170500C812862F05000511A62F0700C82A863F07000729D02A0229602AEA0D032A462F0400460707001B
:FFBCD80046070600460705004607010046070000632AFA15A6170100C812862F010005110206CEFFE60D0112461704004607070046070600460705004617020080075201A6170500C812862F05000511A62F0700C82A863F07000729D02A0229632AAA0DA6170100C812862F010005110206CFFFA76DA6170500C812862F05000511A62F0700C82A863F07000729D02A0229622AEA070701011246170400460707004607060046070500C5756012EA75A6170500C812862F05000511A62F0700C82A863F07000729D02A0229612AEA0D022A462F04004607070046070600460705004607010046070000622ADA15A6170100C812862F010005110206CEFFC60D46070789
:FFBDD7000046070600460705004607040046070200F53DA6170500C812862F05000511A62F0700C82A863F07000729D02A0229622AFA15A6170100C812862F010005110206CFFFEF0D06170100C812862F010005114512461700008812461701007F00A6170500C812862F05000511A62F0700C82A863F07000729D02A0229632ADA0D4607070046070600460705004607040046070100460700007F008007210806A0B43F050094170500B4370300942F0300C83A0239C832053180FF7CE220166500E2518115011254170800540701005407000014170300942F030054170500542F0400941709006112CA25B4170100C812942F010005110206CFFF9F0D4512541746
:FFBED600000088125417010040063F085407080014170300942F030054170700542F060014170300942F030054170500542F040040063F088007210C00A2F51DD416FF00C2112506D9ACDEFEC22985170100A52F0100E5119215D436FF000610C2113506D9ACDEFEC2A9953F0100BFFF52FB151700005517010041A2D416FF006812F6DD40063F0C7F00800721006132DA05613ABA05043AE50D6132DA05603ABA05013A850D6032DA05613ABA05023AA505003A8700003280FF805240063F007F00800721006132DA05613ABA05043AE50D6132DA05603ABA05013A850D6032DA05613ABA05023AA505003A8700003280FF485240063F007F007F000012F50DC22EFF17
:FFBFD50000C22A0640C5412906708F0300C929252F0100682F01004112C22EFF00E729F1ED7F008E072100081243170C002206F0B0DEFE822F3D00A2373D00C8320531D032822F3B000531A22F0100C52EF800C5290629432F0D00A22F810082378300C8320531D032A22F7F000531822F4700C52EF800C5290629432F0E00822FC700A237C700C8320531D032822FC5000531A22F8B00C52EF800C5290629432F0F00A22F0B0182370D01C8320531D032A22F09010531822FD100C52EF800C5290629432F1000822F5101A2375101C8320531D032822F4F010531A22F1501C52EF800C5290629432F1100A22F950182379701C8320531D032A22F93010531822F5B01BC
:FFC0D400C52EF800C5290629432F1200822FDB01A237DB01C8320531D032822FD9010531A22F9F01C52EF800C5290629432F1300A22F1F0282372102C8320531D032A22F1D0205318217E501C216F800C21106114317140063071900401604002217899463170900231719006317050023171500631701000632234F110023470D00233F090080FF3C504E063F008E072100081243170C002206F0B0DEFE822F6502A2376502C8320531D032822F63020531A22F2902C52EF800C5290629432F0D00A22FA9028237AB02C8320531D032A22FA702053182176F02C216F800C211061143170E001F1243170F004317100043171100431712004317130043171400630719F8
:FFC1D30000401604002217B99463170900231719006317050023171500631701000732234F110023470D00233F090080FF944F4E063F0080072100A71705006012EA0D0112402EDFFE45179DB0402EDFFE45179CB080FF045D40063F00A7170500020601FFBA150112402EDFFE45179DB0402EDFFE45179CB0A717070087370700023880FF625F40063F00A71705000206ABFFEA0587370700003A80FF4A5F40063F007F000012F52D0228C32A26066099DEFEC5310238F83F40022806FCACDEFEC741664701006647050028065899DEFEC82920460202E247200229065495DEFEC849654F0100654F0500290614ADDEFEC939663F050026065697DEFEC64165470500B4
:FFC2D2004112601297D57F0080072100BFFF96FF0012D55DC63EFFFFC23AC246FF00C342C74129065899DEFEC94128470100C32AC72927066099DEFEC729253F010067470D00253F01002046020267470600253F010067070100253F010067070400253F010047071500253F010047071700253F010047071400253F010047071300253F010047071200253F010047071600253F010047071100252F0100450710004132C62EFFFF622A02288500D6B5C22A26066899DEFEC531C22EFF00F82F40022706A88F0300C539663F01004112C206FF00BA050032E5E522063C95DEFE222F01002606F0ACDEFE662F0100221705006617050040063F004016DFFE6237F9AC7FD3
:FFC3D100008E0721EF4016DFFE221769996012E20793060012950DC22EFF0023360800C531460705004112C22EFF00682A23A60D00B6F54016DFFE22AF459F00B280075A06D6C6FF00C3C2D716FF00C212C2C122066099DEFEC2C138170100A21711006012E20729063817010022170100B5116012EC07190638170100A21711005F126412EB070906C212E2065EC401008007DE058007E60580070C0080076A028007580338AF010095AF1100D6CEFF00C2CA61AAEA07450120AE310054AF000035066899DEFED5C939AF010035AF0D0015AF0C0054AF010039AF010035AF0D0015AF0D0054AF020039AF010035AF090063AF090003AA43AF0C0039AF0100B5AF150002
:FFC4D00042A260AAC20508AA43AF0C0040AEDFFE3517459F392F0100252F0D00252F0100C511382F010065170100D616FF00C31225064C95DEFEC229E537050023171900631705002317150063170100234F110023470D00233F090080FFFC4B35AF459F3817010022170100B5116012872DCA16FF0061128A1D38AF01001517130041125517130040AEDFFE35AF459F3917010022170D0022170500D511382F010065170100E5158A006552BA1538170100420710003817010042071100A50D38170100E23F0500D636FF00014280FF960B38170100A2171300392F0100252F0D00852F0F00E511E107A70438C70100F83F050007428007900420AE300054AF0000355A
:FFC5CF00066899DEFED5C939AF010035AF0900031243170C0063AF090039AF0100B5AF150060AAC20508AA43AF0C0039AF010035AF0D0015AF0C0054AF010039AF010035AF0D0015AF0D0054AF020040AEDFFE3517459F392F0100252F0D00252F0100C511382F010065170100D616FF00C31225064C95DEFEC229E537050023171900631705002317150063170100234F110023470D00233F090080FFBE4A35AF459F3817010022170100B51142A26012E7073D01CA16FF006112EA07210138AF01005507130038AF010002125517110039AF010035AF0D0015AF0C003817010042AF150039AF010035AF0D0015AF0C003817010042AF17003917010022170D0022178D
:FFC6CE0009008007580320AE320054AF0000D6AEFF00C2AA22066899DEFEC2A93517010022170D0002170C00541701003517010022170D0002170D00541702003517010022170900032A432F0C006317090035170100A217150042A26012C205081243170C0040CEDFFE3917459F35AF010035AF0D0035AF0100D51138AF010075170100D6AEFF00C3AA22064C95DEFED511E237050023AF190063AF050023AF150063AF0100234F110023470D00233F090080FFA84939AF459F3817010022170100B5116012C715CA16FF006112FA0538C70100580711008007B8028A006552EA07B1023817010042071000A5F538C70100F83F050001428007900238AF010015AF1496
:FFC7CD000095AE200054AF0000D6CEFF00C2CA35066899DEFED5C939AF010035AF0900011243170C0063AF090041A238AF0100F5170900F52F0500472A1430E51138170100BF65E22F050022470D00F5D70900C541A5D1DA3EFF0080FF484F23AE080015AF0400DAA943AF0C0039AF0100B5AF150060AAC20508AA43AF0C0040AEDFFE3517459F392F0100252F0D00252F0100C511382F010065170100D616FF00C31225064C95DEFEC229E537050023171900631705002317150063170100234F110023470D00233F090080FF904835AF459F3817010022170100B5116012E7074901CA16FF006112EA072701D636FF00003A80FFD20838170100222F04009A00DA2993
:FFC8CC00622F040080072A01E217050035470D00C241073A80FF8C4E23AE080015AF040047AA43AF0C0040AEDFFE3517459F392F0100252F0D00252F0100C511382F010065170100D616FF00C31225064C95DEFEC229E537050023171900631705002317150063170100234F110023470D00233F090080FFE64735AF459F3817010022170100B5116012F74DCA16FF006112FA3D38AF01001517140041125517140038AF010095171500C2160F005517140038AF01003517040047127517040038AF0100B5AF170060AAE20D38AF0100B5AF150060AA820D38AF0100151715005F125517150038AF010095171700020610FFD705C2160F00E216640040AEDFFE35AF4573
:FFC9CB009FD511382F010065170100A5158A006552FA0D38170100420710003817010042071100E505D636FF00013A80FF980738170100A21717006012B22D38170100A21715006012DA2538AF01000112551711003917010022170D002217050040AEDFFE35AF459FD51138C70100781701008515D636FF00023A80FF4C07A50D38170100E23F05000342D636FF0080FFDA0641BAD716FF006212F607B1F941B2D606FF00BA0500BAE5F54E063FEF8407210F4307070043070600430705004307040043070300430702004307010043070000430700004016DFFE221769996012E207B304683AEA07AD0400A2B51DD416FFFFC21225066899DEFEC511222F0100252FF2
:FFCACA000100E531FA054016DFFE012A422F6C99B50D2217010022170500E231D20541A2D406FFFFC2E5D406FFFFEA076704D4AEFFFFC3AA22066099DEFEC2A935170100821711006112E2074B040012B50DC22EFFFF0330C531082F0000462F000041124142C22EFFFFE729B1F535170100A21711006512E2071D0483170100C2B60F00352F0100A52F1100612A23BE0100FA05C22EF0000506D0FFEA07F903C216F0006012822550126012C25550126012E2078B025012EA07DD0335BF0500B7BF110061BAEA07CF0362B2EA07910135AF050055071100D436FFFF083A80FFEA0544063F0F60B2E207AD0367B2EF07A70335170100A21711006012A20D35170100E2FB
:FFCBC9003F0500D436FFFF064280FF5E0535170100620704000012D51535370100E6370500252F0D00C6291737000045370000352F010025370400413265370400411241BAC22EFFFFF629352F0100F1E580078C024016DFFE82176D996112AA15D416FFFFC31225064C95DEFEC229251701006012FA0540A6DFFE54076C9944063F0FC8B2A317010002B168B2E607090335170100A21711006012A20D35170100E23F0500D436FFFF064280FFC00435170100620704003517010062B7080035B701005607130035B70100F6170900F6B70700F6119B3D00B2C51535370100E637050022170D00C611052F0100422F000035170100222F0400412A622F040041B2172812
:FFCCC80005BE0100D616FFFF661235170100D6E5E23F0900D436FFFF80FF0A0535A7010003B254B7110035A7010001B254B7140040A6DFFE34A7459F35AF010075A7010044063F0F35A701007407010035A7010004AA54AF110044063F0F40BEDFFE97BF6D9961BABA1DD4BEFFFFC3BA22064C95DEFED71122BF010060BA8A1540B6DFFE56076C9935AF050055071100D436FFFF053A80FF340444063F0F61B28A1DD400C2A236066899DEFED6A140B6DFFE36B7459F34A7010034A70D0034A70500D4B135A7050074B7010044063F0F60B2FADD40A6DFFE34A7459F35B7050076A7010003A014B7010035BF050057B7170014B7010035BF050057B7150014A7020035E2
:FFCDC700B7050056A7160083A70300140680FFC60514060FFFE60583A70300140606FFF60535A7050020B67F0054B7160035A7050005AA54AF110044063F0F35170100A21711006212EA074F0135170100822F1500E5B1A20DE23F0500D436FFFF044280FF0A0344063F0F022F1400412A422F140035170100822F1500C52E0F00422F140035170100E22F0900221704004712C200E511B9050012F53D35170100E2170500D51535370100E6370500252F0D00C6291737000045370000352F010025370400413265370400411241BA352F0100E5370900C23EFFFFE639D1E5E53F0500D436FFFF004280FF840244063F0F352F010025370D00E52F0500C531172F00004A
:FFCEC600462F0000352F010025370400413265370400411241BAC22EFFFF672A96EDD400C2A222066899DEFEC2A14016DFFE2217459F342F0100252F0D00252F0900C511352F01006517010035170100A21717006012922535170100A21715006012820D35170100022F15005F2A422F150035170100A21715006012EA0D35170100032A422F11004016DFFE2217459F352F01006517010044063F0F8E07218F0610C31234066099DEFEC2A13417050044A2A2171100601206A8EA07AF010012950DC22EFF0023360800C531460705004112C22EFF00682AD6F515B0C2B222066899DEFEC2B1361701006012E2077D0134170100623F0D0034170100624708003417014F
:FFCFC50000620704003417010042071700341701004207150034170100012A422F14003617010022170900432F0C006317090034170100E21709006712CF6543470D000816010043170C0036170100A2171500601223360E00C205081243170C0008B83417010022470D00D7C6FF00183880FF3A4734170100222F0400D829622F040040C6DFFE3817459F362F0100252F0D00252F0100C511342F0100651701001510C31225064C95DEFEC229E537050023171900631705002317150063170100234F110023470D00233F090080FF96403817459F342F0100252F0100A229602A87458A00615234170100AA35E21709009700F711BF1D003A153080FFD20001524E068F
:FFD0C4003F8F0810881282161000C2161F0043170D0043470E0034170100012A422F1100064223360F00959D4016DFFE2217459F36AF010035AF0D0035AF0500D51134A701007417010001524E063F8F4207110034AF01005507100000524E063F8F013A153080FF680000524E063F8F800721086042074806A0BA05013AC50D6342920D6742F2056642D2056442B2056142BA15023A1410C31225066099DEFEC5112217010022470D004016DFFE2217F9AC1430E2C760F9C3A222066099DEFEC2A1341701004207110040063F0880072108603A06A0BA05033AA50D623AF205683AD205653AB205613ADA15043A1410C31225066099DEFEC22925170500E24F07002212
:FFD1C300470D004016DFFE2217F9AC1430E2C760F9C3A222066099DEFED411221705004207110040063F088007210007480610C31225066099DEFEC2292517010022470D004016DFFE2217F9AC053AE2C760F940063F00840721004307070043070600430705004307040043070300430702004307010043070000430700008717050027370100002AB50DC546FF000348C849C7410847050049470000412AC546FF00E241B1F503400238BFFF0CF844063F000012F52D0228C32A26067C9DDEFEC5310238FC3F400228062CADDEFEC74166470100664705002806749DDEFEC82920460202E247200229067099DEFEC849654F0100654F0500290648ADDEFEC939663FF8
:FFD2C20005002606729BDEFEC641654705004112601297D57F00C332C23AC73122067C9DDEFEC23126170100620701002617010042071000261701004207110026170100420712002617010042071400261701004207150026170100420716007F0080072100BFFF4EFF00129555C536FFFFC2320238C33AC63926067C9DDEFEC731264701006807010026470100680705002647010068070C002647010068070E002806749DDEFEC839273F010026470100683F0900263F010047071000263F010047071100263F010047071200263F010047071300263F010047071400263F010047071500263F01004707160026370100403EDFFE273F459F273E8813663F1900419C
:FFD3C1002AC536FFFF6232A6B541126012BF05002A85FD260616D70100BFFFEEEF40063F008007210C00A28007E401D4AEFF00C3AA22067C9DDEFEC2A9351701006012E207D501351705006012E207CB0135170100A21711006012DA2535170100A21713006112AA0D35170100062A422F1100351701004207130035170100821713006112EA0535170100012A422F110035170100A21715006112DA05351701004207150035170100A21711006112AA2D35170100A21713006112EA0D35170100062A422F11003517010042071300351701004207120035170100A217150061129A153517010042071500351701004207120035170100420711003517010062070100BC
:FFD4C00035170500A217170061128A1535170500A21711006512A20D35170500042A422F1100351705004207170035170500A217110064129A2D35170500E2470F00223F0900D436FF00BFFF58FA6152FA0535170500052A422F1100F5154016DFFE022F849D412A422F849D8500652ADA0D351705004207110035170500620701004016DFFE4207849D35170500A21711006512DA3D4016DFFE4207849D35170500821715006112EA1D351705004207140035170100821711006112BA0D351705004207110035170100062A422F1100A50D3517010062070100D436FF00013ABFFF3CFD351705008217170061128A1535170100821711006112DA0535170100420710B7
:FFD5BF0000D436FF00013ABFFF12FD41A2D406FF00F2071DFE40063F0C8007210806A0BFFFECE9C3A222067C9DDEFEC2A134170100012A422F120034170100A21715006112DA053417010042071500BFFFC2E940063F088007210C06A007A8BFFFB0E9C3A222067C9DDEFEC2A134170100012A422F130034170100A21715006112DA053417010042071500BFFF86E93417010062AF0C004016DFFE2217459F402EDFFE252FF1AC34370100662F0500342F010025370500C6116517010040063F0C8007210806A0BFFF48E9C3A222067C9DDEFED41122170500012A422F1400BFFF32E940063F088007210806A0BFFF22E9C3A222067C9DDEFED41122170500012A422F9F
:FFD6BE001600BFFF0CE940063F088007210806A0BFFFFCE8C3A222067C9DDEFEC2A134170100012A422F150034170100A21713006112DA05341701004207130034170100821713006112DA053417010042071200BFFFBEE840063F088007210C5F3A643A09A006A8AB35C13AE7062CD70100D505E515B51D8525D52520160202F517200226067099DEFEC231143880FF2440D536FF001438BFFFC0FE40063F0CD536FF00BFFF6AFF40063F0CD536FF00BFFF12FF40063F0CD536FF00BFFF2CFF40063F0CD536FF00BFFF56FE40063F0C8007210806A60000820D80FFE6207451CA05005240063F08015240063F088007210080FFAC10AA0040063F008007210080FF5842
:FFD7BD001080FFC620003280FF42004016DFFEA217CDAD6112BA152206889DDEFE420701004207000042070300420702004016DFFE4207CDAD003280FFAA0040063F004016DFFE2257A99D7F004016DFFE6237A99D7F008007210080FF0A2040063F004016DFFE6207959D4016DFFE6207999D4016DFFE62079D9D7F00800721083406CAADDEFE0032143880FF18BA143E0100013280FF0EBA143E0200023280FF04BA143E0300033280FFFAB9143E0400043280FFF0B9143E0800053280FFE6B9143E0C00063280FFDCB9143E0D00073280FFD2B954070000540703005407010040063F08800721086032BA2D3406CAADDEFE0032143880FFF6B6143E0100013280FF58
:FFD8BC00ECB6143E0200023280FFE2B6143E0300033280FFD8B6143E0400043280FFCEB6143E0800053280FFC4B6143E0C00063280FFBAB6143E0D00073280FFB0B640063F087F008007210080FF801F40063F00800721000012C54DC22EFFFFEA2F4002280664920300C541882F050008470500C8420541C800062F0100C82A864F01000929C500E541BA35862F0500622AC200EA174002250664920300DA0DC229A537090085170900C832023180FFF6B8005240063F00C229A5170300854F0300A5570100852F0100A647030086370300C8520551C8120911D0120A11C84206410730023880FF18C0005240063F004112C22EFFFF6F2AA3B5005240063F00800721CE
:FFD9BB000000128535C22EFFFFEA2F4002280664920300C541882F050008470500C8420541C800062F0100C82A864F01000929C500E541FA15862F0500622ABA15C200EA174002250664920300C229A537090085170900C832023180FF94B5015240063F004112C22EFFFF6F2AE3CD005240063F00BE0721EF231EE8FE06A023AE040020169001002AD5111530C505462F00004132E611CAFD6307050080FF52560AB0B4BF0100013A153080FF7C530AA8B50060AAE42D00C218C8D515D816FF00C212232E0400C229253F010023D6030001421A3080FFF44E1A17000062B9E0CFB4CB41C2D816FF00F51196ED01125417000054B701005407020019108812541703009A
:FFDABA0054CF04000552231E18017E063FEF0052231E18017E063FEFBE0721CF231EE8FE06A02336040020169001002AC6110638C505472F0000413AE711CAFD63070500B4AF0100013A80FFDE520AB0B60060B2B44502BA54BF000080FF94555457010000C28535D816FF00C212232E0400C22925CF0100014223360300193880FF4A4EA317030062A9D21DD72EFF00D4291930903245370000172E01008500D4291930883245370000172E02008500D42945CF0000172E03008500D4294517000044BA41C2D816FF00F611E6CDD756FF00231E18017E063FCF0152231E18017E063FCFBE07218F231EE0FE06A000AA0A12232E9201C511C50545AF0000412AE511CA67
:FFDBB900FD43079201033020169001C6110628C50545AF0000412AE511CAFD6307010003125417000080FF064F01B20AB8853DD516FF00C2120328C22925C70100233E9201183080FF364F0012D525D62EFFFFD4291830903245370000162E0100C500D4291830883245370000162E0200C500D42945C70000162E0300C500D429C236FF00233E9201C6390737000045370000411244B2C22EFF00EA2991DD41AAD516FF00D72EFF00E511C1C5D656FFFF231E20017E063F8FB60721EF06A043076900B4AF0100B4170300942F030094B7050063076A00C8AA05A9C8AA02A9014A23466900233E6A00153080FF90477F52DA058056FFFF80071402A33F6900E3376B0001
:FFDCB80080FFCC787F520AB8D20501C28056FFFFA51D61B2820D160601FFD20500C28056FFFF951501C223CE040019301538184080FF984C191700005417040054C7050000C2075260C2E207C30161B2D205160601FFEA07B70101B223CE030019301538164080FF664C191700005417040054B70500E3176B00EA174002250602960300C2290517080042125417060000AA15B015C8F535D5D6FF00DAD12206F4950300C2D1FA37010080FF380723160500D911FA2F01000530883242370000422F010042CA60C2D21D0012F515F72E45002606F0B0DEFEC531202E30001638E53F823AC731062F040023360500D931462F0000411241CA41B2C22EFF00EA29F1E54169
:FFDDB700AAD516FF006212F6C500AAF555EA174002250602960300C22985170500A5370500C832023185170700A53F0700C83A0239D03A0639D516FF00C211C239E73701000638883A23460500D941483F00004837010085370500A53F0500C83A063985370700A52F0700C82A0629D02A0729C229E537010080FF6A0642CA60C2D21D0012F515F72E45002606F0B0DEFEC531202E30001638E53F823AC731062F040023360500D931462F0000411241CA41B2C22EFF00EA29F1E541AAE3176B000228EA2F4002260602960300C531862F0900A6370900C8320531D52EFF00E629869D0012D50DC22EFF001430C531233E0500C729052F0000462F07004112C22EFF00AB
:FFDEB600F92991F547CAD956FFFF76063FEF8207218F06A0B4AF01009417030094B70500B42F0300C8AA02A9C8AA05A901BA23C6030018301538174080FF924A1817000054170400153016381440174880FF584CCA0042063F8FBE07A1FF231EE8FE06A02336040020169001002AC6110638C505472F0000413AE711CAFD6307050094AF0300B4B70100013A80FFA04E0AB8B70060BA843D00C218C8D51DD816FF00C212232E0400C22925D7010001DA23E603001C301A381B4080FF144A1CE700001A301B3880FFF04D7CA9C2057651A20541CA41C2D816FF00F71196E507125417000080FF10515457010054070200191088125417030054CF04000552231E18017E01
:FFDFB50006BFFF0052231E18017E06BFFFBE07A1FF231EE8FE06A023AE040020169001002AD5111530C505462F00004132E611CAFD6307050094B70300B4BF010080FFB45054570100013A153080FFE04D0AA8B50060AAC45500C202CAF545D816FF00C212232E0400C22925D7010001DA233603001A381B4080FF5649A3E703001A301B3880FF324D7CB1F22D7751D22DD916FF00D41142570000013A1A3080FF524D191601008200D41142570000191602008200D4111A28902A422F0000191603008200D4111A28882A422F0000191604008200D41142D70000191605008200D41142E7000046CA41C2D816FF00F511F6B5D956FF00231E18017E06BFFF0052231E48
:FFE0B40018017E06BFFF820721EF06A0B4AF030094B70300B4BF010080FFDA4F5457010017C0C8C216C1C8C215C101CA23D603001A301838194080FF96481AD700001830193880FF724C545702001830193880FFA04C5457030054BF040054B7050054AF060054D70700085242063FEFBE0721CF231EE8FE06A0233604002016900100AAC6110628C50545AF0000412AE511CAFD63070500013A80FF944C0AB00A125417000080FF504F5457010002BAF52DD516FFFFC212232E0400C22925C7010023CE030001421930183880FF044819170000D72EFF00D4291830903245370000172E01008500D4291830883245370000172E02008500D42945C70000172E030085FF
:FFE1B30000D4294517000041AA44BAD516FFFFF611F6CDD756FF00231E18017E063FCF8207210E06A080FF524C0AA80B125417000080FFC24E5457010060AA921D23B6030001421630153880FF8647161700001528902A542F02001528882A542F030054AF040054170500065242063F0E025242063F0E8207210E06A080FF224C0AA80C125417000080FF6E4E5457010060AA921D23B6030001421630153880FF3247161700001528902A542F02001528882A542F030054AF040054170500065242063F0E025242063F0EBE07210F231EECFE06A003302016900100AAC6110628C50545AF0000412AE511CAFD6307010001B2163880FF3A4B20161400541700000AB8D7
:FFE2B200852DD616FF00D411D52EFF00C22A0330C531263701000628902A422F0000161601008200D4110628882A422F0000161602008200D41142370000013A80FF904B161603008200D4114257000041AA44B2D516FF00F711E1D5D656FF00231E14017E063F0FBE0721CF231EE8FE06A02336040020169001002AC6110638C505472F0000413AE711CAFD63070500013A80FF7C4B0AAE0000C445201615005417000020167F005417010000B202BAF52DD616FF00C212232E0400C22925C7010023CE030001421930183880FF064619170000D72EFF00D4291830903245370000172E01008500D4291830883245370000172E02008500D42945C70000172E030085ED
:FFE3B10000D4294517000041B244BAD616FF00F511F6CDD756FF00231E18017E063FCF0052231E18017E063FCF0012855DC22EFFFFFC2F40022906A4900300C549892F0100094F0100C84A0549C900E931EA45C22EFFFFFC2F40022906A4900300C549A92F0900652AAA3DC22EFFFFFC2F40022606A4900300C531862F1700A6371700C8320531002AD525C24EFFFFFC4F40022A06A4900300C9518A4F1300AA5F1300C85A09598A4F1500AA571500C8520951D0520B51C54EFFFFC9510A570000C74949570000284F0100414A684F0100412AC54EFFFFE64991DDE5054112C22EFFFF6F2AE3A57F000012952DC22EFFFFFC2F40022706A4900300C539872F0100073FDD
:FFE4B0000100C83A0539C700E731FA15C22EFFFFFC2F40022706A4900300C539A72F0900652ABA0DC200FC1740022506A4900300C229855717007F004112C22EFFFF6F2AD3D500527F008E07210E4016DFFE8217BD9D601206A0BA1D14170800402EDFFE4517CD9D34170100A2170100C2167F00402EDFFE4517CC9D34170100A2170100C2168000402EDFFE4517CE9D4016DFFE8217BD9D6112EA254016DFFE2217C19D402EDFFE252F459FE511E90773024016DFFE4207BC9D031274170A0034170500202E7F00422F000034170500202E1000422F010034A70500542F020002524E063F0E4016DFFE8237CD9D2706C89DDEFE80FF32026052BA15031274170A00347C
:FFE5AF00170500202E7F00422F000034170500202E1000422F010020161200853D4016DFFE2217C99DA237070082170700C832023180FF78026052BA15031274170A0034170500202E7F00422F000034170500202E1000422F010020167E00851D4016DFFEA217CD9D6212921D031274170A0034170500202E7F00422F000034170500202E1000422F01002016130034A705005417020002524E063F0E4016DFFE2217C99DA22F030082370300A23F010082170100C83A0239C82A0629D02A0729E5C760F94016DFFE8217C59D6112FA154016DFFE4207C49D031274170A0034170500202E7F00422F000034170500202E1000422F010020162200A5CD4016DFFE821700
:FFE6AE00CF9D020680FFDA2540A6DFFE34A7C99D14A708002706C59DDEFE47A700003406F1FFFF0043A7010020A686F143A7000001A243A702004307030002A243A704000330BFFFC8F2BFFF0CF203524E063F0E4016DFFEA217BD9D61129A2540A6DFFE34A7C99D14A708004016DFFE42A7C59D40A6DFFE5407BD9D40A6DFFE01125417BC9D40A6DFFE34A7459F34A688134016DFFE62A7C19D04524E063F0E051274170A004016DFFE2217C99D021708003506C59DDEFE551700002206F1FFFF0043170100201686F14317000001B243B702004307030002124317040003301538BFFF2CF215170000342F050045170100341705004207020034170500202E32004299
:FFE7AD002F03003417050042B7040034170500142A422F0500BFFF3EF116504E063F0E04524E063F0E0012951DC22EFF00E92F4002280608930300C541882F0900E531CA0D8200E9174002250608930300C229672F010001527F004112C22EFF00642AD6E500527F008E0721004016DFFEA217C59D6112A21D2706C59DDEFE0112471700002506F1FFFF00432F0100202E86F1432F000043170200430703000212431704000330BFFF68F14E063F000012B525C22EFF00E92F4002270608930300C539872F0900403EDFFEA73FC59DE539AA158200E9174002250608930300C22985170500052F0500C82A02296629820D01527F004112C22EFF00642AB6DD00527F0098
:FFE8AC009007210C401604000217049343171F0001A243A71E002206F1FFFF0043170300201686F14317020043A704004307050002124317060023AE1F00233602001538BFFF20F0233E1E001530144080FF8A2E6052BA1D2706C59DDEFE0112471700002506F1FFFF00432F0300202E86F1432F0200431704004307050002124317060023360200BFFF88F050063F0C80072100BFFF7AEE005240063F00900721004016DFFE420799AD021243171F002506F1FFFF00432F0400202E86F1432F0300012A432F05004307060043170700233E1F0023360300BFFF38F0005250063F0000527F008007210801A24016DFFE42A799AD4016DFFE42A7CBAD80FF24B14016DF03
:FFE9AB00FE42A7BD9D4016DFFE42A78E9D005240063F0882072108630701004016DFFE8217D19D601206A0BA1D14170800402EDFFE4517DB9D34170100A2170100C2167F00402EDFFE4517DA9D34170100A2170100C2168000402EDFFE4517DC9D4016DFFE8217D19D6112FA0D4016DFFE2217D59D402EDFFE252F459FE511E107150104528007AE014016DFFE8237DB9D033880FFA4016052BA15031274170A0034170500202E7F00422F000034170500202E1100422F010020161200A5354016DFFEA217DB9D6212B215031274170A0034170500202E7F00422F000034170500202E1100422F010020161300A51D23170100A2370500BFFFECEC60529A1D0312741766
:FFEAAA000A0034170500202E7F00422F000034170500202E1100422F01002016330034A7050054170200025242063F0823170100822F0100A2370100C8320531822F0300A2170300C8120511D012061160129A1D031274170A0034170500202E7F00422F000034170500202E1100422F01003417050020A6100042A70200025242063F08E2C760F94016DFFE8217D99D6112BA15031274170A0034170500202E7F00422F000034170500202E1100422F010020161000E5B54016DFFEA217D19D6112BA1540A6DFFE01125417D09D40A6DFFE34A7459F34A688134016DFFE62A7D59D035242063F084016DFFE8217DD9D020680FFBA050352E51D231701008217050034D3
:FFEBA9002F05002036110045370000232F0100052F040034370500462F01006412FA0534170500202E1000422F0200015274570A0042063F080012951DC22EFF00E62F400228062C930300C541882F0500E531CA0D8200E617400225062C930300C229672F010001527F004112C22EFF00632AD6E500527F008807210C43070F0043070E0043070D0043070C0043070B0043070A004307090043070800430708004016DFFE8217CDAD6112AA2D021243170800201651004317090001A243A70A0043070B0043070C0043070D0043070E0043070F004016DFFE4207CCAD00AA1530BFFF18EC2016F10763170500630701000842233E080014301548BFFF34CD48063F0C34
:FFECA8008007210880FF1CAE4016DFFE82178F9D60128A1501A24016DFFE42A78E9D4016DFFE4207CAAD0032BFFFCEEB145040063F08015240063F0801524016DFFE4257E19D7F0001524016DFFE4257E09D7F0001527F0001527F0080072108E6170900641206A0921D031274170A0034170500202E7F00422F000034170500202E1400422F01002016130034A7050054170200025240063F0834170100822F0300A2370100C8320531C832A2170300023100120228E50DC23EFF00C23A2806A0900300C741283F0100E731E12F042B4112C206FF0092F5C506FF00822580FF46416052A20D74070A00015240A6DFFE5457E0AD40063F08031274170A003417050020AE
:FFEDA7002E7F00422F000034170500202E1400422F01002016720095BD031274170A0034170500202E7F00422F000034170500202E1400422F010034170500202E3100422F0200025240063F08BE07210F231E80FFE6A709002016FA00002A233E0200C711C505472F0000413AE711CAFD4307020026170100A2AF010006B0C50DC536FF00233E0200C639C2310637010047370000412AC536FF00143EFFFFE73186F500BA1710175080071601D72EFF00E92F4002260670900300C531862F0100A63F0100C83A0539862F0300A6370300C8320531D0320731E6A99A75D716FF00E9174002250670900300C22985170900E2A1EA35D716FF00E9174002250670900300D2
:FFEEA600C229A517070085370700A53F0500852F0500C83A0539C8120611D012071123360200E2C760F9EA00605294350012E50DC2AEFF0036BF0500D5B9232E0200C5A915AF000057AF01004112C2AEFF00EAA986F576570A0001120250E5353617050020AE7F0042AF00003617050020AE190042AF01003617050020AE130042AF0200031276170A0002520112E51D36170500202E7F00422F000036170500202E1900422F010036170500202E3100422F0200031276170A000252011241BAD72EFF00652AF107E9FE61A2BF1D36170500202E7F00422F000036170500202E1900422F0100202E130036170500422F0200031276170A000252231E80007E063F0FC236
:FFEFA50006FF008A1536170500202E7F00422F000036170500202E1900422F0100202E1200B5E5231E80007E063F0F860721CF6307090063070600630704006307020063070000630700004016DFFE012A622FE59DE617090002A6FFFF022A45A0631206A8A10D69128F0DF5170900C2060100B2050012B52D3517050020A67F0042A700003517050020A6220042A701003517050020A6130042A7020080073201C22EFFFFC5290330C531353F0100C539073F0100C83A663F000035470100C829852F03000539663F00004112C22EFFFFD436FFFFE629D1E500B216B8E55DD716FFFFC21103C0C2C1F8370100233E080080FF38016052825523B70900B6370D00BFFFAC
:FFF0A400E8E6605235B70500EA1520A67F0056A7000035B7050020A6220056A7010035B7050020A6330056A7020003B275B70A0001B2853D40CEDFFE3917E59DC2B1F817010088125617000039B7E59D41B279B7E59D35170500D61118B7000042B7000039B7E59D41B279B7E59D353F050023370900D639BFFFF4E723B7090096170300B6B70300C8B202B13917E59DD6117917E59D01B241BAD716FFFFD42EFFFFE511E19DD606FF009A1D35170500202E7F00422F000035170500202E2200422F010035170500202E3100422F0200031275170A00025246063FCF4016DFFE2217E59D202E0102E511C11535170500202E7F00422F000035170500202E2200422F01DD
:FFF1A3000035170500202E1400422F030085E55F1275170A004016DFFE6207E59D015246063FCF7F007F00800721000012F525C22EFFFFFC2F40022806A4900300C541882F010008470100C8420541C800E831DA15C200FC1740022506A4900300C229672F0100A5370B00BFFF9EE56052B2050152A50D005240063F004112C22EFFFF6F2AF3D5005240063F008607210E26170100A2A7010043070B0043070A0063070500E6170900611206A8D76523460400233E0B00143080FFA0046052EA1503A275A70A0035A7050020167F005417000035A70500201627005417010035A7050020AE12008007520123170500A237050082170500C8320231BFFFBEF56052EA159E
:FFF2A20003A275A70A0035A7050020167F005417000035A70500201627005417010035A7050020AE7E0080071001233F050023360A0080FFDA032206E4ADDEFE832F0B00C511821701006312EB079503C212E206F6F20100800710008007AC00800776028007BC02A3170B006012FA6DF51709006212D21503A275A70A0035A7050020167F005417000035A70500201627005417010035A7050020AE1300E54D35170500202E2700422F00003517050042A7010040A6040034A75D9323170500A23F09003537050042322806EAADDEFEF4C760F923A70500B4A7090041A275A70A003406F8ADDEFE83AF0B00D5A1540700003406E4ADDEFE83AF0B00D5A10152545700D9
:FFF3A1000046063F0E401604002217619360129A1D03A275A70A0035A7050020167F005417000035A70500201627005417010035A7050020AE350054AF0200025246063F0EA3170B006112D21503A275A70A0035A7050020167F005417000035A70500201627005417010035A7050020AE2400C5E52317050082470B00152F08005E2A8500E829EA07AB01402E0400252F6193823F0900A24F090035370100633F010042323606E6ADDEFE1638E5C760F92317050082470B002706EAADDEFE163080FF0A036052E215231705008237090080FF260335170500202E2700422F00003517050042A70100015275570A0046063F0E3406F8ADDEFE83170B00D411022F00002B
:FFF4A000412A422F0000031275170A0035170500202E7F00422F000035170500202E2700422F010083170B00C2A194A70100232F0500A5370D00E6A1B91DA5A70100C8A28537010006A1A5370300C832852F03000531D032143126A70100C2122506FCADDEFEC22965A7010020A63500A5753406E4ADDEFEC2A15407000035A7050020AE360054AF020023A70500B4A70B0061A2EA07790183A70B00C2A23506F0ADDEFED4A940A6DFFE34A7459F75A701003406E4ADDEFE83AF0B00D5A10252545700003406F8ADDEFE83AF0B00D5A15407000046063F0E03A275A70A0035A7050020167F005417000035A70500201627005417010035A7050020AE370054AF020083BD
:FFF59F00A70B00C2A23506F0ADDEFED4A940A6DFFE34A7459F75A70100025246063F0EA3170B006012F51709008A3D6212921D031275170A003517050020A67F0042A700003517050020A6270042A7010020A613003517050042A70200025246063F0E35170500202E2700422F00003517050042A7010023170500A23F090035370500423280FFBE0023170500A2170900411275170A00015246063F0E232F0500852F0B00033275370A0035370500203E7F00463F000035370500203E2700463F01005E128200E51135AF0500820D2016130055170200025246063F0E2016240095FD031275170A0035170500202E7F00422F000035170500202E2700422F010035177F
:FFF69E000500202E2400422F0200025246063F0E0012A515C22EFF00EE2F4002280640930300C541882F090087470900E541BA05461700004112C22EFF00622AC6ED7F000012F505C22EFF00C629450700004112C22EFF00E729F1F57F0000520A108535C22EFF00EE2F4002290640930300C549892F0900E531DA054707000001529515C22EFF00EE2F4002290640930300C549892F0900412AE629CA05015247570000CA06FF00C20D8200EE174002250640930300C229682F01008A007F004112C22EFF00622AE6CD8A007F000012D50DC22EFF000648C549894F0100C729852F0100E5498A0D4112C22EFF00E82991F50152A50500527F000012E50DC22EFF002707
:FFF79D0006E4ADDEFEC729853F0100623AB205450700004112C22EFF00622A86F50012C52DC22EFF00EE2F4002270640930300C539872F0900E531FA1D82000228EE2F4002260640930300C531862F070006370700C8320531403EDFFE6737E89D4036DFFE462FCAAD2506E4ADDEFEC2290312451700007F004112C22EFF00622AA6D57F008007210E00A2D525D4AEFF002206E4ADDEFEC2A9951701006212AA1DD4B6FF00C2B22206F0ADDEFED611402EDFFE2537459F223F010080FF06972206FCADDEFEC2B136170100E251B1055507000041A2D416FF00621296DD40063F0E4016DFFEE257E99D7F00800721084016DFFE6207F99D4016DFFE6207FD9D00A2F5256C
:FFF89C00D416FF002506E4ADDEFEC511822F0100622AC21D420700004016DFFEE217E99D6012C2154016DFFE6207E89D4016DFFE4207CAADD416FF002506F8ADDEFEC511420700000032BFFFBCDF41A2D416FF006212F6D540063F08800721000012851DC22EFF000530C2322706FCADDEFEC639670701002706F0ADDEFEC731660701002606E4ADDEFEC531460700004112C22EFF00622AE6E540160400221765936012B205E2C760F94016DFFE8217CBAD6112EA054016DFFE012A622FE89D40063F000012012AB51DC22EFF00270604AFDEFEC72945370000C6068000202E1B00E02F043B0628C529272926298600270604AEDEFEC6394717000041120530C22EFF67
:FFF99B0000050601FF9AE5220604AFDEFE022F0000422FFF004016DFFE420704AE7F0060329215220604AEDEFEC61182170100202EFF00A229220604AFDEFEC511825701007F0000527F0080072100BFFFD4FF00120A28850D0650CA518600873206512A2941120A30C23EFF00643AD1F5A55663008A0040063F000112E717C000062F00006042D2050229462F00007F0022104229462F00007F00E7378000C65601007F008207218F4337030000A206A8854D14160200C23E07001530BFFFDEFFD4B6FF0023BE0300173016380A40BFFFACFFA33703001638BFFFC2FF0AC014160500C23E07001530BFFFB2FF18402A4117301638BFFF86FFA33703001638BFFF9CFF63
:FFFA9A000AC014160700C23E07001530BFFF8CFF18402A4117301638BFFF60FFA33703001638BFFF76FF0AC005321638BFFF6CFF18402A4117301638BFFF40FF41A2D416FF006812E1B5A3370300BFFFD6FE42063F8F8007218F00A207A806B014B8D50D03C2B7C1C3C2F8B782308600BFFFDCFEF857C000CAA141BA64BAB6F51450355140063F8F8007210F06A027A100AA15B0D50D03BAB6B9C3BAF7A782308600BFFF04FFF757C000CAA941B264B2B6F5155040063F0F8007210C623A07A006A8FF0DBFFF02FEC2A22206EC9DDEFED411223F01001530BFFFB0FF40063F0C005240063F0C8007210C623A07A006A8FF0DBFFFD4FDC2A22206EC9DDEFED411223F014A
:FFFB9900001530BFFF50FF40063F0C005240063F0C7F008007210881FFE0900AA081FFDA90D0A2145140063F088007210E06A008A82206CAADDEFE82371100A22F0F00823F0F00A2170D00C83A0239C8320531D032073181FF969000B2D51581FF9C90D616FF00250604B0DEFEC229455700001430C23146570000D511052F0000422F000041B2D616FF00641291ED220604B0DEFEA22F030082370300A23F0100821701002806CAADDEFE482F100048370F00483F0E0048170D000032BFFF4CDC40063F0E8007210E00A22317110007A8E50DD42EFF00EE2F4002270640930300C539872F0900E511E20541A2D42EFF00622A86F54016DFFE222FFD9D270604B0DEFEC9
:FFFC980007470000D8420829622FFD9DA7470100D0420829622FFD9D87470300C8420829622FFD9DA73F03000729622FFD9D40B6DFFE3617F99D062F0000D82A05117617F99DA62F0100D02A05117617F99D862F0300C82A05117617F99DA62F030005117617F99DBFFF60FC3637F99DD43EFF00BFFF46FE0012D50DC22EFF001530C531033AA539C33AE7578228462F00004112C22EFF00642A96F540063F0E800721002616FF008200C3122506049EDEFEC229A517070085370700A54F0500852F0500C84A0549C8120611D012091107300838E2C760F940063F008007210E26170100A22F0100C5A68000E63F0900633A8217030006A8921D031275170A003517053B
:FFFD970000202E7F00422F000035170500202E2800422F0100202E130035170500422F0200025240063F0E6012B2056412B615031275170A0035170500202E7F00422F000035170500202E2800422F0100202E3100C5E5C5B67F0063B2DB351608C10AE106FCFD0100C505B51DF51DF525402EDFFE05471C9E402EDFFE053F1D9E0230BFFF1EFF011275170A0035AF050055B7010040AEDFFE55B7ECAC00AAB52D402EDFFE05471E9E85ED402EDFFE05471C9E402EDFFE053F1F9EB5E5402EDFFE05471E9EF5F5031275170A0035170500202E7F00422F000035170500202E2800422F01003517050020AE120042AF0200021201AA60A2E22F00001529602AE317045336
:FFFE960040063F0E8007210001320638BFFFF2C040063F008207210C63070100261708005D12402EDFFE6517209E26170100822F0300A2A70100C8A205A1E6170900631206A88F1535A7050020167F005417000035A7050020162E005417010020161300953D0338143080FF46016052C25D23170100822F030002370300C8320531C600402EDFFEE52F219EE62982153517050020A67F0042A700003517050020A62E0042A7010020A61300C56582370D00BFFF46D860529A1D35A7050020167F005417000035A7050020162E00541701002016330035A705005417020003A275A70A00025242063F0C2337010080FF24016052A21D23170100822F0F00A2370F00C89F
:FFFF9500320531822F1100A2171100C8120511D01206116012F215D436FF001538E2C760F96152821535A7050020167F005417000035A7050020162E00541701002016310095CD353F010023370100433ABFFFD6D9605235170500FA1520A67F0042A700003517050020A62E0042A7010020A672003517050042A70200031275170A00025242063F0C202E2E00422F0000021275170A0014108812352F0500451701003517050042A70200015242063F0C800721000012F525C22EFFFFFC2F40022806A4900300C541882F010008470100C8420541C800E831DA15C200FC1740022506A4900300C229672F010085370B00BFFF26D76052B2050152A50D005240063F000A
:020000022000DC
:FF0094004112C22EFFFF6F2AF3D5005240063F000012C525C22EFFFFFC2F40022706A4900300C539872F0100073F0100C83A0539C700062F0100C82A864701000829C500E539BA0D061709005E1282006112BB050152950D00527F004112C22EFFFF6F2AA3DD00527F008007210C4016DFFE8217259E601206A0FA2514170800402EDFFE45172E9E34170100A2170100C2167F00402EDFFE45172C9E34170100A2170100C2168000402EDFFE45172D9E34170100A22F030002170200C8120511402EDFFE6517269E4016DFFE8217259E6112EA074F014016DFFE2247299E88170B006012E20705015E126012B2356112CA7DA8170300882F0300A83F0100884F01003411
:FF019300370100C83A0939C8120511D01207114432033AE2C760F934170500202E3100422F000034170500012A422F01004016DFFEE22F279E882A34370500462F02000217269E342F0500451703000012D52D34170100202E3100422F00004016DFFE2247299EA8170300882F0300A83F0100884F010034370100C83A0939C8120511D01207114432013AE2C760F9045240063F0CC236FF00343F0500C639C531062F0D00472F04004112402EDFFE252F299E85370F00C23EFF00E639C1EDA5170900852F0F00C5115F1274170A0040A6DFFE5407249E40A6DFFE34A7299E54070A00015240063F0C34170500202E7F00422F000034170500202E3100422F0100341740
:FF0292000500202E7200422F0200031274170A0040A6DFFE5407249E025240063F0C4016DFFE82172F9E6312F74D4016DFFEE237279E2706289EDEFE80FFF0036052E20733014016DFFE2217299EA2370B00BFFFC8D46052E2071D014016DFFE2217299E82370D00BFFF94D460529A1534170500202E7F00422F000034170500202E3100422F0100202E33008007BC0234170100A2170100402EDFFE45172C9E6312E2073B026212E207D1016112EA075B034016DFFE82172F9E402EDFFE2547299E882F0700E511921534170500202E7F00422F000034170500202E3100422F0100202E13008007620288170B006012EA073D02A8170100C812882F01000511A82F03F6
:FF03910000C82A883703000629D02A0229602AB21DA8170300882F0300A83F0100884F010034370100C83A0939C8120511D01207114432013AE2C760F94016DFFE821717B06012921534170500202E7F00422F000034170500202E3100422F0100202E22008007E4014016DFFE821715B06012F20D34170500202E7F00422F000034170500202E3100422F01008007BC014016DFFEA21715B06012921534170500202E7F00422F000034170500202E3100422F0100202E7200800790014016DFFE2217299E822F0B00622ABA15A21711006112FA0D34A70100201631005417000040A6DFFE01125417249E045240063F0C4016DFFEA2172D9E020680FFE2072B023417E1
:FF0490000500202E3100422F000034170500012A422F01004016DFFEE22F279E882A34370500462F02000217269E342F0500451703000012C50DC236FF00343F0500C639C531062F0D00472F04004112402EDFFE252F299E85370F00C23EFF00E639C1EDA5170900852F0F00C5115F1274170A00015240063F0C4016DFFE82172F9E402EDFFE252F299EA5370700E611BA3585170B006012B24D4016DFFEA2172D9E020680FFE20783014016DFFE2247299EA8170300882F0300A83F0100884F010034370100C83A0939C8120511D01207114432023AE2C760F940063F0C4016DFFE82172F9E402EDFFE252F299E85370900E611921D342F050020167F00451700003489
:FF058F002F05002016310045170100342F05002016130045170200032A742F0A00025240063F0C85170B0060129A1D34170500202E7F00422F000034170500202E3100422F0100202E240034170500422F0200031274170A00025240063F0C4016DFFEA2172D9E020680FFF25D4016DFFE2247299EA8170300882F0300A83F0100884F010034370100C83A0939C8120511D0120711443203AA1538E2C760F934170500202E3100422F00003417050042AF01004016DFFEE22F279E882A34370500462F02000217269E342F0500451703000012C50DC236FF00343F0500C639C531062F0D00472F04004112402EDFFE252F299E85371100C23EFF00E639C1EDA517090029
:FF068E00852F1100BF0766FE34170500202E7F00422F000034170500202E3100422F0100202E1200A595035240063F0C0012E51DC22EFFFFF42F40022806309EDEFEC541882F050008470500C8420541C800E831CA0DC200F41740022506309EDEFEC229672F010001527F004112C22EFFFF642A81E500527F0048070D0048070A0001527F0048070D0048070A0001527F008007210E88170B00601208A0EA074B01021254170A0000A2800736011410E91740023506A4BDDEFEC2A995170100B52F0100C82A022995170300B5370300C8320231D03205316832EA0705011410FB1740023606E29B0300C2B1B6470B00B63F1300B6370F0096170B00B62F0900964F1309
:FF078D0000B6571100965F0F00B6670D00966F090096771100967F0D00C82A0D29C8420241D0420541C8520E51C83A0939D03A0A39C8620F61C8320B31D0320C3180FFEC91B63F0B00B6370F0096170B00B62F090096470F00B64F0D0096570900965F0D00C82A0A29C83A0239D03A05395C3AC84A0B49C8320831D032093144328046FFFF80FF36920A108812962F0D00B6370D00C8320531962F0F00B63F0F00C83A0539D03A06394717020096170D00B62F0D00C82A022996170F00B6370F00C8320231D03205314657030005125517000055070300550702005507010041A265A2F107CDFEC50D6212AA0D80FFD0926152EA05031254170A0054070D000152400677
:FF088C003F0E8007210888170B00022A482F0A006012AA1501A24016DFFE42A7CBAD0032BFFFF2CF4016DFFE42A78E9D80FF1092145040063F08015240063F08E61709006212DA2D26170100A2170100020680FFD235601226170500DA0D202E3E00422F00002617050042070100015266570A007F00202E7F00422F000026170500202E3E00422F0100202E120026170500422F0200031266170A0002527F0026170500202E7F00422F000026170500202E3E00422F0100202E130095ED03527F007F0026170100022F0100203E80FF4729E63F0900623A821D26170500202E7F00422F000026170500202E85FF422F010026170500202E1300422F0200031266170A2D
:FF098B000002527F00A2170100C2167F006212F20D6112AA1D4016DFFE4207549F26170500013A423F0100663F0A00C525013A4016DFFE423F549F26170500024242470100663F0A00F515263F050020167F0047170000263F0500201685FF47170100263F05002016120047170200033A663F0A00023A613AE2170000C506FF00EA2F00006511E33F14537F008007210F4016DFFE2217459F402EDFFE01324537849E002A953DC536FFFFC33227067C9DDEFEC731263F0100273F1900E711C115C53EFFFF28062CB0DEFEC83901424747000026370100403EDFFE273F459F273E8813663F19004036DFFE8637859E6032D20DC536FFFF27062CB0DEFEC731863701006F
:FF0A8A006032B2050132A5050032403EDFFE4737849E412AC506FFFFE2C54016DFFE8217859E6012CA0500A280079C0140A6DFFE5407849E80FF900400A2A50DD416FFFF25062CB0DEFEC2294507000041A2D406FFFFD2F595EDD4AEFFFFC3AA22067C9DDEFEC2A935170100A21711006612EA075501D436FFFF80FFF001351705002217090082170100020681FF0AB0BA153517050022170900821703000206EFFFC21D351705002217090082170300020681FFB21535170100402EDFFE252F459F252E8813622F1900D416FFFF25062CB0DEFEC511420700001616FFFF6112BB15D436FFFF003ABFFF6AC735170500A22F1100652AD205042A422F1100C505012A42A9
:FF0B89002F170063B2EA05D436FFFF003ABFFF42C74016DFFE42076C9964B24016DFFE22BF459FDA2D35170100821711006012FA25D436FFFF003ABFFF18C735170100012A422F10004016DFFE2217F5AC352F01006517050035170100222F0500D729622F010035170500A22F1100652AD205042A422F1100C505012A422F17003517010022170100E2B9E11D35170100821711006112CA1564B2EA1535170100222F0500C5B962BF0100351701004207110035AF0500041255171100D505351701006207010041A2D406FFFFF2078FFEBFFFBACB40063F0F4016DFFE6237819E7F0022067C9DDEFE222F0100252F0900260620B0DEFE662F0100221705002217090085
:FF0C8800661705006607080066070A007F00800721000B3A2606C08F0300BFFFBCFFBFFFC2FF40063F0080072108BFFF84CB00A2E5154016DFFE2217819ED42EFF00C42AC229252F0500602A920DD42EFF00C42AC51122170500E2C760F941A2D416FF006B1286ED40063F088007210C4016DFFE2217819E6012E2074B02C33222067C9DDEFE06A0C2A13417010022170900250620B0DEFE6517010034170500221709006517050065070A003417010022170C00651708004016DFFE8217879E6012B20500AAE51D40AEDFFE35AF21B015AF00004016DFFE42AF859E00AAA5154016DFFE2217819ED52EFF00C42AC51182170100402EDFFEA52F859EE229820D41AAD54C
:FF0D870016FF006B12C6ED0012A50501126012CA25402EDFFE852F6D99602AEA1D220620B0DEFE22AF0500202E7F00552F000040AEDFFE15AF859E222F050045AF010022AF0500202E1100552F020003AA62AF0A00025280075A0160128A0D40AEDFFE55076C990352800748014016DFFE82176D9961128A154016DFFE2217819ED52EFF00C42AC511A2170D006012CA05035280071E014016DFFE2217819ED52EFF00C42AC229252F0900602AA2F5D52EFF00C42AC51182370D00BFFF6AC9605282154016DFFE2217819E9500C4AAD51122170900260620B0DEFEE2C760F9A51D220620B0DEFE222F050020367F0045370000402EDFFE052F859E223F0500472F01002A
:FF0E8600222F050045370200032A622F0A0002526452D22D6252A21D6152BA15220620B0DEFE222F0100052F0000252E400022370500462F0000222F0A00412A622F0A004016DFFE4207869EB5354016DFFE221725B0821703000206EDFFB2F54016DFFE82176D996112DAED0352B5ED220620B0DEFE222F0500223701000637000045370100222F050020367F0045370000222F05002036780045370200222F0A00432A622F0A004016DFFE012A422F869E4016DFFE22172AB0342F050065170E0040063F0C035240063F0C80072100BFFF64C840063F004016DFFE6237899E7F00820721004016DFFE2217899E6012232F0900D205632F0100E2C760F942063F00801B
:FF0F85000721080012C515C22EFF000530C232270630B0DEFEC639F02F4402260668930300C531262F0100672F01004112C22EFF00692AA6ED2606DA0F0200BFFF9AFF04A20032143880FF40020132143880FF380240063F088E072100003223172100F515C62EFF000550C2522B0630B0DEFECA592B570100F02F44022B0668930300C5592B2F05004929EA29E2054132C62EFF00642AF6E5C62EFF00682AEF070101C62EFF00F02F44022A0668930300C5512A2F0900E541BA75C62EFF00F02F4402280668930300C541282F2D00280654B0DEFEC541882F0100C50605008265C62EFF00F02F4402280668930300C541282F2900612ADA0DC62EFF00F02F4402280674
:FF10840068930300C541882F1900E539D90DC62EFF00F02F4402280668930300C541282F2900602ACA3D634F0900433F0C00002AC50DC546FF00234E0800C849C2410847000049470500412AC546FF00E741A1F5C616FF00F0174402250668930300C229251721006012B21D86000610F0174402250668930300C22925172100232F1900632F0500232F1500632F0100234F110023470D00233F0900E2C760F94E063F00541A633F0100A3074F400000840721000610F0174402250668930300C22925172D00250654B0DEFEC22985170100C2060600233E0C00F215F0374402220668930300C611222F0100224F11002237090087470500632F0500634F0100453A00F6
:FF1183004ABFFF50A80152440620004C1A7F00541A633F0100A3074F400000840721000610F0174402250668930300C22925172D00250654B0DEFEC22985170100C2060600233E0C00F215F0374402220668930300C611222F0100224F11002237090087470500632F0500634F0100453A004ABFFFE2A70152440620004C1A7F004016DFFE42378E9E7F008007210C613207A006A8AF2DD516FF00250654B0DEFEC22985170100C2060600FA05D4060600C205153080FF6E03D516FF00250654B0DEFEC22985170100C2060500FA05D4060500C205153080FFA6039500220654B0DEFED51142A7000040063F0C0012C515C22EFFFF0530C6312706109FDEFEC639EC2F8B
:FF1282004002260658950300C531262F0600672F00004112C22EFFFF672AA1ED7F00541A633F0100A3074F400000F0374402220668930300C61122172500402EDFFE2537FC9E41326537FC9E60120328E21520361400C2310238F5052547010067470100442A443AE7319AFD012A422F1600222F1400412A622F140046061F008007210080FF0C0080FF1E0140063F008A07210C00A280070201D416FFFFC412250618950300C229E5170100F0174402250668930300C22925172500402EDFFE651781B0821717006012823D4016DFFE222F81B0203614000338C731F5052547010067470100442A443AE7319AFD221781B042071600D416FFFFC412250618950300C25C
:FF13810029251709006012E20DD436FFFF0610C412250618950300C229251709000338E2C760F9D416FFFFC2122506009FDEFEC51162070100F52DD416FFFF02A8C2AA2506009FDEFEC5A9352F0100412A752F0100C412260618950300C23126170500E229931DD416FFFFC412250618950300C22925170D006012C20DD416FFFFC412250618950300C22925170D00E2C760F97507010041A2D416FFFF6412F607FDFE4A063F0C8007210C00A2F535D416FFFF02A8D5A92506109FDEFEC5A9F52F0100EC174002260658950300C231E6170500E22F822A602ABA1DD416FFFFEC174002250658950300C229251709006012D20DD416FFFFEC174002250658950300C229FE
:FF14800025170900E2C760F9750700003517000041127517000041A2D416FFFF6712F1C540063F0C63328B3D4016DFFE2217F99EC132E606B8140200C505B535B555A56D6012E22D0012C515C22EFFFF0530C6312706109FDEFEC639EC2F4002260658950300C531262F0600672F00004112C22EFFFF672AA1ED0012B50DC22EFFFFC22A2606009FDEFEC531660701004112C22EFFFF642AB6F54016DFFE6207F99E7F006112E2FD0012C515C22EFFFF0530C6312706109FDEFEC639EC2F4002260658950300C531262F0600672F00004112C22EFFFF672AA1ED4016DFFE012A622FF99E7F006212D2DD0012B50DC22EFFFFC22A2606009FDEFEC531660701004112C26F
:FF157F002EFFFF642AB6F54016DFFE022A622FF99E7F006312D2C54016DFFE032A622FF99E7F000012F525C22EFFFFC42A270618950300C539E72F0100F02F4402270668930300C539272F2D00E531BA15C22EFFFF0538C7392806109FDEFEC741EC2F4002270658950300C539272F0600682F00004112C22EFFFF672AF1D57F000012E51DC22EFFFFC42A270618950300C539E72F0100F02F4402270668930300C539272F2D00E531AA0DC22EFFFFC22A2706009FDEFEC539670701004112C22EFFFF642A86E57F00800721004016DFFE6207F99EBFFF34F9BFFF18FCBFFF82ACBFFFC4BCBFFF36F640063F008007210080FF8A084016DFFE012A422F209F40063F002C
:FF167E00800721084016DFFE22A7459FBFFF74FC05121428E22F822A602AFA05BFFF38ADBFFF44BDBFFF72F34016DFFE8217219F61129A0D20163200E2A782A260A2BA0580FFF80440063F08800721084016DFFE22A7459FBFFF2CFC05121428E22F822A602AFA05BFFFF0ACBFFFFCBCBFFF2AF34016DFFE8217219F61129A0D20163200E2A782A260A2BA0580FFB00440063F0800520A10F5050728C229852F0100C5514112E61191FD7F000052F505861701006012B21541524132CA16FFFF082EFFFFE511D6F5A50D871701006012C20D4617000041524132413ACA16FFFF082EFFFFE511A6F5460700004152CA007F00850D08170000461700005F3A413241426040
:FF177D003A8AFD7F000012C50D0628C229852F01000748C249894F0100E929EA054112E811C1F50152A50500527F0000128515C22EFF00C7290740C641084FFFFF055700004857FFFF454F000041125F32C22EFF00E629E1ED7F009515C816FF00C611022F0000C74EFF00C64909570000492F0000425700005F42413AC716FF00C82EFF00E511B1ED7F00D505463F00005F4241326042BAFD7F00A50D86170100882F0100E5118A0D5F3A41324142603AEAF50152A50500527F000012F50D0506D0FFA6150506C7FFFF0DEA174002862F0100C5112216D0FF4132862F0100602AFAED0152A5050052671701007F000052A50541520610CA11821701006012AAFD7F00BF
:FF187C00623AE60D070601FFBF0D0012A50541125F3AC72EFF00C236FF00E53191FD7F000012A5054112C22EFFFF050618FCB6FD7F000616FFFFC606FFFF0230BAFD7F008007210E00A207A806B09525D416FFFFC2122506AC950300C22985170100A52F0100C82A0229E5B19A15D416FFFFC2122506AC950300C229A537030085170300C8320231153880FF5A7941A2D416FFFF6D12D6DD40063F0E8007210E00A207A806B09525D416FFFFC2122506AC950300C22985170100A52F0100C82A0229E5B19A15D416FFFFC2122506AC950300C229A537030085170300C8320231153880FF4C7641A2D416FFFF6D12D6DD40063F0E0012D525C22EFF00E52F48022606F0AF
:FF197B00B0DEFEC531A62F0100C5067800F215C22EFF00E52F48022606F0B0DEFEC531862F3B00A6373B00C8320531F83744022506B6B0DEFEC629C52F01004112C22EFF006A2A96DD7F0000128007E601C22EFF00E52F48022606F0B0DEFEC629053701008332C6360F006132924D053701008332C6360F0062328A65C236FF00E53748022706F0B0DEFEC63987373B00A7473B00C842064187373D00A74F3D00C84A0649D04A0849C54A26060C960300C93186370F00A73F39008639E6398625C236FF00E53748022706F0B0DEFEC63987373B00A7473B00C842064187373D00A73F3D00C83A0639D03A0839C53A26060C960300C73186370F006032FA1DC236FF00B1
:FF1A7A00E53748022706F0B0DEFEC63987373B00A7473B00C842064187373D00A73F3D00C83A0639D03A0839F83F44022606B6B0DEFEC731C6170100053701008332C6360F006232A22D053701008332C6360F006432EA6DC236FF00E53748022706F0B0DEFEC63987373B00A7473B00C842064187373D00A74F3D00C84A0649D04A0849C54A26060C960300C931E6371100873F39008639E639CE4DC236FF000638E53F48022806F0B0DEFEC741883F3B00A84F3B00C84A0749883F3D00A8473D00C8420741D0420941F84744022706B6B0DEFEC839C71F01002706A89FDEFEC731863F0100603ADA25053F0300C83A854703000839833AC73E7F0020467D00E8398B50
:FF1B79001D053F0300C83A854703000839C746F8FF204E07FC49394842C846F8030839453F0200883A453F0300012A462F00004112C22EFF006A2AF60719FE7F008007210080FF800080FF240180FF2E3A4016DFFE8217B39F6512BA0580FFBC334016DFFE2217659FC2060100BA0580FFA62E4016DFFE2217659F202E1400E517821260129A0D80FFAC2280FF4A34BFFF68FDBFFFBAFD4016DFFE2217659F202EB004E51782126012DA0580FFE40080FFAE024016DFFE222F659F412A622F659F40063F00800721004016DFFE82179DB06012AA0D80FFAC076B52E1054016DFFE012A422F9CB040063F004016DFFE82179DB06012B23D0012D5350228A500E52E4500AA
:FF1C78002606F0B0DEFEC531A62F0100C5067800262E4300922505370100C832852F01000531C600802EFFFFE531A21D0228A500E52E45002606F0B0DEFEC531A62F4300063F4400C83A0539413A463F4300883A463F4400D505450701004507000041120228A5006A2A96CD7F004016DFFE8217699F012A6112EA054016DFFE422F9DB07F004016DFFE422F689F7F008007210080FF02334016DFFE61528A25E2176B9F6012402EDFFEE5373195EA054016DFFE62376A9FD515A231C60080FF16034016DFFE012A422F9AB04016DFFE22173095402EDFFE65176A9FB50562076A9F4016DFFEE2176D9F6012402EDFFEE5373195E20DA231C60080FF22034016DFFE0196
:FF1D77002A422F9AB04016DFFEE23731954016DFFE62376C9F80FF7E3261529A154016DFFEE2376F9F6032E21D8031C60080FF34034016DFFE012A422F9AB0C5154016DFFEA2179BB00206D8FFD60D22068CB0DEFE420709004207080042070F00012A422F0E004016DFFE62076E9F4016DFFEE237719F6032A20D8031C60080FF2E034016DFFE012A422F9AB04016DFFE6207709F4016DFFE8217739F6012AA154016DFFEA2179DB06112CA0D80FF48030112402EDFFE45179AB0402EDFFE4517729F4016DFFEA217739F6012AA2580FF860561529A0D22068CB0DEFE42070F00012A422F0E004016DFFEA2179DB061128A1580FF62056052CA0D80FF20030112402E1A
:FF1E7600DFFE45179AB0402EDFFE4517739F40063F0022068CB0DEFE4207030042070200420701004207000042070500420704004207070042070600420709004207080042070B0042070A0042070C0042070D0042070F00012A422F0E007F00800721004016DFFE82179BB061129A0D27068CB0DEFE47070E000A32BFFF26FA40063F008007210027068CB0DEFE0A32BFFFBAF94016DFFE42079CB04016DFFE42079DB080FFC61F80FFCC2380FFA62340063F007F0080072100BFFF34FDBFFFA2FF80FF681F80FF2C24BFFFEAFF40063F0022068CB0DEFE822F0100A2370100C8320531822F0300A2170300C8120511D01206117F12D215411225068CB0DEFE4517007A
:FF1F75000002309832453703000230903245370200881245170100011245170E007F0022068CB0DEFE822F0100A2370100C8320531822F0300A2170300C8120511D01206116012D2155F1225068CB0DEFE4517000002309832453703000230903245370200881245170100011245170E007F004016DFFEA21799B06912AF0D411225068CB0DEFE45170D00011245170E007F004016DFFEA21799B06012C21D5F1225068CB0DEFE45170D00011245170E00A5170D006012FA0D22068CB0DEFE42070300420702004207010042070000012A422F0E007F0022068CB0DEFE822F0500A2170500C8120511802EFFFFA229E629B60DC61125068CB0DEFE451704008812451736
:FF20740005007F0022068CB0DEFE2506FFFFFF00422F05001F2A422F04007F0022068CB0DEFE822F0700A2170700C8120511802EFFFFA229E629B60DC61125068CB0DEFE451706008812451707007F0022068CB0DEFE2506FFFFFF00422F07001F2A422F06007F0022068CB0DEFE822F0900A2170900C8120511802EFFFFA229E629B60DC61125068CB0DEFE451708008812451709007F0022068CB0DEFE2506FFFFFF00422F09001F2A422F08007F0022068CB0DEFE822F0B00A2170B00C8120511802EFFFFA229E629B60DC61125068CB0DEFE45170A00881245170B007F0022068CB0DEFE2506FFFFFF00422F0B001F2A422F0A007F004016DFFE821799B002060174
:FF217300FFF2054112402EDFFE451798B07F004016DFFE1F2A422F98B07F004016DFFEA2179BB0020601FFF2054112402EDFFE45179BB07F004016DFFE1F2A422F9BB07F00800721004016DFFE8217559F6012CA05C60080FFC41540063F00800721000640003A013281FFE06A2206589FDEFE222F01004A29221705004B110229602AEA57000040063F008007210080FF181C40063F008007210080FF441C40063F008007210080FF521C40063F008007210080FF601C40063F008007210080FF681E40063F008007210080FF721E40063F008007210080FF7E1E40063F008007210080FF8A1E40063F008007210080FF961E40063F008007210080FFA21E40063F0007
:FF2272008007210080FFAE1E40063F008007210080FF2202CA0040063F008007210080FFA82E40063F008007210080FFC03540063F008007210080FFEC3540063F008007210080FFF83640063F008007210080FF6A3740063F008007210080FF9A3740063F008007210080FF9A3740063F008007210080FF9A3740063F008007210080FF9A3740063F008007210080FF9A3740063F008007210080FFBE3740063F008007210080FF5E3840063F008007210080FFC83840063F008007210080FFF03840063F008007210080FFF03840063F008007210080FFF03840063F008007210080FFF03840063F008007210080FFF03840063F008007210080FF5E3940063F00805D
:FF23710007210080FF5E3940063F008007210080FF183A40063F008007210080FF183A40063F008007210080FFB23A40063F008007210080FFB23A40063F008007210080FF5A3B40063F000012A5054112C206FFFFD2FD00527F008007210080FF3E2C40063F008007210080FF482C40063F008007210080FF3A1C40063F004016DFFE2257459F7F004016DFFE2217459FF0174214402E7A44E5176E14F11740547F008207210063070100024A80FF800DCA0042063F008007210080FF7A1D40063F001F12671700004807000000120228852DC256FFFFF45740022B06E0950300CA59C956FFFFC252CA592B570100EA31FA0D67170000C92EFFFF0452A551012AEA2FB7
:FF247000C250085F00000A59485F0000414AC956FFFF6552E1DDC506FF00FA054112C206FFFFDA05004AC5F50052B5058056FFFFEA007F006032FA4D20168000E239BB4D61429A4D673ACF0DF43740022206E0950300C611C23AC711225701007F00683AAA0DF43740022206E0950300C231265701007F000706F0FFAA0DF43740022206E0950300C611225705007F000706E0FFAA0DF43740022206E0950300C611225709007F000706C0FFAA0DF43740022206E0950300C61122570D007F00070680FFAA0DF43740022206E0950300C611225711007F0000527F008007210E6032CC0580A6FFFFC565E6A645002206F0B0DEFED41182A73B00A22F3B00C82A14298294
:FF256F00A73D00A2AF3D00C8AA14A9D0AA05A961428AED00A295151410E2000728C229E64645002906F0B0DEFEC849C249091704004517000041A21410E2000206D0FFC6ED20A6180000B29525D516FFFFEA174002250602960300C22985170500A5370500C832023185170700A52F0700C82A0229D02A06291610E200C211C229E5370100BFFFA6BECAA141B2D516FFFFEA174002250602960300C22985170900A52F0900C82A02291610E200E511F6CD1450EA0040063F0E8007210F06A007A808B009B880FF542F6052E4050A3016381740BFFF0AFF1430BFFFE6FBF551BA0561BAC20520B6FF00D54D0012A5150228E5001630C5311438F83F44022806B6B0DEFEFF
:FF266E00C741C541082F0800462F000041120228E5000506D0FFB6ED20B6180000AA85251410EA174002250602960300C22985170500A5370500C832023185170700A52F0700C82A0229D02A06291510E200C211C229E5370100BFFFD2BDCAB141AA1410EA174002250602960300C22985170900A52F0900C82A02291510E200E51196D51650AA0040063F0F8207210C07A008A8630702004307010023460100233E02001548BFFF20FD6052B40DA33F0100E337030014401548BFFF00FF42063F0C1F5242063F0C8007210080FFE03740063F008007210806A0BFFFE4FB0012B515C22EFF001430C531E52F48022706F0B0DEFEC539072F0100832AC52E0F00462F004B
:FF276D00004112C22EFF00692ADF05C22EFF00EA29F1E540063F088007210C06A007A8BFFF9CFB0012951DC22EFF001430C5310538E53F48022806F0B0DEFEC741883F3B00463F0000D529083701008332C6360F00453700004112C22EFF00692ADF05C22EFF00EA2991E540063F0C8007210080FF783740063F008007218F00A208A806B014B807C08535D416FF00E51748022506F0B0DEFEC511022F0100832AC52E0F00612A8A25D42EFF00E52F48022706F0B0DEFEC539A7373B00872F3B0082170100C8320531C23E1F001540BFFF6CFC6052920D1710A200C212D611625701005FC241BA41A2D806FFFF14108200B2056A12B6CD1750AA0040063F8F8007210C23
:FF286C0000A2F515D416FFFFF81744022506B6B0DEFEC22985170100C2061F00920DD436FFFF003ABFFF24F941AA63AAC1ED41A2D406FFFFBA0500AA95FD40063F0C800721080740003ABFFF5EFB0AA0BFFF6CFB1450AA0040063F088207210E06A0074000AA03301538BFFF3EFB0AB0BFFF4CFB1550C50D1510E200C2120328C22925170100E2A1E157045341AA1510E200F611A6F5AA0042063F0E8207210E06A0074000AA03301538BFFFD2FE0AB0BFFF1CFA1550C50D1510E200C2120328C22925170100E2A1E157045341AA1510E200F611A6F5AA0042063F0E9407210806A00330BFFF18FA00120228C50D0230E600C2320338C63927370100E6A1E12F042B4122
:FF296B00120230E600CA3EFFFFE73186F50550AA0054063F088207210E06A00848630702004307010043070000234601002316020007300238BFFF90FA6052B47D03A8151700001E2A4511E32F0300F82F44023606B6B0DEFED629A52F0100C52E01000511431700001D2A4511E32F0300F82F4402D629A52F0100C52E02000511431700001B2A4511E32F0300F82F4402D629A52F0100C52E0400051143170000172A4511E32F0300F82F4402D629A52F0100C52E0800051143170000C216EF00E32F0300F82F4402D629A52F0100C52E1000051143170000A33F0100E337030080FF360715170000202EDFFF4511C552CA2E2000051143170000202EBFFF4511E32F58
:FF2A6A000300F82F4402D629A52F0100C52E4000051143170000C2167F00E32F0300F82F4402C5B1B62F0100C52E80000511431700000310021700005417000042063F0E8207210C06A007A8630702004307010023460100233E02001548BFFF6CF96052A40D14301538BFFF74FE6052C205015242063F0C005242063F0C00120250E51DC23EFFFFF43F40022806E0950300C7410538A700C23AC741283F0100603A820D0A40A800C242C641683F01004152412A0538A700653AD1E54112C206FFFFBA05002AF5F5AA007F000152475700007F0001527F00800721006132EA050730BFFF9CFF40063F001F5240063F001F527F008207210E07A008A863070200430701AD
:FF2B69000023460100233E0200BFFFBEF80AB0A33F0100E337030080FF042A7F52E20799017FB2E2079301140601FF926D67A2F25D65A2921D1416FFFF6112EB077B01EA1645002506F0B0DEFEC22905174400A52F430055A7050055170600552F0700085242063F0EEA1645002506F0B0DEFEC511022F0100832AC52E0F00612ABA0DE3170300C51225060C960300C22905170C00C525022F0100832AC52E0F00622ABA0DE3170300C51225060C960300C22985170F00B515021701008312C2160F006412B2050012A50DE3170300C51225060C960300C22905171000EA2E45002606F0B0DEFEC531062F3900A511A505011255A7050055170600075242063F0E0212F7
:FF2C680055170500EA1645002506F0B0DEFEC22905174400A53743005517060055370700051255170800051701008312C2160F006112BA0DE32F0300C52A22060C960300C511022F0C00C525051701008312C2160F006212BA0DE32F0300C52A22060C960300C511822F0F00B515052F0100832AC52E0F00642AB205002AA50DE32F0300C52A22060C960300C511022F1000EA1645002606F0B0DEFEC23106173900A229552F0900071255170A00011255170B000C5242063F0E1F5242063F0E8207210C6307020043070100603A09A008A8E2058056FFFFEA0042063F0C23460100233E02001448BFFFE4F66052D4F5A33F0100E337030015401448BFFFC4F842063F5D
:FF2D67000C820721000748630702004307010023460100233E0200BFFFB2F66052C40DE3170300C51225060C960300C2298557130042063F008A0042063F00820721000748630702004307010023460100233E0200BFFF78F66052E40DE3170300C51225060C960300C22985171B0005571B00C852025142063F008007218F00A207A806B014B8F515D83EFF00D436FFFF1540BFFFAEF66052820D1710A200C212D6116257010041BA41C2D816FF006512C1ED41A2D406FFFFBA0500C2F5F5D756FF0040063F8F2206A0B0DEFE822F0100A2370100C8320531822F0300A2570300C8520551D05206517F002206A0B0DEFE822F0500A2370500C8320531822F0700A2571A
:FF2E66000700C8520551D05206517F001F527F001F527F001F527F00820721000748630702004307010023460100233E0200BFFF9CF56052F40DE3170300F81744022506B6B0DEFEC2298517070005570700C852025142063F0080072100BFFF98F440063F008007210F06A0BFFF06F500AAB53DD516FF00E51748022506F0B0DEFEC229A5170100C2067800D22DD516FF00E51748022506F0B0DEFEC22985173B00A52F3B00C82A0229C52A22060C960300C511822F1B00A2371B00C8320531822F1D00A2171D00C8120511D0120611E2A1E2052206FFFFFF00E2A1DA05D536FF0080FF9E2841AAD516FF006A12B6C500AAA57DD516FFFFC51225060C960300C2298578
:FF2F6500B7050005170600A2B100BA853DD516FFFFF81744022506B6B0DEFEC511822F0100C5061F00F22DD52EFFFFC52A26060C960300C531862F1B00A63F1B00C83A0539862F1D00A6371D00C8320531D0320731E6A1E2052506FFFFFF00E5A1BA15022F0300852E0800C52EF800422F0300D536FFFF003ABFFFDAF141BAD616FFFFE2B9E3C5D536FFFF06B0F8B744022206B6B0DEFEC2B1B6170300C216F00056170300B6170100C22EFE00562F0100C216FC005617010080FF9205B6170100C22EFB00562F0100C22EF300562F0100C2167300561701005607070056070600D627030041AAD506FFFFD285BFFF92F3BFFF36EE2206A0B0DEFE4207030042070200D4
:FF3064004207010042070000420707004207060042070500420704000012B50DC22EFF002606A0B0DEFEC531012A462F08004112C22EFF00622AB6F580FFC200015240063F0F20567F007F000A527F001F527F001F527F001F527F001F527F0000527F00E61645002506F0B0DEFEC229A5170100052F0200C82A0229872AC5560F007F000112E617C0000228BF2A2606589FDEFE613ACA0D263F05000539262F0100663F05000229662F01007F00263F01002210423926170500663F010025284511661705007F006032CA0D2206AAB0DEFEC611022F08000729422F080001527F0000527F0060329A0D2206AAB0DEFEC6114207080001527F0000527F000012A50DC243
:FF3163002EFFFF2606AAB0DEFEC531460708004112C206FFFFD2F501527F0060329A0D2206AAB0DEFEC611821709006711BA0500527F0001527F0082072100231709006012FA056317010080FF261042063F00022EFEFF612AFB056317010080FFBA2E42063F006112FA056317010080FF0E0042063F001F5242063F00800721CF00A209A808B006B814C007C8B53D61AAD20562AAB2050112A5050012D42EFF00E52F48022606F0B0DEFEC629053701008332C6360F006012CA256132AA25D416FF00E51748022706F0B0DEFEC239A7373B0087173B00852F0100C8320231C53E1F001640BFFF60F2CA06FFFFA20D1810A200C212D711CA00625701005FCA41C241A205
:FF326200D906FFFF14108200B2056A1286C51850AA0040063FCF800721000610F81744022506B6B0DEFEC511022F0000203EE0FF4729422F0000852E1000422F0000022F0300853E2000423F0300853E3000423F0300852EB000422F0300022F0100853E0100423F0100852E0300422F0100C53EBF00423F0100C52EAF00422F0100203E1000BFFF44FE40063F00800721000610F81744022506B6B0DEFEC511022F0000203EE0FF4729422F0000852E0800422F0000022F0300853E2000423F0300853E3000423F0300852EB000422F0300022F0100853E0100423F0100852E0300422F0100C53EBF00423F0100C52EAF00422F0100083ABFFFD2FD40063F00800721AB
:FF336100000610F81744022506B6B0DEFEC511022F0000203EE0FF4729422F0000852E0400422F0000022F0300853E2000423F0300853E3000423F0300852EB000422F0300022F0100853E0100423F0100852E0300422F0100C53EBF00423F0100C52EAF00422F0100043ABFFF60FD40063F00800721000610F81744022506B6B0DEFEC511022F0000203EE0FF4729422F0000852E0200422F0000022F0300853E2000423F0300853E3000423F0300852EB000422F0300022F0100853E0100423F0100852E0300422F0100C53EBF00423F0100C52EAF00422F0100023ABFFFEEFC40063F00800721000610F81744022506B6B0DEFEC511022F0000203EE0FF4729422FCF
:FF3460000000852E0100422F0000022F0300853E2000423F0300853E3000423F0300852EB000422F0300022F0100853E0100423F0100852E0300422F0100C53EBF00423F0100C52EAF00422F0100013ABFFF7CFC40063F00F83744022206B6B0DEFEC23186170100C216E00046170000C6AF0300A6170100C22EFE00462F0100C22EBE00462F0100C216AE00461701007F00C6312206AAB0DEFEC611822F0B00C52EFE00A2370900C63601000629422F0A00C28709007F00C6312206AAB0DEFEC611822F0B00C52EFD00A2370900C63602000629422F0A00C28F09007F00C6312206AAB0DEFEC611822F0B00C52EFB00A2370900C63604000629422F0A00C29709007F1A
:FF355F0000C6312206AAB0DEFEC611822F0B00C52EF700A2370900C63608000629422F0A00C29F09007F00C6312206AAB0DEFEC611822F0B00C52EEF00A2370900C63610000629422F0A00C2A709007F008007210806A0BFFF3CFF1430BFFF5CFF1430BFFF7CFF1430BFFF9CFF1430BFFFBCFF40063F08800721080610C2112506AAB0DEFEC22905160900C5C70A0006A0BA05C20700001430BFFF20FF1430BFFF40FF1430BFFF60FF1430BFFF80FF40063F08800721080610C2112506AAB0DEFEC22905160900C5CF0A0006A0BA05C20F00001430BFFFBEFE1430BFFF04FF1430BFFF24FF1430BFFF44FF40063F08800721080610C2112506AAB0DEFEC2290516090081
:FF365E00C5D70A0006A0BA05C21700001430BFFF82FE1430BFFFA2FE1430BFFFE8FE1430BFFF08FF40063F08800721080610C2112506AAB0DEFEC22905160900C5DF0A0006A0BA05C21F00001430BFFF46FE1430BFFF66FE1430BFFF86FE1430BFFFCCFE40063F08800721080610C2112506AAB0DEFEC22905160900C5E70A0006A0BA05C22700001430BFFF0AFE1430BFFF2AFE1430BFFF4AFE1430BFFF6AFE40063F08F83744022206B6B0DEFEC611A2170100C25601007F00F83744022206B6B0DEFEC611021701008112C25601007F00F83744022206B6B0DEFEC611021701008412C25601007F00F83744022206B6B0DEFEC611021701008512C25601007F00F8E5
:FF375D003744022206B6B0DEFEC611021701008612C25601007F00F83744022206B6B0DEFEC611A25701008A0087527F008007210C0706E1FF06A0AF0D603AE215683AF20D0706F0FFC20D40063F0C0706E0FFF2050706C0FFC205070680FFEAF50730143880FF580295F514A8F8AF44022206B6B0DEFEC2A9D5F70300EA070D01B5170300C2160F006112E225B5170300C2160F00681282251410C51225060C960300C229E51709006012E2151517030082160100C216F100551703001410F81744022506B6B0DEFEC22901124517040045070500A55D1410F81744022506B6B0DEFEC22985170500052F0500C82A0229E50015170300103246111430C53227060C96EE
:FF385C000300C63927370800E531FF25822E0200552F03008216420055170300143080FF0A084016DFFE012A422FB5B0D53F03001410F81744022506B6B0DEFEC22945070500450704001430BFFF08FD1430BFFF0AFCD5270300851D82160100551703001410F81744022506B6B0DEFEC2298517050005370500C8320231413245370400883245370500B5170300C2062000E2070701C2160F006112821DB5170300C2160F006812A2151410C51225060C960300C229E51707006012820D1517030082160800C216F800A5451410F81744022506B6B0DEFEC22985170500052F0500C82A0229E50015170300103246111430C53227060C960300C63927370600E531C665
:FF395B002582160900551703001430BFFF4EFBD53F03001410F81744022506B6B0DEFEC2291410C51226060C960300C23126170600451704008812451705001430BFFF14FCD5270300851D82160800551703001410F81744023506B6B0DEFEC2A995170500152F0500C82A02295F2A552F0400882A552F0500F8A744022206B6B0DEFED41102A7050082AF050042A7070042AF060040063F0C82160800C216F80055170300F8A744022206B6B0DEFED41101A242A704004207050040063F0C8207218F07A0F8A744022206B6B0DEFEC2A1B4170300C2160F00681207A806B0DA0D1510F81744022506B6B0DEFEC2290112451704004507050094170100002AD51DC236AD
:FF3A5A001F00C53EFF00E73780006032CA15C536FF00073AA6390132E737C000F631BA0D1530C53227060C960300C63987371F0076318A0D412AC536FF00653296E542063F8FB4170300C2160F006312C225B4170300C2160F006412E21DB4170300C2160F006512821DB4170300C2160F006612A215B4170300C2160F006712C20D1510C51225060C960300C229E51705006012EA0763021510F81744022506B6B0DEFEC22985170500052F0500C82A02291510C51226060C960300C231E6170500E511EF079F016307010000BA851D1710C2112506F4950300C229E5370100231701001528F82F44022706B6B0DEFEC539C239483A0340BFFF8CA841BA62BA86ED15CE
:FF3B590010EA174002250602960300C22985170900A5BF0900C8BA02B900C2A52D1510EA174002250602960300C22985170500A5370500C832023185170700A52F0700C82A0229D02A06291810C211C229E5370100231701001528F82F44022706B6B0DEFEC539C239483A0340BFFF18A841C21710E200E2C1C6D54016DFFE012A422F749F1417030082160A00C216FA005417030015A0F8A744022206B6B0DEFED41115A0C5A225060C960300D42925A7040042A7040088A242A705001606E1FFDF0D68B2B21D1606F0FFCA2D1530BFFF62FA1530BFFFC2F6D5251606E0FFD2151606C0FF921D160680FFCA1D1530BFFF8EF91530BFFFF8F7D5151530BFFF70FA153097
:FF3C5800BFFF20F6E50D1530BFFFEAF91530BFFFF8F6F5051530BFFFA0F91530BFFF5CF740A6DFFE94A7A9B061A2FA0717FE3406A0B0DEFE54070800014215301638BFFF0EE8545700000AA898AA54AF03000AA890AA54AF020088525457010042063F8F1606E1FFDF0D68B2C21D50B2FA07D5FD14B7030096B60400D6B6F400E5251606E0FFE2151606C0FFA21D160680FFFA07B3FD14B7030096B60700D6B6F700D51514B7030096B60300D6B6F300E50D14B7030096B60500D6B6F500F50514B7030096B60600D6B6F60054B70300F8AF44023406B6B0DEFED5A194AF050014B70500C8B215B141B254B7040088B254B7050042063F8F1606E1FFDF0D68B2A22D5099
:FF3D5700B2FA0741FD1417030082160400C216F400D52D1606E0FFC2251606C0FFE235160680FFFA071FFD1417030082160700C216F70054170300F8AF44022206B6B0DEFED511012A422F040042070500BF07F4FC1417030082160300C216F300F5051417030082160500C216F50054170300F8AF44023406B6B0DEFED5A101AA54AF04005407050042063F8F1417030082160600C216F600B5ED0012A5054112C206FFFFD2FD0112402EDFFE4517759F402EDFFE4517769F402EDFFE4517779F7F0080072100BFFFD4FF4016DFFEA217759F6012D20D4016DFFE8217779F6012F2054016DFFEA217779F6012CA05005240063F00015240063F0080072100BFFF9CFF64
:FF3E56004016DFFEA217759F6012EA57000040063F0080072100BFFF82FF4016DFFE8217779F6012EA57000040063F0080072100BFFF68FF4016DFFEA217779F6012EA57000040063F008007210080FF080040063F00800721084016DFFEA217B5B06012A20D3406AAB0DEFE0B321438BFFF52DA54070B002706AAB0DEFE483A0C32BFFF40DA40063F08800721000012954DC22EFFFF0530F83744022706B6B0DEFEC6396707010087370100C6361F000540C54229060C960300C84909471200C5420831473700004707050047070400C5292606AAB0DEFEC531493266070000A72F0100C536FE0047370100C536FC0047370100C536F80047370100C536F000473701D6
:FF3F550000C52E7000472F01008536100047370100852E5000472F0100472F01004112C206FFFFE2B580FF0C00BFFF70FE40063F008007210880FF94003406AAB0DEFE54070B000B321438BFFF20D9143E08000C32BFFF16D90012C535C22EFFFF0530F83744022706B6B0DEFEC731063F03002046BFFF4839832A2806AAB0DEFEC541E817E600820D873E4000463F0300C6A70100D505463F0300C6270100C22EFFFFC52A27060C960300C539072F1600C52A863F0300C73E1F000539463F02004112C206FFFFB2CD40063F080012E50DC22EFFFFF82F44022606B6B0DEFEC629C5B70300C52701004112C206FFFF92F54016DFFE4207759F4016DFFE4207769F401683
:FF405400DFFE4207779F0012A50DC22EFFFF2606AAB0DEFEC531460700004112C22EFFFF682AC6F54016DFFE012A422FB5B07F00061083122506AAB0DEFEC511E237E0007F00F83744022206B6B0DEFEC61182170100C2561F007F00F83744022206B6B0DEFEC611021703008512C25601007F00F83744022206B6B0DEFEC611021700008412C25601007F00F83744022206B6B0DEFEC611021700008312C25601007F00F83744022206B6B0DEFEC611021700008212C25601007F00F83744022206B6B0DEFEC611021700008112C25601007F00F83744022206B6B0DEFEC61182170100C25601007F008007218F08A007A806B60000E20560AAC20500BA17C0A5250005
:FF415300C2B525D716FFFFF81744022506B6B0DEFEC22985170100C23E1F00603A9215D736FFFF1440BFFF2CE3D816FFFFC212D6116257010041C2D816FFFFF511D90541BAD706FFFFF2DDD856FFFF40063F8F001202508515C22EFFFFF82F44022606B6B0DEFEC531862F0100C5061F00E057B4534112C206FFFFF2EDCA007F00800721EF09A008A807B006BE0000F20560B2D20500C218C818D0E56500C2F56561A2D20562A2B2050112A5050012D92EFFFFF82F44022606B6B0DEFEC531862F0100C53E1F00603AE24DA21601006012A24DD936FFFF1540BFFF7CE20012D52DC22EFF00E52F48022606F0B0DEFEC531862F3B00A63F3B00C83A0539862F3D00A6374F
:FF4252003D00C8320531D0320731D92EFFFFE629AA158200E51748023A06F0B0DEFEC2D19A1703001AD70300C8D202D183D2DAD67F00E5054112C22EFF006A2A96D5D816FFFFC212D7111A28D92A2606FFFFFF01062945516257010041C2D816FFFFF611D90541CAD906FFFFB29D1850AA0040063FEF0012B50DC22EFF002606A89FDEFEC531012A462F00004112C22EFF006A2AB6F57F008007210C3406F0B0DEFE00AA15301438BFFFC6D5343E45000132BFFFBCD5343E8A000232BFFFB2D5343ECF000332BFFFA8D5343E14010432BFFF9ED5343E59010532BFFF94D5343E9E010632BFFF8AD5343EE3010732BFFF80D5343E28020832BFFF76D5343E6D020932BF12
:FF435100FF6CD5A50541AAD516FF006A12C6FD40063F0C8007210E00A214A880070807D516FF00E51748022506F0B0DEFEC511022F0100832AC52E0F00612AE207B301622AE2072504642AEA07DB06402EDFFEA52F9DB0612AEA07CD06D52EFF00E52F48022606F0B0DEFEC531862F3B00A63F3B00C83A0539862F3D00A6373D00C8320531D0320731C62EFFFFF82F44022706B6B0DEFEC539872F0100823F01004729C5061F00E207B905022F0200C82AA23F01000729872AC52E0F00612AEA07D904022F0100852E0800C52E8F00422F0100022F0200C82AA23F01000729852E0002203E7FFA4729422F0100882A422F0200D52EFF000538E53F48022806A89FDEFECF
:FF445000C829450700002806F0B0DEFEC74148073800C63EFFFFC53A29060C960300C749E93F0D00074EFFFF603AE74F243B483F3900A83F3900603AEA07D505023F0100873E1000C73E9700423F0100023F0200C83AA24701000839873E8000423F0100C73E00F8883A423F0200C63EFFFFF83F44022806B6B0DEFEC741C81F0100023F0300C83A824703000839833AC73E7F0020467D00E8398B1D023F0300C83A824703000839C746F8FF204E07FC49394842C846F8030839423F0200883A423F0300011245170000D516FF00E51748022506F0B0DEFEC229C600C53222060C960300C61102170E004517390080072205402EDFFE852F9DB0612AEA072B05D52EFF6C
:FF454F0000E52F48022606F0B0DEFEC531862F3B00A63F3B00C83A0539862F3D00A6B73D00C8B205B1D0B207B1D62EFFFFF82F44022606B6B0DEFEC531862F0100823701004629C5061F00E207C701D62EFFFF0530C6312706AAB0DEFEC639A7370900F82F44022706B6B0DEFEC539872F01004531D52EFF00E52F48022706F0B0DEFEC539C6061F00272E3900E2076D01852F0100602AE20DD52EFF00E52F48022606F0B0DEFEC531062F39005F2A462F3900D52EFF00E52F48022606F0B0DEFEC531A62F3900602AEA074904022F0100852E1000C52E9700422F0100022F0200C82AA23701000629852E8000422F0100C52E00F8882A422F0200D62EFFFFF82F4402A1
:FF464E002606B6B0DEFEC531C61F0100022F0300C82A823703000629832AC52E7F0020367D00E629EB1D022F0300C82A823703000629C536F8FF203E07FC47294832C636F8030629422F0200882A422F0300D52EFF002606A89FDEFEC629013245370000402EDFFEA52FA9B0612AEA35402EDFFE4507A9B082170100C2060100B20504A2C515C2060200B20503A2F50DC2060400B20502A2A50DC2060800B20501A2D505C2061000A20500A2D43EFF00D636FFFF0142BFFFA4DD2206A0B0DEFE425704000A28982A422F07000A28902A422F0600885242570500D516FF00E51748022506F0B0DEFEC229D600C5B222060C960300D611BF07F2FDD600C5B222060C9603D4
:FF474D0000D61102170C004517000080070403022F0100852E2000C52EA700422F0100022F0200C82AA23701000629852E8000422F0100C52E00F8882A422F0200D516FF00E51748022506F0B0DEFEC22945073900D600C5B222060C960300D61102171000451738008007AA02402EDFFE852F9DB0612AEA07B302D52EFF00E52F48022606F0B0DEFEC531A62F3D00863F3D00A6473B00864F3B0082570100CA561F00405EDFFE4B57B59FC8420941C82A0729D02A0829C53EFFFFF83F44022806B6B0DEFEC741883F0100C73E1F00404EDFFE493FB69F883F0100824701004839C7061F0026363900D20DC500C52A22060C960300C51102170E00461700008007140244
:FF484C00863701006032E20DD536FF00E53748022706F0B0DEFEC639073739005F3247373900D536FF00E53748022706F0B0DEFEC639A73739006032EA07D9010237010086362000C636A7004237010002370200C832A23F0100073186360001203E7FF9473142370100883242370200D516FF00E51748022606F0B0DEFEC23146073900C500C52A22060C960300C511021710004617380080077C01022F0200C82AA23F01000729872AC52E0F00622AEA076501022F0100852E1000C52E9700422F0100022F0200C82AA23F01000729852E0002203E7FFA4729422F0100882A422F0200C62EFFFFF82F44022706B6B0DEFEC539C71F0100022F0300C82A823F030007F9
:FF494B0029832AC52E7F00203E7D00E729EB1D022F0300C82A823F03000729C53EF8FF204607FC4829483AC73EF8030729422F0200882A422F0300D516FF002506A89FDEFEC511012A422F0000D516FF00E51748022506F0B0DEFEC22945073800BF077EFBD52EFF00E52F48022706F0B0DEFEC539072F38005F2A472F3800872F3900602A8A4DA22F0100C52E8700422F0100022F0200C82AA23F01000729203E7FF84729422F0100882A422F0200D52EFF002706A89FDEFEC53947070000023F0300C83A824703000839204607FC4839423F0200883A423F0300C600F83744022206B6B0DEFEC611A2370100C63EF700423F0100C636770042370100E52F4802220613
:FF4A4A00F0B0DEFEC5114207380042073900BFFFACD5D516FF00E51748022506F0B0DEFEC229011245173E0041AAD516FF006A12F607F7F880FF100580FFC80540063F0E8007210C00A285654016DFFE42A7B89FD4AEFFFFF8AF44022206B6B0DEFEC2A995170100C206E000E24DD5E70300B24DD5EF0300BA0500AAA54595170100C23E1F00D436FFFF80FF96046052F4058A00D436FFFF0A3880FF7A00D5A70300B535D516FF00E51748022506F0B0DEFEC229A5170100C20678009225D516FF00E51748022506F0B0DEFEC22985173B00A5373B00C832023185173D00A52F3D00C82A0229D02A0629D416FFFFE511FA05D53EFF00D436FFFF80FF1A0041AAD516FFB3
:FF4B4900006A12F6CD41A2D406FFFFF29D40063F0C8007218FE7A645002206F0B0DEFEC2A1141701008312C2160F00641207A806B0E20707026212E2075B016112EA07DD03F51645002506F0B0DEFEC229A517390060128A6D1417010082161000C21697005417010014170200C812B42F010005118216800054170100C21600F88812541702001610F81744022506B6B0DEFEC511C21F010014170300C812942F030005118312C2167F00202E7D00E511CB1D14170300C812942F03000511C22EF8FF203607FC4611482AC52EF8030511541702008812541703002206A89FDEFED511012A422F00004016DFFE8217759F6012A20D4016DFFE4207749F1538A700163070
:FF4C480080FFE613F51645002506F0B0DEFEC2291610C51226060C960300C23106170E004517390016B8F8BF44022206B6B0DEFEC2B9D7EF0300D205153080FF180BD51DD79701001417010082162000C216A7005417010014170200C812B42F010005118216800054170100C21600F88812541702001630BFFFF0E8F5A645003506F0B0DEFED4A901A255A73E00D7A7030040063F8F16B8F8BF44022206B6B0DEFEC2B9D7EF0300E245F51645003806F0B0DEFEC2C11610C51225060C960300C22905170E0058173900153080FF8A0A011258173E004016DFFEA217A9B06112BA1D3806A0B0DEFE5807090094A70100D43E1F0001421630BFFF68D7585704000AA09855
:FF4D4700A258A707000AA090A258A7060088525857050040A6DFFE94A7759F60A2A20D40A6DFFE5407749F1538A700163080FFBA12D7A7030040063F8F16B8F8BF44022206B6B0DEFEC2B9D7EF0300E207430114170200C812B42F010005118712C2160F006112FA2D1417010082160800C2168F005417010014170200C812B42F0100051182160002202E7FFA451154170100881254170200F5A645002206A89FDEFED511420700003806F0B0DEFED4C158073800C5B234060C960300D6A114A70C00E55D14170200C812B42F010005118712C2160F006212EA0743011417010082161000C21697005417010014170200C812B42F0100051182160002202E7FFA451116
:FF4E460054170100881254170200D71F010014170300C812942F030005118312C2167F00202E7D00E511CB1D14170300C812942F03000511C22EF8FF203607FC4611482AC52EF8030511541702008812541703003406A89FDEFED5A1011254170000F5A645003806F0B0DEFED4C158073800C5B234060C960300D6A114A70E0058A73900153080FFD20801A258A73E00E545B4170100C21687005417010014170200C812B42F01000511202E7FF845115417010088125417020014170300C812942F03000511202E07FC4511541702008812541703002206A89FDEFED51142070000B7170100C22EFB00572F0100C22EF300572F0100C216730057170100F5164500340E
:FF4F450006F0B0DEFEC2A15407380054073900BFFFB0D0011254173E00D7A7030040063F8F8007210806A080FF18067F52CA0D143080FF9802F8A744022206B6B0DEFED411C2A7030040063F088007210800A21410952DC22EFF00E52F48022606F0B0DEFEC531062F0100832AC52E0F00622A9A1DC22EFF00E52F48022606F0B0DEFEC531862F3B00A6373B00C8320531C53225060C960300C629A52F1F00602AA20501A24112C22EFF006A2AD6D580FF3000940061A2DA0580FF3A0040063F0880FF3E0040063F084016DFFE0257B39F7F004016DFFE012A422FB39F7F004016DFFE4207B39F7F004016DFFE0257B49F7F004016DFFE012A422FB49F7F004016DFFE10
:FF5044004207B49F7F008007210800A2E56DD416FF00E51748022506F0B0DEFEC22985173F0061129A65D416FF000228E52F48022606F0B0DEFEC53146073E006912CB55C112E2068C500200A50DE50DC515A51D8525E525C52DA535853DE53D2706F0B0DEFE0032F53D2206F0B0DEFE223E45000132853D2206F0B0DEFE223E8A00023295352206F0B0DEFE223ECF000332A52D2206F0B0DEFE223E14010432B5252206F0B0DEFE223E59010532C51D2206F0B0DEFE223E9E010632D5152206F0B0DEFE223EE3010732E50D2206F0B0DEFE223E28020832F5052206F0B0DEFE223E6D020932BFFFEEC741A2D416FF006A12869540063F08800721CF00A208A807B0060C
:FF514300B814C0B55DD816FFFFF41740022506E0950300C229D916FFFFC212C22925170100E2B9DA45D916FFFF042AA2290112E517C0000032853D0628A500E52E45002706F0B0DEFEC729A53F0100C7067800A22D0638A700E73E45002806F0B0DEFEC741883F3B00A84F3B00C84A0749883F3D00A8473D00C8420741D0420941D83EFFFFE8398A15852F0100C52E1F00C23EFF00E5398A0DA60016381540BFFF6AD341A2E50541320628A5006A2AE6C541CAD916FFFF651281AD41C2D806FFFFBA0500CAF5F5D456FF0040063FCF8207210806A01F12431703004307020080FF7600435703008A006952832D233E02002336030080FF74010317030060128415141081
:FF524200F81744022506B6B0DEFEC2298517010082008512832F0300E511FB0D80FFD800435703008A006952830D80FF5800435703008A006952FB05A3370300143880FFE801C5051F12431703000357030042063F080052F50D0A10A200E21645002506F0B0DEFEC229A5170100C2067800820D41520A10A2006A12F6ED2056FF00AA007F00005285350A10A200E21645002506F0B0DEFEC229051701008312C2160F0061128A250A10A200E21645002506F0B0DEFEC22985173B00A5373B00C832023185173D00A52F3D00C82A0229D02A0629F82F44022206B6B0DEFEC511C2EF0300820D41520A10A2006A12E6CD2056FF00AA007F00005285350A10A200E2164510
:FF534100002506F0B0DEFEC229051701008312C2160F0064128A250A10A200E21645002506F0B0DEFEC22985173B00A5373B00C832023185173D00A52F3D00C82A0229D02A0629F82F44022206B6B0DEFEC511C2EF0300820D41520A10A2006A12E6CD2056FF00AA007F000012052A1F42204EFF00A555C256FF00E55748022B06F0B0DEFECB51AA5F0100CB067800C2458A5F01008B00855AC566FF00EC5991258A5F01008B00855AC566FF00EC59CA35C25EFF00E55F48022C06F0B0DEFECB61AC5F3F008C6F4100C86A0B69AC5F41008C674300C8620B61D0620D61EC41C31DC22EFF00E52F48022806F0B0DEFEC541A82F3F00884F4100C84A0549A82F410088474D
:FF5440004300C8420541D04209418A2F01008500852A02484112C256FF006A52C6AD464F0000472F00007F008007210FE61645003406F0B0DEFEC2A1543F3A000710881254173B0054073D0054073C0014170000202EE0FF45115417000007A8F8AF44022506B6B0DEFEC5A9952F0100C52E1F00051154170000C2161F00952F0100C52EE000051154170000B4170100C22EFD00542F01000728C52A36060C960300C5B1B62F1F00602AE42F142BC216F9000511541701000610A2000730023880FF320B01BA54BF34005407350054BF4300540744005407380016170C0054173900D51701001417010082160800C2168F0054170100B4170100142F0200C82A0229202C
:FF553F00167FF84229542F0100882A542F020022068CB0DEFEA22F030082370300A23F010082170100542F420054374100543F400054173F00BFFFD0C9BFFF6CCA54BF3E0040063F0F0052D52D0A10A200E21645002506F0B0DEFEC511A22F0100C5067800F21D0A28A500E52E45002806F0B0DEFEC541882F3B00A84F3B00C84A0549882F3D00A8473D00C8420541D0420941E831FA05821701004711C2061F008A0D41520A10A2006A1296D52056FF00AA007F00800721004016DFFEE217519F60129A0D4016DFFE8217B39F6512B2050012A505011260124016DFFE8217B39FEA0769016412EB077501C212E2062E56020080071400800760008007A6008007C000BE
:FF563E00800728014016DFFE2217BD9F6012FA05BFFF9ECD4016DFFE6257BD9FBFFF92CD4016DFFE2217BD9FA25120168813E251E10DBFFF7CCD4016DFFE6257BD9F4016DFFE012A422FB29F40063F00BFFF8AF940063F00BFFF5ACD4016DFFE2217BD9FA25120161027E251F115BFFF44CD4016DFFE6257BD9FBFFF62E74016DFFE6052E205022A422FB29F40063F00032A422FB29F40063F00BFFF4CF940063F00BFFF10CD4016DFFE2217BD9FA25120168813E251B925BFFF22F940063F00BFFFF2CC4016DFFE2217BD9FA2512016F401E251E10DBFFFDCCC4016DFFE6257BD9F4016DFFE022FC09F5F2A422FC09F4016DFFE8217C19F6012EA0DBFFFB6CC4016DF03
:FF573D00FE6257BD9F4016DFFE042A422FB29F40063F00C2060100DA05BFFFBEF840063F00BFFFC2F840063F00BFFF86CC4016DFFE2217BD9FA25120168813E251990DBFFFA4F840063F006512B205BFFF98F84016DFFE052A422FB29F40063F00E61645002506F0B0DEFEC22985173500052F3500C82A0229C5008016FFFFE229B215E61645002506F0B0DEFEC2298517350005373500C83202314132453734008832453735007F008007210869328F3DE6A645002206F0B0DEFEC2A1B4170100C216870054170100B4170100142F0200C82A022920167FF84229542F0100882A542F02002206A89FDEFEC61142070000540738005407390094170300142F0300C82AF8
:FF583C000229201607FC4229542F0200882A542F0300BFFFB6C7011254173E0040063F088007210800A2B515D416FF00E51748022506F0B0DEFEC229A5170100C2067800D205D436FF00BFFF60FF41A2D416FF006A12B6ED40063F08800721080012951DC22EFFFF0530F83744022706B6B0DEFEC639670701004707050047070400C5292606AAB0DEFEC5314932660700004112C206FFFFE2E500A2E565D416FF00E51748022506F0B0DEFEC511022F0100832AC52E0F00612AA255022F0100832AC52E0F00622AAA25D42EFF00E52F48022606F0B0DEFEC531862F3B00A63F3B00C83A0539862F3D00A6473D00C8420541D0420741C54225060C960300C829852F0F9D
:FF593B0000A6373900E629A22D021701008312C2160F006212FA25D416FF00E51748022506F0B0DEFEC22985173B00A5373B00C832023185173D00A53F3D00C83A0239D03A0639C53A22060C960300C71182170F005F12A52F3900E511DA05D436FF00BFFF48FE41A2D416FF006A12869D40063F088007210800A2E535D416FF00E51748022506F0B0DEFEC229051701008312C2160F006212EA25D416FF00E51748022506F0B0DEFEC22985173B00A5373B00C832023185173D00A53F3D00C83A0239D03A0639C53A22060C960300C71182170F00A52F3900E511DA05D436FF00BFFFCAFD41A2D416FF006A1286CD40063F088007210800A2D515D416FF00E51748025C
:FF5A3A002506F0B0DEFEC229051701008312C2160F006412DA05D436FF00BFFF8EFD41A2D416FF006A1296ED40063F0880072100BFFFF2FD40063F0080072100BFFF1EFE40063F0080072100BFFF2AFF40063F0080072100BFFF9CFF40063F0000520A108515C22EFF00E52F48022606F0B0DEFEC531A62F0100C5067800E057B4534112C22EFF006A2AE6ED8A007F0000120250D54DC536FF00E53748022706F0B0DEFEC731A63F0100C7067800C22DC53EFF00E53F48022806F0B0DEFEC741883F3B00A84F3B00C84A0749883F3D00A8473D00C8420741D0420941C23EFFFFE839AA15C23EFFFFF83F44022806B6B0DEFEC839073F0000063700002731C6061F00A265
:FF5B3900054152412AC536FF006A32C6C5C22EFFFFF82F44022606B6B0DEFEC629852F0100C5061F00E057B4534112C206FFFFBA05002A95EDCA007F0000520A10B535C22EFF00E52F48022606F0B0DEFEC531062F0100832AC52E0F00622ABA25C22EFF00E52F48022606F0B0DEFEC531862F3B00A63F3B00C83A0539862F3D00A6473D00C8420541D0420741C54225060C960300C829852F0F00A6373900E629AA0541524112C22EFF006A2AB6CD8A007F0000520A10A515C22EFF00E52F48022606F0B0DEFEC531062F0100832AC52E0F00642AE057A4534112C22EFF006A2AC6ED8A007F0080072100BFFF76FE40063F0080072100BFFF9AFE40063F008007210033
:FF5C3800BFFF3AFF40063F0080072100BFFFA4FF40063F008007210F00A207A806B014B8F52DD416FF00E51748022506F0B0DEFEC511022F0100832AC52E0F00622AFA1DD42EFF00E52F48022706F0B0DEFEC539A7373B00872F3B0082170100C8320531C23E1F001540BFFF06C86052820D1710A200C212D6116257010041BA41A2D416FF006A12F6CD1750AA0040063F0F80072100BFFF82FF40063F0080072108603207A0C25D6A32AF5D00120228B555C23EFF00E53F48022906F0B0DEFEC939074F0100834AC94E0F00624ABA45C24EFF00E54F48022A06F0B0DEFEC9518A4F3B00AA5F3B00C85A09598A4F3D00AA673D00C8620961D0620B61C56229060C960352
:FF5D370000CC49894F0F00AA573900EA49AA25412AC54EFF00E649DA1D8200E51748022506F0B0DEFEC229A5373B0085173B00872F0100C8320231C53E1F00BFFF32C7CA06FFFFC20DCA0074570100005240063F084112C23EFF006A3AB6AD1F5240063F0880072100BFFF36FF40063F0000120250B54DC22EFF00E52F48022806F0B0DEFEC829054701008342C8460F006242BA3DC246FF00E54748022906F0B0DEFEC84989473B00A95F3B00C85A085989473D00A9673D00C8620861D0620B61C56228060C960300CC4188470F00A94F3900E941AA1DC246FF00E54748022906F0B0DEFEC84989473B00A94F3B00C84A0849664F0000852F0100C52E1F00472F000084
:FF5E36004152413A42324112C22EFF006A2AB6B5AA007F0080072100BFFF56FF40063F006032F2556A32DF5500120228E54DC54EFF00E54F48022A06F0B0DEFECA49095701008352CA560F006252EA3DC556FF00E55748022B06F0B0DEFECA598B573B00AB673B00C8620A618B573D00AB6F3D00C86A0A69D06A0C69C56A2A060C960300CD518A570F00AB5F3900EB51DA1D4112C256FF00E6518A1D8500E52F48022206F0B0DEFEC511822F3B00A2173B00C81205116717000089170100C2161F004817000000527F00412AC54EFF006A4A86B51F527F0080072100BFFF48FF40063F00820721000748630702004307010023460100233E0200BFFF04C56052E40DA347
:FF5F35003F0100E3370300BFFF48F6CA36FF00BFFF9EF8005242063F001F5242063F008007210080FF080040063F008007210F00A207A806B014B88535D416FF00E51748022506F0B0DEFEC511022F0100832AC52E0F00642A8A25D42EFF00E52F48022706F0B0DEFEC539A7373B00872F3B0082170100C8320531C23E1F001540BFFFF2C4CA06FFFF820D1710A200C211D6116257000041BA41A2D416FF006A12E6CD1750AA0040063F0F820721000748630702004307010023460100233E0200BFFF3EC460529A1D0012B5150228A500E52E45002606F0B0DEFEC531862F0100C5061F00D2050250AA0042063F0041120228A5006A2AB6ED42063F000012D515E72E06
:FF60340045002806F0B0DEFEC541C2410628F82F44022906B6B0DEFEC549C249092F0800482F04004112202E3000E51191EDE71645002506F0B0DEFEC229011245173E0000527F008007E1FF624A23A72D0008A806B0B20501BAB505004A02BA62A2BA0502C2E50563A2B20500C2A50504C200CA19D009D807E0855D60DAB2050112B51563A2CA05002A0112F50DDD16FF00E51748022506F0B0DEFEC229A51739006312A2F500120228DD3EFF00E53F48022606F0B0DEFEC639073701008332C6360F00E6C18A2DA21601006012CA25602AA225DD16FF00E51748022506F0B0DEFEC229A5373B0085173B00872F0100C8320231C53E1F001540BFFF7AC3CA06FFFFA243
:FF6133000D1A10A200C212D611CA00625701005FE241D241EADC06FFFF1D108200B2056A12C6AD41CA01DAD9EEFF00D716FF00E2E9B90500EA85F51A50AA004006FFFF7F007F007F002206A8B7DEFE42070C0142070B0142070A01420709014207030042070200420701004207000042070801420707017F008007210C06A007A880FFFC230A0601FFBA0501129555C2522206F4A7DEFEC2512A1701006012F20D2A1701008217130060129A0D2A170100A21711006012BA050112A50500126112FA352A2F010045AF04001530983245370700153090324537060088AA45AF05002A2F010045A717002A2F0100023245371200402EDFFE252F459F4036DFFE26378DA82C
:FF623200863F0100A6370100C8320731C6292A370100462F00000538983A463F03000538903A463F0200882A462F0100025040063F0C800721CF07A034AF0100D5B6FF00163080FF382388AA0A0601FF0AB8E2076D021710C2122506F4A7DEFEC22925174D00601225164C00E2075302D52EFF00050601FFA20D402EDFFE852FC9B8D536FF00E531EA073702222F0100852F1300602AEA072902222F0100A52F1100602AEA071B022217010042B717002206A8B7DEFE42B70701D52EFF00050601FFEA2F0000422F0801942F0700C82AB4C7050005C1B42F0700D02A05C1A22F090102170A01C8120511C206FFFFB2050652E575001202C862CAB9351928EA2F4002266D
:FF6331000698960300C531862F0100A6370100C8320531D82EFFFFE6299A1D1910EA174002250698960300C22985170300A5370300C832023185170500A52F0500C82A0229D02A0629602ACA05011241CAC5D5143019381740E5C760F90112A505005262CACA35002A662A99350530EE374002270644960300C63987370100A73F0100C83A0639D836FFFFE7319A1D0510EE174002260644960300C23186170700A63F0700C83A023986170900A6470900C8420241D04207416042CA050112412AC5D514301738E8C760F90112C206FF00FA05D516FF00020601FFA20504522206A8B7DEFEA22F090102170A01C8120511C2006312D2054016DFFE4207B0B8CA16FFFFF3
:FF6430006112CA1D40AEDFFE95AFC9B81810C812151140AE00181511D80088C2180610FFBE05C8B216117417010008AA54AF040001AA74AF110040063FCFEA005D526352EB3DC152EA067A640200C505E505F505850D54070500850D0112C5050212A5050312541705009500150601FFDA05360600FFE818D505C8B24016E81802B14016DFFE8217C9B802B174B70100081254170400540706001F1254170700541708005417090054C70A001810881254170B0090C254C70C0001127417110040063FCF840721EF07A034AF010094B70500D536FF0080FFAA2015B888BA0A0601FF0AC0E207DD051810C2122506F4A7DEFEC22925174D00601225CE4C00E207C30518B0
:FF652F00D0C2D22206F4A7DEFEC2D13A1701006012E207AD05143605000338164080FF78169700170601FF83170100E2071703832F0700C82AA3A7050005A1A32F0700D02A05A150126012B21D5F126012E2076B015E126012E2076302020614FFEA07610539170100A2171700D5CEFF00E2C9EA07B902183080FFB00844063FEF3A170100A2171700D5CEFF00E2C9AA2D3A17010082CF0500A22F0500C82A192982CF0700A2170700C8121911D0120511E2A18A1D183080FF78073A17010042AF17003A17010042A7040014C898CA42CF070014C890CA42CF060014C888CA42CF05003A170100A3CF010042CF0A0042070B003A17010082CF0B00022F0B00C82A192944
:FF662E0003C819370200C832C629422F0A00882A422F0B00191703003A2F010045171400191704003ACF0100591713003A17010082CF0B0002170B00C8121911C20020CE3700F911FB1D3A1701008217130060129A1D3A170100A21711006012BA153A17010082CF0500A22F0500C82A192982CF0700A2170700C8121911D0120511E2A1A20D004A0232D546FF00143880FF380F44063FEF3A17010042AF17003A17010002A242A711003A17010082371100183880FFC80A44063FEF39170100821713006012820D39170100821713006312EA0709014016DFFE2217459F39C7010098D70100B82F0100C82A1A2998D70300B8C70300C8C21AC1D0C205C1A2C160C2E78E
:FF672D0007190103100217010039C701005817150039170100A217150020C61100F811B105014A95B503100217020039A701005417190039170100A21715006012EA254016DFFE2217459F40A6DFFE34A791A894AF0700B4A70700C8A215A1D41139A701005417000002A898AA54AF030002A890AA54AF02008812541701003917010003A242A7120044063FEF3917010002A719005FA242A710003917010082A71100E7A242A7080088A242A709003917010005A242A7120044063FEF39170100821713006112B21539170100A2171700D5C6FF00E2C1E207ED02D546FF0001321438064880FFE40D44063FEF4016DFFE2217459F39CF010099D70100B92F0100C82A15
:FF682C001A2999D70300B9CF0300C8CA1AC9D0CA05C9A2C960CADF05014A0332BF076CFE183080FF441144063FEF3A170100A21717009500E2A9EA078B02183080FFF20444063FEF0206E0FFEA07790283170700C812A32F05000229A3170700D01202293A170100821713006012E2072F013A17010082370500A23F0500C83A063982370700A2170700C8120611D0120711E229EA0709013ACF010059AF17003ACF0100A317010059170A0059070B003ACF010099170B0019370B00C83202310310023F0200C83AC73159370A00883259370B0002CF03003A17010042CF14003ACF010099170B00B9CF0B00C8CA02C920163800E2C9B10500CA850D3ACF0100B9CF11A1
:FF692B000060CA9AFD01CA60CA3ACF0100BA0D59070B0059070A003ACF01005907140044063FEF59AF17003AAF0100552F040005C898CA55CF070005C890CA55CF0600882A552F05003A2F010001AA45AF11003A2F010007AA45AF1200402EDFFE252F459F40AEDFFE35AF8DA895CF0100B5AF0100C8AA19A9D5293AAF0100552F000005C898CA55CF030005C890CA55CF0200882A552F010044063FEF39170100821713006012EA071F0139170100A21711006012EA0711013917010042AF170039170100A337010042370A0042070B003917010082370B00023F0B00C83A0639033006470200C842C839423F0A00883A423F0B00061703003937010046171400391780
:FF6A2A00010082370B00A2170B00C812061120363800E611B1050012E50D391701008217130060129AFD39170100A21711006012BAF50112601239170100BA0D42070B0042070A00391701004207140044063FEF42AF170039170100422F040005309832423707000530903242370600882A422F050039170100012A422F110039170100072A422F12004016DFFE2217459F402EDFFE252F91A885370100A52F0100C82A0629C511392F0100451700000230983245370300023090324537020088124517010044063FEF840721CF07A034AF010094B70500D536FF0080FFAA1A15B888BA0A0601FF0AC0E2073F0118C8C2CA2206F4A7DEFEC2C9391701006012E2072928
:FF6B2900011810C2122506F4A7DEFEC22925174D006012E2071301143605000338164080FF7C109700170601FFBA0500CA857D39170100A2171700D52EFF00E229CA7539170100821713006712A20D0132D546FF00003A074880FF740A44063FCF4016DFFE2217459F39CF0100992F0100B9370100C8320531992F0300B9CF0300C8CA05C9D0CA06C9A2C960CABF05033285E50330183880FFAE0A44063FCFD916FF00EC1748021828C22AC5112506F4A7DEFEC511222F0100A52F1700D536FF00E531EA2D222F0100852F1300672A8A2D402EDFFE252F459F2217010082370100A23F0100C83A063982370300A2170300C8120611D0120711A5116012BF0D1830D906F6
:FF6C2800FF00CA0580FF2E01A50D80FF2202F505D936FF000338184080FF640B41CAD916FF006212C6BD44063FCF8007210E2206A8B7DEFEA22F090102170A01C8120511C20063128A7500A2B56D1410C2122506F4A7DEFEC22925174D0082371300603225AE4C00CA5D3606A8B7DEFEB6470100962F0100A23F0F0082370F00A24F0D0082170D00C84A0249C83A0639D03A0939C84205411636080080FF040F9617090160122206A8B7DEFE8225022F070135370100462F1700A23F0700822F0700A2470500824F0500A237010082170100C8420941C83A0539D03A0839C8320231D446FF0080FFFE03951DA23F0700822F0700A2470500824F0500A2370100821701F4
:FF6D270000C8420941C83A0539D03A0839C8320231D446FF0080FF7403BFFF38F441A21406EDFFC69540063F0E4016DFFE623795A87F00E6161B000628C22A2706F4A7DEFEC7292706A4B3DEFEC239653F01004016DFFE27062C960300623F8DA8E61637002606C89FDEFEC2312517010042370C000638983A423F0F000638903A423F0E00883242370D002517010042070900420708002517010042070B0042070A00251701004207100025170100A21711006312D205251701004207110025170100420712002517010042070300420702004207010042070000251701004207150025170100420716002517010042071400251701004207170025170100420707003D
:FF6E26004207060042070500420704002517010042071800251701004207130025170100420719002517010042071A007F00E6161B000628C22A2706F4A7DEFEC5392506A4B3DEFEC2292516010267174D0022062C9603004C12402EDFFE651791A8E61637002506DDA3DEFEC22927174D00422F0C000530983242370F000530903242370E00882A422F0D0027174D00420709004207080027174D0042070B0042070A0027174D004207100027174D00A2171100631227164C00D205222F010045071100222F010045071200222F010045070300450702004507010045070000222F010045071500222F010045071600222F010045071400222F010045071700222F01C7
:FF6F25000045070700450706004507050045070400222F010045071800222F010045071300222F0100450719002217010042071A007F00001280074A01C22EFF000530C23227068CA8DEFEC639EC2F400226062C960300C53167370100002A80071601C236FF00203E0102E63F20020640EC474802C54EFF000950C252CA412A06F4A7DEFECA412A06A4B3DEFEC7510938FB3F4002C75168570100F74F44022706DDA3DEFEC9392B06C89FDEFECB496032E93F24334A370C000638983A4A3F0F000638903A4A3F0E0088324A370D002837010046070900460708002837010046070B0046070A00283701004607100028370100A63711006332D205283701004607110041
:FF70240028370100460712002837010046070300460702004607010046070000283701004607150028370100460716002837010046071400283701004607170028370100460707004607060046070500460704002837010046071800283701004607130028370100460719002837010046071A00412AC536FF000606EDFFF607E7FE4112C22EFF00622AF607B5FE7F00C2422206F4A7DEFEC241281701006012B22528170100821713006012DA1D28170100012A422F11002817010042370A000628882A422F0B0046320712E237820228170100821713006012EA0528170100042A422F12007F00C2422206F4A7DEFEC811222F4D00602A22164C00C245222F01000214
:FF7123004245471100222F010045370A000640884245470B00222F0100453F040007409842454707000740904245470600883A453F05004632072AE5378202402EDFFE252F459F4036DFFE263791A8863F0500A6370500C8320731C62922370100462F00000538983A463F03000538903A463F0200882A462F010022170100032A422F12007F00C23A2206F4A7DEFEC23927170100A22F130020461100E829C105202E1000D505272F0100A52F1300422F160027170100821711004112E23127170100022A422F110027170100072A422F12004016DFFE2217459F402EDFFE252F8DA885370300A52F0300C82A0629C511272F0100451700000230983245370300023040
:FF7222009032453702008812451701007F008A07218FE6A64C000710C212C2A12206F4A7DEFEC2A134170100601207A806B0E207EF0234170100A21711006012E207E10234170100822F1300642AEA0505A242A712004A063F8F821713006812CA0D153060B2DA05BFFFD4FA4A063F8FBFFFC6FB4A063F8F34170100821713006512EA079F0234170100A21711006112BA0D4016DFFE8217C9B8250600FFEB1C05116317010034170100A21711006212B2050812C51D4016DFFE8217C9B8402EEB18051163170100342F0100A52F1700C82A0511631701000812950DC22EFF000330C6291F32453704005F12C206FF00EAF508124317040034170100022F1000412A4211
:FF7321002F100034170100021710004317050034170100822F0B00A2370B00C8320531822F0900A2170900C81205114712E611BB0507BA851534170100822F0B00A2BF0B00C8BA05B9822F0900A2170900C8120511A2B91510C2122506F4A7DEFEF5363700D746FF00233E060060B2CA25C51122170100A22F090082170900C82A02293806C89FDEFED831C53180FF1A08F5163700D81134AF010055170C000228982A552F0F000228902A552F0E00881255170D00B525C22925174D00A22F090082170900C82A02293806DDA3DEFED831C53180FFD407F5163700D811342F010045170C000230983245370F000230903245370E00881245170D0034170100822F090033
:FF74200002370900C83205319700D7314237080088324237090001126317110034170100A21711006212BA3D34170100822F110082371B00A629A2171500E22F802A602AEA2D34170100022F1000422F1A0034170100032A422F12001610C21225068CA8DEFEC511402EDFFE252F459F2217010082370500A2170500C8120611C22934170100422F000005309832423703000530903242370200882A422F010034170100822F090002370900C8320531C600822F0B0002170B00C8120511C200E231813534170100A22F1100622AFA25012A422F1200C2B222068CA8DEFEC2B14016DFFE2217459F362F010085370500A52F0500C82A0629C511342F010045170000025B
:FF751F003098324537030002309032453702008812451701004A063F8F082A422F12004A063F8FA00721080610C2122506F4A7DEFEC511402EDFFE252F95A8602A06A0D245222F010005370B00852F0B0043370700432F0600222F0100A5370700853F0700A5470500852F050043370500433F040043470300432F0200222F0100052F1700432F080022170100A2370F00822F0F00A23F0D00A2470B00824F0B0082170D00C83A0239C8320531D0320731C8420941233E090080FFF0054016DFFE221795A823360200E2C760F91430BFFF70F760063F088007210E07A008A809B0153080FFAE0F0A0601FF82351610EC1748020A28C22AC5112506F4A7DEFEC511222FB4
:FF761E000100602AA225222F0100A52F1700E5A9CA1D22170100822F0500A2370500C8320531822F0700A2170700C8120511D0120611E2A1AA0D0A3060B2DA05BFFF00F740063F0EBFFFF2F740063F0E8007218F07A0C2A22206F4A7DEFEC2A134170100821711004112862F0100E22907A8EA070D01342F0100053F090005170B0085470900852F0B00C83A0839C8120511A711C2B6FFFF67B2E71716BBD746FFFFF52E37003806C89FDEFEC5C1C700D839413280FFF604342F010045C70C001810981245170F001810901245170E0088C245C70D00342F010005171800411245171800342F010005171000411245171000342F01008517090005370900C8320231D7E2
:FF771D003145370800883267B245370900EB051530BFFF14FE40063F8F342F010085171700852F1900E511AA0D342F010045071800342F010085371100A525402EDFFE252F459F40AEDFFE35AF8DA895170100B5AF0100C8AA02A9D52934AF0100552F000005109812551703000510901255170200882A552F010040063F8F05301538BFFF0AFA40063F8FA00721CFE6A64C000810C212C2A12206F4A7DEFEC2A134170100821711004112872F0100E22908A806B0EA07B70134170100822F090002370900C8320531822F0B0002BF0B00C8BA05B9A6B9D716FFFF6712E7BF16C3C600F5163700C611413A60B2DA053906C89FDEFEC5053906DDA3DEFED911D846FFFF6D
:FF781C000730023880FFA403F5163700D911342F010045170C000230983245370F000230903245370E00881245170D0034170100022F1000412A422F100034170100822F090002370900C8320531D83142370800883242370900D70067BACB6534170100822F090002370900C8320531C600822F0B0002170B00C8120511C200E231BA4D4016DFFE221795A86012D24534170100022F0B0082170B00432F07004317060034170100A22F070082370700A23F050082170500432F050043370400433F03004317020034170100021717004317080034A70100B4370F0094170F00B42F0D00B4470B00943F0B0094A70D00C82A1429C8320231D0320531C8420741233E09BE
:FF791B000080FFA80240A6DFFE34A795A823360200F4C760F960B2B22D1530BFFF1EF560063FCFC2B235068CA8DEFED6A940B6DFFE36B7459F35AF010095170100B5AF0100C8AA02A9D5B134AF010055B700001610981255170300161090125517020088B255B7010060063FCF60B2FAD51530BFFFD0F360063FCF80072100BFFFBEF440063F008007210E00A280071002D516FF00020601FFE207F501D5B6FF00D436FF001638BFFF72F8C2B22206F4A7DEFEC2B136170100821713006212EA2D4016DFFE2217459F362F010085370100A53F0100C83A063985370300A52F0300C82A0629D02A0729A229602AFF1536170100A23F0700822F0700A2370500824F0500D0
:FF7A1A00A2471700C8320931C83A0539D03A0639004A0332BFFFC4FBD4B6FF00ECB74802D516FF00C212C2B12206F4A7DEFEC2B136170100821713006312FA2D4016DFFE2217459F362F010085370100A53F0100C83A063985370300A52F0300C82A0629D02A0729A229602A8F1D36170100A23F0700822F0700A2370500824F0500A2471700C8320931C83A0539D03A0639D44EFF000332BFFF44FB361701008217130067128A454016DFFE2217459F362F010085370100A53F0100C83A063985370300A52F0300C82A0629D02A0729A229602A9F2D36170100A21711006112CA0DD536FF00D406FF00CA05BFFF58F2B51DBFFF4CF3851D36170100A23F0700822F07E0
:FF7B190000A2370500824F0500A2471700C8320931C83A0539D03A0639D44EFF000332BFFFBAFA36170100821713006112FA2D4016DFFE2217459F362F010085370100A53F0100C83A063985370300A52F0300C82A0629D02A0729A229602A8F1D36170100A23F0700822F0700A2370500824F0500A2471700C8320931C83A0539D03A0639D44EFF000332BFFF52FA41AAD516FF000206EDFFF607FBFD41A2D4AEFF0061AABF0500AAC5F540063F0E6032F205603AD2056042B2050012D50D00528515C22EFFFF0748C549C629052F0000492F00004112C22EFFFFE829B1F501527F00A007210E07A034AF010094B70500D536FF0080FFA2090A0601FFD23D341701004B
:FF7C18000228882AC53600FF403E010047290629023090328600203EEF00E731C305C200881202294016DFFE221795A86012B2254307070043B70600432F020005109812431705000510901243170400882A432F030043AF080014360500233E09001640BFFF4CFF4016DFFE221795A823360200E2C760F960063F0E7F007F007F002206A8B7DEFE822F0100A23F0100C83A0539822F0300A2470300C8420541D0420741C24148370800822F0100A2370100C8320531822F0300A23F0300C83A0539D03A0639413A423F00000728982A422F03000728902A422F0200883A423F01007F008007210080FFE00D005240063F008E07210C4016DFFE8217A1A86012EA0D401F
:FF7D170016DFFE012A422FA0A84016DFFE2217459F402EDFFE651799A84016DFFE2217459F402EDFFE252F99A8A511202EE803E511912D4016DFFE2217459F402EDFFE651799A84016DFFE8237C9B880FF4A08233608000A3880FFA800CA0061529A154016DFFE8217C9B8250600CAFE18051163170900081243170C000112631719004E063F0CBFFF8AA60AA0D4AEFF000342233604001538BFFF64A660AAA2250012A51D0228A500C22A23360400C531863F0100A6470100C8420741863F0300A6370300C8320731D03208310338C5396737010041120228A500D436FF00E629A6E594001430C2320338BFFF109904422706B8B8DEFE0A3080FFA4014E063F0C840739
:FF7E1600210F070601FF07A006A8BA050052B5252206A8B7DEFEA22F090102170A01C8120511C206FFFFB2050652D515BFFFE2A5CAB6FF0023BE0400034217301638BFFFBCA563A70100804ECAFE15301738164080FF5E0444063F0F8407210E070601FF07A006A8921523B60400033A1630BFFFE0A463A70100CA46FF00804ECBFE1530163880FF2C0444063F0E800721004016DFFEE217519F6012CA0DBFFF24A5BFFF14A4BFFF28A5BFFFCC9F035240063F00055240063F008207210F2206A8B7DEFE012A422F090142070C0142070B0142070A01070601FF07A006A8A24DBFFF32A5CA3EFF0003B003BA16301740BFFF0EA5CA3EFF00163080FF320516301738BF53
:FF7F1500FF50A4CA3EFF00163080FF20052206A8B7DEFE822F0100A2370100C8320531822F0300A2170300C8120511D01206116912910D8036CDFE143880FF1804025242063F0F55070500550706005507070055070800550709001F1255170A0055170B0055170C0080FF7600015242063F0F005242063F0F96072100070601FFC20D633F0100804ECFFE0042233E040080FF220356063F00005256063F00950D0810C212C7112217FDFFE231E2055F426042FAF50152A50500527F008007210806A054070300540702005407010054070000BFFFE4A35457000040063F082206A8B7DEFE42070C0142070B0142070A01420709014207030042070200420701004207F7
:FF801400000042070801420707017F005C1A633701002206A8B7DEFE822F0100A23F0100C83A0539822F0300A2470300C8420541D0420741022E0800C5414837000082370100A23F0100C83A063982370300A2470300C8420641D0420741C541A33701004837010082370100A23F0100C83A063982370300A2470300C8420641D0420741C54183370300C53286004837020082370100A23F0100C83A063982370300A2470300C8420641D0420741C54108370200833F03008700833A07314837020082370100A23F0100C83A063982370300A2470300C8420641D0420741C541033006370300C7324837030082370100A23F0100C83A063982370300A2470300C8420688
:FF81130041D0420741C541082F0300A3370300860081320629482F0300822F0100A2370100C8320531822F0300A23F0300C83A0539D03A0639443A423F00000728982A422F03000728902A422F0200883A423F010042061F008007210E0710C2122506F4A7DEFEC511222F0100852F1300602A07A006A8CA2D22170100A23F0F00822F0F00A2370D003606A8B7DEFEB6470100964F010082170D00C8320231C83A0539D03A0639C842094116360800BFFF06FAB637010096170100C832023115381440BFFFDEEEBFFF1AFE40063F0E2206A8B7DEFE032A422F090142070C0142070B0142070A0142AF04001528982A422F07001528902A422F060088AA42AF05004006E7
:FF8212003F0E8007210E0710C2122506F4A7DEFEC22925174D0082171300601225164C0007A006A8CA2D22170100A23F0F00822F0F00A2370D003606A8B7DEFEB6470100964F010082170D00C8320231C83A0539D03A0639C842094116360800BFFF56F9B637010096170100C832023115381440BFFF86EEBFFF6AFD40063F0E2206A8B7DEFE032A422F090142070C0142070B0142070A0142AF04001528982A422F07001528902A422F060088AA42AF050040063F0E820721CF06A007A808B009B80330BFFFFCFC60B223C72100B22560AA922520CEFF001930BFFFAEF91930BFFFA8F900CAD5151910C212D511A2370300822F0300A23F010082170100C83A0239C879
:FF831100320531D0320731BFFF08FD41CAF6C9B1ED2206A8B7DEFE822F0100A2370100C8320531822F0300A2170300C8120511D01206116912810D1730183880FF1A00025242063FCF03381430164080FF7000015242063FCF800721004016DFFE8217B1B86012D205BFFF9EFE40063F00BFFFEAFD40063F008007210806A605000842203EFF001430BFFF6E942806A8B7DEFEA83F030088170300A82F010088370100C82A0629C83A0239D03A053948421430BFFFAC93BFFF2CFC40063F088007210E06A008A814B605000842203EFF001630BFFF249460AABA151FB254B7050054B7060054070700540708005407090054070A0054B70B0054B70C00E5152806A8B7E1
:FF841000DEFEA83F030088170300A82F010088370100C82A0629C83A0239D03A053948421630BFFF3A93BFFFBAFB40063F0E840721FF00A207A806B0E5550C32BFFF4AF814B8C2BAD6B9B737010097170100C83202310342233E0600BFFF8EA20412232E0200C511F505173700004537000041BA412AE5119AFDE3BF0F00E3C70D00A337050083170500A32F0300833F030083CF0B0083D7090083DF0700C82A0729C8320231D0320531BFFF6AFB0F32BFFFDAF71930BFFFD4F7D836FF00BFFFCCF718308832BFFFC4F71B30BFFFBEF71A30BFFFB8F7D736FF00BFFFB0F717308832BFFFA8F741A2F5A1F9152206A8B7DEFE822F0100A2370100C8320531822F0300A2CC
:FF850F00170300C8120511D01206114D12202EFF00E511C19544063FFF800721002206A8B7DEFE822F0100A24F0100C84A0549822F0300A2170300C8120511D01209116912B115EA3F4002220698960300C711A237010082170100C83202310838BFFFFAFD025240063F00BFFF10FE015240063F00800721002206A8B7DEFEA22F090102170A01C8120511C206FFFFEA05C700BFFF8AFF40063F00065240063F000012E515C22EFF00C5292706AC960300C539A72F0100E531AA0D8200C2112506AC960300C229855701007F004112C22EFF000506EDFFF6E52056FF007F005C1A4016DFFE4207C8B82206C9B8DEFE4207070042070600420705004207040042070300E2
:FF860E00420702004207010042070000012A422F0000A2370100C636800042370100420702004207030002370500C83286361000203E10F8473142370400883242370500023705004337000002370600433701000237070043370200A3370300833F0100432F0100D8320731862E90012606970100FF4629432F000043070200032805370000423705000537010042370600052F0200422F07004016DFFE6207A5A82206D9B8DEFE420701004207000042061F008007210F07A0341701000228902A3506D9B8DEFE552F0000551701001436050004B23706D1B8DEFE17381640BFFFDAF4173E0400143609001640BFFFCCF495170100020612FFDA552206C9B8DEFEA2DB
:FF870D004F0700A24703002506D1B8DEFEA53F0700A537030082570700A25F050082670300A26F010085770700A57F050085870300A58F01008297050082170100859F0500852F0100C85A1259C84A0A49D04A0B49C86A0269C8420C41D0420D41C87A1379C83A0E39D03A0F39C88A0589C8321031D032113180FFB20160524016DFFE2217A5A8B20D64129A0D4016DFFE8237C9B880FF2C0340063F0F4016DFFE6207A5A840063F0F8A07210C081243170400D0320731220600FF0018C2316337010004A23506C9B8DEFE233E050015301440BFFFE8F315360400233E09001440BFFFDAF30112631711004A063F0C800721004016DFFE8217C59F60124016DFFEEA0D6E
:FF880C00042A622FA5A8203617004016DFFE4237C8B8BFFFE28940063F002217A5A86412EB070501C112E20638880200D505F56DF54DF53DA5752206D1B8DEFE822F0500A2370500C8320531822F0700A2470700C8420541D0420641822F0100A2370100C8320531822F0300A23F0300C83A0539D03A06394016DFFEA217D9B8020612FFBA050132A505003280FF56016252A20D6152EA354016DFFE012A622FA5A840063F004016DFFE022A622FA5A840063F004016DFFE2217459F202EFA00E511B1354016DFFE042A622FA5A840063F004016DFFEA217D9B8020612FF8A0D2206D9B8DEFE42070100420700004016DFFE8237C9B880FFCC014016DFFE2217459F4098
:FF890B0016DFFE032A622FA5A840063F002036FE0080FFAE0140063F004016DFFE8237C9B8BFFFD48840063F00501A63470900634F0D0063370100633F0500A3170100C812832F01000511A32F0300C82A833703000629D02A0229A3170900C812833709000611A3370B00C832833F0B000731D0320231E629EB5700008A25A3170500C812832F05000511A32F0700C82A833707000629D02A0229A3170D00C81283370D000611A3370F00C832833F0F000731D0320231E629AB05005248061F004016DFFE8217C9B8202EFD00E5118B0D4112402EDFFE4517C8B801527F0000527F0084072100633F0100634705006032EA0D4016DFFE8217C9B8202EFD00E511BB0577
:FF8A0A000252F50D015244063F004016DFFE8217DBB8402EDFFE852FC9B8E511D20500528A0044063F002206C9B8DEFEA24F0700A2470300822F0700A2570500825F0300A2670100826F050082170100A33F0700A337030083770700A37F050083870300A38F010083970500839F0100C87A1279C83A0E39D03A0F39C88A1389C8321031D0321131C8520D51C84A0549D04A0A49C8620261C8420B41D0420C41BFFF8EFE6052FAAD4016DFFEC2C7C9B8BA05015285BDBFFF0CFF6052CAA5015244063F008007210006382036EE00BFFFDEFC40063F00800721004016DFFE2217A5A86112B20D6412DA0D4016DFFE8237C9B8BFFFD2FF40063F002036FE00BFFFC6FF40F8
:FF8B0900063F0022069CB9DEFE2506ECB8DEFE622F010042070400420705007F00800721004016DFFE22179DB96012E2070B014016DFFE2217E1B860128A3D80FFB2036052CA3522069CB9DEFE822F05004036DFFE013A663FE1B8C42A22370100C5312637090027068CB9DEFE6737090022370100C531263705006737050022370100C531263701006737010022370100C53126370C0067370C0022170100C51102170E0047170E0080FF5E034016DFFE2217E1B86112BA2D4016DFFE8217DDB86012DA2580FF78004016DFFE2217E1B86312EA0D4016DFFE6207E1B84016DFFE22378DB9003A80FFAE0340063F006212CA254016DFFE6207E1B84016DFFE22378DB98F
:FF8C0800013A80FF900340063F004016DFFE8217DDB861129A154016DFFE2237459F4016DFFE223FE5B880FF2C036B52D1054016DFFE4207DCB840063F00800721084016DFFE22179DB96012E20797014016DFFE221795B96012E20789014016DFFE82179BB961129A7D4016DFFE223791B922068CB9DEFEC6063F009A35E2470D00402EDFFE013A453FDCB8202E4100E541223F0900F1552046400080FFE2024016DFFE2217459F402EDFFE6517E5B822068CB9DEFE222F0C00252EC0FF622F0C00222F0500252E4000622F0500222F0900252E4000622F09000012B575E22F0D00223F05004046DFFE014A484FDCB8C73E3F0020A64000A7A11440F429223F0900970C
:FF8D07002580FF7A024016DFFE2217459F402EDFFE6517E5B8D4167F0034068CB9DEFEF42F0D00A229742F0C00342F0500C229742F0500342F0900C229742F09000012854580FF3A024016DFFE2217459F402EDFFE6517E5B885356212C20500520A10853522068CB9DEFEE2470D00202E8100E541223F090022370500C11D2046800080FFE40122068CB9DEFE222F0500252E8000622F0500222F0900252E8000622F0900222F0C00252E80FF622F0C000012850D80FFB2014016DFFE620798B9011261528A0D4016DFFE022A622FE1B840063F086112EA054016DFFE032A622FE1B840063F088007210F06A007A808B009B880FFCC006052AA2D4016DFFE22179DB9FE
:FF8E06006012C22525069CB9DEFEA5370500C432C61162B7090025170100C61162AF050025170100C61162BF0C0025170100C61162A7010025170100C611022A422F0E0080FFF200015240063F0F005240063F0F8007210F06A007A808B009B880FF60006052AA2D4016DFFE22179DB96012C22525069CB9DEFEA5370500C432C61162B7090025170100C61162AF050025170100C61162BF0C0025170100C61162A7010025170100C61101A242A70E0080FF8600145040063F0F005240063F0F4016DFFEA217A1B96912FA054016DFFE8217A1B96012D20D22069CB9DEFE822F0500A21705004112E511B20500527F0001527F0022069CB9DEFEA22F050082170500E2BE
:FF8F050029E25700007F0022069CB9DEFE822F0500A2170500E229D20D692AEA05402EDFFE4507A0B97F00412A4016DFFE422FA0B97F004016DFFEA217A1B96912EA054016DFFE4207A1B97F004112402EDFFE4517A1B97F00E731C105A73106507F002750C6517F00800721000710C83EFFFFC6000240BFFFB412005240063F00800721000710C83EFFFFC6000240BFFF7011005240063F008007210080FF540A40063F008007A1FF001207A006A802B002B8800796021628FB2F40022606E29B0300C5316032E20779021628FB2F40022606E29B0300C531862F1500A63F1500C83A0539862F1700A6371700C8320531D03207316032E20749021628FB2F400226060B
:FF900400E29B0300C531862F1500A63F1500C83A0539862F1700A6C71700C8C205C1D0C207C100CA8007F201D92EFFFFEA2F4002D82985370100A53F0100C83A063985370300A52F0300C82A0629D02A0729E5A9EA07BD011610E91740023A06A4BDDEFEC2D19A170100BA2F0100C82A02299A170300BA370300C8320231D03205316832C20502BA800786011610E91740022506A4BDDEFEC229851709006112AA1D1610FB1740022506E29B0300C22985170D00A5370D00C832023185170F00A52F0F00C82A0229D02A0629602AB2050012A50501121628FB2F40023B06E29B0300C5D99B2F0D00BB3F0D00C83A05399B2F0F00BB370F00C8320531D0320731D92EFF2C
:FF910300FFEA2F4002D829853F0500A5470500C8420741853F0700A54F0700C84A0749D04A0849C931853F0900A5470900C84207414CDA14386012FA6580FF7A081610FB1740023C06E29B0300C2E1BC3F0B009C170B00BC2F09009C470900BB3703009B4F0300BB5701009B5F0100C82A0829C83A0239D03A05395C3AC8520B51C8320931D0320A3144328046FFFF80FFB6080A108812BB2F0100C82A9B3701000629BB370300C8329B3F03000731D032053146170200BB170100C8129B2F01000511BB2F0300C82A9B3703000629D02A0229455703009C171B006112BA0D05125A1700005A0703005A0702005A070100F50D1610E91740022506A4BDDEFEC229011226
:FF92020045170700D50580FFAE0705BA0112C22EFF00612AD21541CA1628FB2F40022606E29B0300C531862F190006371900C8320531C600D92EFFFFE629F107F1FDC22EFF00612AD20541B265B2F1076DFDC206FF00E3BF04534006BFFF8007218F0112002A07A006A805B080074C021630FB3740022706E29B0300C639603AE20737021630FB3740022706E29B0300C63987371500A7471500C842064187371700A73F1700C83A0639D03A0839603AE20707021630FB3740022706E29B0300C63987371500A7471500C842064187371700A7BF1700C8BA06B9D0BA08B900C28007A801D836FFFFEA374002D731863F0100A6470100C8420741863F0300A6370300C8A7
:FF930100320731D0320831E6A9EA0773011610E91740022506A4BDDEFEC22985170100A5370100C832023185170300A52F0300C82A0229D02A0629682AC205021280073C011610E91740022506A4BDDEFEC229851709006112DA4D1610FB1740022506E29B0300C22985170D00A5370D00C832023185170F00A52F0F00C82A0229D02A0629602AE2351610FB1740022506E29B0300C229A53F0F00D816FFFFEA174002D711A2370700854F0F00A5570D00825F0700A2670500852F0D00826F0500A247090082170900C8520551C83A0939D03A0A39C8620D61C8320B31D0320C31C639C8420241143080FFD005012A0510F5451610FB1740022506E29B0300C229851708
:FF9400001100A5371100C832023185171300A53F1300C83A0239D03A0639603A1810C200EA1740028225D711A22F070082370700A24F050082170500D856FFFFEA574002D751AA4709008A570900C84A0249C82A0629D02A0929C539C8420A41143080FF5805B50DD711A23F090082170900C83A0239143080FF66050412012AC536FF006132D21541C21630FB3740022706E29B0300C63987371900073F1900C83A0639C700D836FFFFE731F1073BFEC536FF006132D20541B265B2F107B7FDC506FF00E317045340063F8F8007210F00A265A2E907E3041410FB1740022506E29B0300C229602AE207FD021410E91740023506A4BDDEFEC2A995170100B52F0100C8C7
:FF94FF002A022995170300B5370300C8320231D03205316732EB07CD02C232E60620950200800720008007C4008007FA008007A601800720028007BA0280075803800798031410FB1740022506E29B0300C22985170D00A5370D00C832023185170F00A5470F00C8420241D04206416042E20751031410FB1740022506E29B0300C229A53F0700A537030085170700A5570500855F0300A5670100A54F0900856F090085770500852F0100C8520E51C83A0239D03A0A39C8620561C8320B31D0320C31C84A0D49BFFF28F86152EA0719021410E91740022506A4BDDEFEC229450706004507040001128007DA021410E91740022506A4BDDEFEC229851707006012E207E7
:FF95FE00E5011410E91740022506A4BDDEFEC229A51705006012CA0503128007A60202128007A0021410E91740022506A4BDDEFEC22985170500442A6112EB0763034112451700001428FB2F40022206E29B0300C511A2470F00A23F0700A2370300822F0F00A2570D00825F0700A2670500826F0300A2770100A24F0900827F090082870D00828F050082170100C8521051C8420541D0420A41C8621161C83A0B39D03A0C39C8720271C8320D31D0320E31C84A0F49BFFF3AF76152EA072B011428E92F40022206A4BDDEFEC51142070600012A8007C6021410FB1740022506E29B0300C22985170D00A53F0D00C83A023985170F00A5370F00C8320231D0320731A6CA
:FF96FD00B7030006BF0200A53F0B0085170B00A5470900852F0900C8420541C83A0239D03A08395C3A44328046FFFF80FF1C03C8BA16B9D700EAB9BA0D081255170000550703005507020055070100A54504128007720108125517000055070300550702005507010014A8FBAF40022206E29B0300D51182AF0900A22F0900C82A152982AF0B00A2470B00C8421541D042054182AF0D00A22F0D00C82A152982AF0F00A2370F00C8321531D032053182AF1100A22F1100C82A152982AF1300A23F1300C83A1539D03A0539603A821580FFEE0114A8E9AF40022206A4BDDEFED51101AA42AF080041A2BF07ECFC083880FFF20185F51410FB1740022506E29B0300C22932
:FF97FC0085170D00A5370D00C832023185170F00A5470F00C8420241D0420641604292551410FB1740022506E29B0300C229A53F0700A537030085170700A5570500855F0300A5670100A54F0900856F090085770500852F0100C8520E51C83A0239D03A0A39C8620561C8320B31D0320C31C84A0D49BFFFE8F56052E2B51410E91740022506A4BDDEFEC22945070600450704000612851D1410E91740022506A4BDDEFEC229851707006012E29D1410E91740022506A4BDDEFEC229A51705006012BA0D081255170000550703005507020055070100958D0712E5F51410E91740022506A4BDDEFEC22985170500442A61129B654112451700001428FB2F40022206E200
:FF98FB009B0300C511822F0D00A2370D00C8320531822F0F00A2470F00C8420541D04206416042A23D1428FB2F40022206E29B0300C511A23F0700A2370300822F0700A2570500825F0300A2670100A24F0900826F09008277050082170100C8520E51C83A0539D03A0A39C8620261C8320B31D0320C31C84A0D49BFFFE4F46152FA0769FE1428E92F40022206A4BDDEFEC51142070600062AA505082A552F0000D5951410E91740022606A4BDDEFEC2314607080045070000E58540063F0F60328215603AE20D0012A50D0728C229052F00000648C249492F00004112E811E1F57F006032A20D0012E5050628C229450700004112E711A1FD7F000012D5250228FB2FEE
:FF99FA0040022806E29B0300C541882F0100A84F0100C84A0549882F0300A8470300C8420541D0420941E831DA0DE91740022506A4BDDEFEC229011245170600453F05007F0041126512B1DD7F004016DFFEE217ABA86012B2050012E5350012851DC506008020562110E0570453C5292A29414AC956FF006852C1F5C24EFFFFC9492A06A8A8DEFEC9516A2F00004112C22EFFFF204E0001E92989E50228C82A004A95ED0628C229852F0100C84EFFFF884A2549C9492506A8A8DEFEC929252F0000C84225414112E711D1EDC80008507F000012953DC22EFFFFE92F40022606A4BDDEFEC531A62F0700612ACA2DC22EFFFFE92F40022606A4BDDEFEC53146070700862B
:FF9AF9002F0100A63F0100C83A0539862F0300A6370300C8320531D03207316832AA15C22EFFFFE92F40022606A4BDDEFEC531052A462F00004607030046070200460701004112C22EFFFF652AD6C57F000012A51DC22EFFFFE92F40022606A4BDDEFEC531862F0100A63F0100C83A0539862F0300A6370300C8320531D032073168328A0D4112C22EFFFF652AC6E50152A50500527F008007210F00A214A88007BC01E6A1EA07B3011410FB1740022506E29B0300C229602AE207A9011410FB1740022506E29B0300C22985171500A5371500C832023185171700A52F1700C82A0229D02A0629602AE20779011410E91740023606A4BDDEFEC2B196170100B62F010084
:FF9BF800C82A022996170300B6370300C8320231D03205316832C20502AA800744011410E91740022506A4BDDEFEC229851709006112AA1D1410FB1740022506E29B0300C22985170D00A5370D00C832023185170F00A52F0F00C82A0229D02A0629602AB2050012A50501121428FB2F40023706E29B0300C5B9972F0D00B74F0D00C84A0549972F0F00B7370F00C8320531D032093144324CBA60129A5DBFFF24FDFBA740022206E29B0300D411A23F0B0082A70B00A22F090082170900B737030097470300B74F010097570100C82A0229C83A1439D03A05395C3AC84A0A49C8320831D032093144328046FFFFBFFF62FD0A38883AB7A70100C8A29717010002A1B7DF
:FF9CF700170300C812972F03000511D0121411423F0200B73F0100C83A97A701001439B7A70300C8A29717030002A1D0A207A154570300053A563F0000560703005607020056070100155040063F0FBFFF74FC055240063F0F41A203AA65A2F10747FE155040063F0F800721000710C63226360028C600C83EFFFF0240BFFF9003005240063F00800721000710C63226360028C600C83EFFFF0240BFFF9E04005240063F0080072100E007600180FFAC0CBEFFEEFEBEFFB8F9BEFF66F880FF4A09BFFF840140063F0080072100E0876001BEFF96F8BFFF44ED80FFE80A80FFF20ABFFF707840063F0080072108800752024016DFFE4207B5AABFFF501EBFFF1A21BFFFEB
:FF9DF600D4F6BFFF2EED4016DFFEA217C1AA6012DA15BFFFBE78BFFF3AFD61529A154016DFFE012A422FC1AABFFF181BBFFF4678BFFF886E80FF4E07B505BFFF4E784016DFFE82178F9D6112CA1D4016DFFE222FBDAA412A622FBDAA0506ECFFAA154016DFFE6207BDAABFFFEAFC6152EA07D10180FFDC0180FFF801E00760018007C0014016DFFE8217C1AA60120012A24D80078A014016DFFEA217D5BDE22E05002606F4AADEFEC531862F0500602ADA35E22E05002606F4AADEFEC531862F0100A63F0100C83A0539862F0300A6370300C8320531D03207316032F21DE5123406F4AADEFED411A22F030082370300A23F010082170100C83A0239C82A0629D02A071C
:FF9EF50029E5C760F94016DFFEA217D5BDE512C2A10112541704004016DFFE0217D5BD4112402EDFFE4517D5BD402E0400A52F6D9C8200E511F1AD4016DFFE012A422FC0AA0012B56D4016DFFEE217B7AA0228C32A2606C4AADEFEC531862F0700A63F0700C83A0539862F0500A6370500C8320531E63F823A603A9A3D0228C32A2606C4AADEFEC531862F0100A63F0100C83A0539862F0300A6370300C8320531D03207316032E215C3122506C4AADEFEC229A517030085370300A53F0100852F0100C83A0539C8120611D0120711E2C760F94016DFFEE217B7AAC3122506C4AADEFEC22945070700450706004016DFFEE22FB7AAC32A2606C4AADEFEC531862F07000F
:FF9FF400063F0700C83A0539413A463F0600883A463F07002217B6AA4112402EDFFE6517B6AA402E0400852F6D9CC200E511C68D4016DFFEA217B5AA6012FA07B7FD4016DFFE8217B5AA6012C2F540063F082016A50080070F1000F04016F8FF012A622F050A1E326237050A622F050A7F004016DFFE012A422FB4AA7F008007210E00A206A814B0F505D436FF0080FF1600CAB141A2D416FF00F511F1F5165040063F0E01520A10B5054112CA51C22EFFFFE629B3FD7F0001520A10C5054112EA574002C22EFFFFEA29A3FD7F00E7570100E651A225E651A90D6042BF050052D50D8651CA00E8572002F505604A87FDA651CA00E95720028F52CA06FFFFE1570413E730
:FFA0F300570100E651E905C25167570000CA007F00A251B5FD7F00E731B3050650B50507500638A7517F000012A5054112C22EFFFFE629C1FD7F008007210C06A080FFB4EB4016803FE257202C1430E0070004D20580FF46EA40063F0C80FF98EB2206CDCCCC3DE257202CE0070004B20D40AE2041F5A7643480FF22EAF5576E5440063F0C2A06CDCCCC3D40063F0C84072100231715004112631705006307010008422706FCAADEFE00320648BFFF381844063F008007210808A0143F00000032BFFFF619143F01000132BFFFEC19143F02000232BFFFE219143F03000332BFFFD819143F04000432BFFFCE19143F05000532BFFFC419143F06000632BFFFBA19143F92
:FFA1F20007000732BFFFB01940063F08840721002317150041126317050063070100004A08422706FCAADEFE0232BFFFB81744063F008407210E00A21430BFFF4E193506DABDDEFE5557000001B21630BFFF3C19555701000232BFFF3219555702000332BFFF2819555703000432BFFF1E19555704000532BFFF1419555705000632BFFF0A19555706000732BFFF0019555707002016000363170500630701000842163015381448BFFF3E1744063F0E4016DFFE822FD9BD602AE22F0000422FD8BD7F007F00800721004016DFFEA21715AB6112C20D60128A15BFFFEAFF4016DFFE012A422F15AB40063F00BFFFC4FF4016DFFE420715AB40063F008407210F4016DFC0
:FFA2F100FE821715AB6112E24D6012EA07250100A21430BFFF88183506E8BDDEFE755700003606F8BDDEFE56570000F517010088125617010001BA1730BFFF62187557020056570200F51703008812561703000232BFFF4A187557040056570400F51705008812561705000332BFFF32187557060056570600F51707008812561707002016010263170500630701000842173016381448BFFF50164016DFFE42BF14AB44063F0F0432BFFFF6173406E8BDDEFE74570800350600BEDEFE55570000F41709008812551701000532BFFFD21774570A0055570200F4170B008812551703000632BFFFBA1774570C0055570400F4170D008812551705000732BFFFA217745748
:FFA3F0000E0055570600F4170F00881255170700201602026317050063070100004A084201321538BFFFC0154016DFFE420714AB44063F0F8407210E270604ABDEFE0132473700004737010047370200473703004737040047370500473706004737070020168101631705006307010000A208AA15401448BFFF70152706FCAADEFE02B247B7000047B7010047B7020047B7030047B7040047B7050047B7060047B70700201680016317050063070100143015401448BFFF321527060CABDEFE03124717000047170100471702004717030047170400471705004717060047170700201682016317050063070100163015401448BFFFF41444063F0E8407210020168307
:FFA4EF00016317050063070100004A084227060CABDEFE0232BFFFD01444063F0084072100201684016317050063070100084227060CABDEFE00320648BFFFAC1444063F0084072100201684016317050063070100004A084227060CABDEFE0132BFFF881444063F0084072100201684016317050063070100084227060CABDEFE00320648BFFF641444063F008407210C0012C50DC22EFF00260608BEDEFEC531202E1600462F00004112C22EFF0020364000E62981F520A6400020AE9300270608BEDEFE15301440BFFFA8F7270616ABDEFE15301440BFFFB8F70012A515C22EFF00260608BEDEFEC53186370100270616ABDEFEC729852F0100E531AA254112C22E44
:FFA5EE00FF0020364000E629A1ED00A220AE23019515D516FFFF6317050063070100004A0842270616ABDEFE0132BFFFBC1348A241AAD416FF00202E4000E511B1ED44063F0CA007210E0012A50DC22EFF000330C531202E4800462F00004112C22EFF000506C0FFB6F520A62102F50D20AE400003B0143016381540BFFFF6F6143016381540BFFF0AF741A220168403E2A1F1ED005260063F0E800721004016DFFE821759AB6112DA0D4016DFFE420758AB80FF26024016DFFE821759AB6012B2FD40063F0000120250D51DC22EFF00C529270659ABDEFEC539872F0100E5319A15C22EFF00C529270659ABDEFEC539A72F0100C529270648BEDEFEC539E757010041D9
:FFA6ED0012C22EFF00682A96E5CA007F0080072100C03F70B0C0A771B04016FFFFC23F24EAC2A725EAC03770B0E02F71B0C52ECF00602F70B0C23724EAE22F25EAC52ECF00622F24EA4016F2FF202E0401622F0100202E0301622F0500202E0201622F0900202E0101622F0D00202E0001622F1100202E0501622F1500202E0601622F1900202E0701622F1D0062070503202E1200622F8103082A622F1106622F1506622F1906622F1D06622F2106622F2506622F2906622F2D060C2A622F3503402EF0FF622F3903622F3D03622F4103622F6505622F6905622F6D05622F7105622F7505012A622F5103222F5503622F5503222F5503622F5503222F5503622F550366
:FFA7EC00222F5503622F5503222F5503622F5503222F5503622F5503222F5503622F5503222F5503622F550362071903620725036207290362072D03202E2200622F3103202E1000622F490462074D04072A622F510462075504222F4904622F490422170103402EDFFE651771AB1F00C0A771B0C0BF70B080FFE20040063F00011280070F1006E44016FFFFC23F24EAC2A725EA4016DFFE8007092806E4622F71AB1F007F008007491006E48216800080074F1006E47F008007491006E4202E7FFF451180074F1006E47F004016FFFFC2A725EAC2BF24EA7F00011280070F1408E47F00011280074F1408E47F008007C91408E4C22EFF008007094508E48800A5414161
:FFA8EB0042C82EFF00E729C30520568100C525C211C216FE0125060001F2FFC511002AC515C53EFF000748C949C6492257010069570000C85EFF00A759625AC105905269570200422A4412C53EFF00C84EFF00E93981ED00527F007F00231EE4FF630F090063170D00632F1100A3074F410000E7474000E64F4000A3070F4000004016DFFE012A422F58ABA30709400000E83F2000E9372000A30749410000232F110023170D00230F0900231E1C00E0074801231EB4FF630F090063170D00632F1100A3074F310000A307CF410000A3074F520000A307CF620000A3074F730000A307CF830000A3074F940000E7474000E64F4000A3070F400000800721004016DFFE0D
:FFA9EA00012A422F58AB083A260648BEDEFEBFFFDEFE40062000A30709400000E83F2000E9372000A30749940000A307C9830000A30749730000A307C9620000A30749520000A307C9410000A30749310000232F110023170D00230F0900231E4C00E0074801800721004016C1FF6207004062072040620724406207284062072C406207004162072041620724416207284162072C411F2A622F0003622F2003622F2403622F2803622F2C036207000462072004620724046207280462072C04620700426207284262072C422036A5006237014C62070146622F0146620701466237014C62070145622F0145620701456207004162070043620700441E3A623F00476255
:FFAAE900070000623F0003203E8005623F00406237214C203E4000623F21452046BFFF62472145623F2145620720416207204362072044624720476207200062472003203E2B00623F20406207244362072444622F2447622F2403083A623F24406237294C62072946622F2946620729466237294C62072945622F2945620729456207284162072800203ECB9F623F280362372D4C62072D46622F2D4662072D4662372D4C62072D45622F2D4562072D4562072C4162072C001C2A622F2C03E2170103402EDFFE651771AB1F0080FF080040063F007F00E00F20017F00E00F2001BF07FCFF231EB4FF630F090063170D00632F1100A3074F310000A307CF410000A307A1
:FFABE8004F520000A307CF620000A3074F730000A307CF830000A3074F940000E7474000E64F4000A3070F40000080072100BFFFACFF40062000A30709400000E83F2000E9372000A30749940000A307C9830000A30749730000A307C9620000A30749520000A307C9410000A30749310000232F110023170D00230F0900231E4C00E0074801231EB4FF630F090063170D00632F1100A3074F310000A307CF410000A3074F520000A307CF620000A3074F730000A307CF830000A3074F940000E7474000E64F4000A3070F40000080072100BFFF0CFF40062000A30709400000E83F2000E9372000A30749940000A307C9830000A30749730000A307C9620000A3074949
:FFACE700520000A307C9410000A30749310000232F110023170D00230F0900231E4C00E0074801231EB4FF630F090063170D00632F1100A3074F310000A307CF410000A3074F520000A307CF620000A3074F730000A307CF830000A3074F940000E7474000E64F4000A3070F40000080072100BFFF6CFE40062000A30709400000E83F2000E9372000A30749940000A307C9830000A30749730000A307C9620000A30749520000A307C9410000A30749310000232F110023170D00230F0900231E4C00E0074801231EB4FF630F090063170D00632F1100A3074F310000A307CF410000A3074F520000A307CF620000A3074F730000A307CF830000A3074F940000E74741
:FFADE6004000E64F4000A3070F40000080072100BFFFCCFD40062000A30709400000E83F2000E9372000A30749940000A307C9830000A30749730000A307C9620000A30749520000A307C9410000A30749310000232F110023170D00230F0900231E4C00E0074801231EB4FF630F090063170D00632F1100A3074F310000A307CF410000A3074F520000A307CF620000A3074F730000A307CF830000A3074F940000E7474000E64F4000A3070F40000080072100BFFF2CFD40062000A30709400000E83F2000E9372000A30749940000A307C9830000A30749730000A307C9620000A30749520000A307C9410000A30749310000232F110023170D00230F0900231E4C10
:FFAEE50000E0074801231EB4FF630F090063170D00632F1100A3074F310000A307CF410000A3074F520000A307CF620000A3074F730000A307CF830000A3074F940000E7474000E64F4000A3070F40000080072100BFFF8CFC40062000A30709400000E83F2000E9372000A30749940000A307C9830000A30749730000A307C9620000A30749520000A307C9410000A30749310000232F110023170D00230F0900231E4C00E0074801231EB4FF630F090063170D00632F1100A3074F310000A307CF410000A3074F520000A307CF620000A3074F730000A307CF830000A3074F940000E7474000E64F4000A3070F40000080072100BFFFECFB40062000A307094000006B
:FFAFE400E83F2000E9372000A30749940000A307C9830000A30749730000A307C9620000A30749520000A307C9410000A30749310000232F110023170D00230F0900231E4C00E0074801231EB4FF630F090063170D00632F1100A3074F310000A307CF410000A3074F520000A307CF620000A3074F730000A307CF830000A3074F940000E7474000E64F4000A3070F40000080072100BFFF4CFB40062000A30709400000E83F2000E9372000A30749940000A307C9830000A30749730000A307C9620000A30749520000A307C9410000A30749310000232F110023170D00230F0900231E4C00E0074801231EB4FF630F090063170D00632F1100A3074F310000A307CFBC
:FFB0E300410000A3074F520000A307CF620000A3074F730000A307CF830000A3074F940000E7474000E64F4000A3070F40000080072100BFFFACFA40062000A30709400000E83F2000E9372000A30749940000A307C9830000A30749730000A307C9620000A30749520000A307C9410000A30749310000232F110023170D00230F0900231E4C00E0074801231EB4FF630F090063170D00632F1100A3074F310000A307CF410000A3074F520000A307CF620000A3074F730000A307CF830000A3074F940000E7474000E64F4000A3070F40000080072100BFFF0CFA40062000A30709400000E83F2000E9372000A30749940000A307C9830000A30749730000A307C9625B
:FFB1E2000000A30749520000A307C9410000A30749310000232F110023170D00230F0900231E4C00E0074801231EB4FF630F090063170D00632F1100A3074F310000A307CF410000A3074F520000A307CF620000A3074F730000A307CF830000A3074F940000E7474000E64F4000A3070F40000080072100BFFF6CF940062000A30709400000E83F2000E9372000A30749940000A307C9830000A30749730000A307C9620000A30749520000A307C9410000A30749310000232F110023170D00230F0900231E4C00E0074801231EB4FF630F090063170D00632F1100A3074F310000A307CF410000A3074F520000A307CF620000A3074F730000A307CF830000A3074F15
:FFB2E100940000E7474000E64F4000A3070F40000080072100BFFFCCF840062000A30709400000E83F2000E9372000A30749940000A307C9830000A30749730000A307C9620000A30749520000A307C9410000A30749310000232F110023170D00230F0900231E4C00E0074801231EB4FF630F090063170D00632F1100A3074F310000A307CF410000A3074F520000A307CF620000A3074F730000A307CF830000A3074F940000E7474000E64F4000A3070F40000080072100BFFF2CF840062000A30709400000E83F2000E9372000A30749940000A307C9830000A30749730000A307C9620000A30749520000A307C9410000A30749310000232F110023170D00230FEE
:FFB3E0000900231E4C00E0074801231EB4FF630F090063170D00632F1100A3074F310000A307CF410000A3074F520000A307CF620000A3074F730000A307CF830000A3074F940000E7474000E64F4000A3070F40000080072100BFFF8CF740062000A30709400000E83F2000E9372000A30749940000A307C9830000A30749730000A307C9620000A30749520000A307C9410000A30749310000232F110023170D00230F0900231E4C00E0074801231EB4FF630F090063170D00632F1100A3074F310000A307CF410000A3074F520000A307CF620000A3074F730000A307CF830000A3074F940000E7474000E64F4000A3070F40000080072100BFFFECF640062000A32F
:FFB4DF000709400000E83F2000E9372000A30749940000A307C9830000A30749730000A307C9620000A30749520000A307C9410000A30749310000232F110023170D00230F0900231E4C00E0074801231EB4FF630F090063170D00632F1100A3074F310000A307CF410000A3074F520000A307CF620000A3074F730000A307CF830000A3074F940000E7474000E64F4000A3070F40000080072100BFFF4CF640062000A30709400000E83F2000E9372000A30749940000A307C9830000A30749730000A307C9620000A30749520000A307C9410000A30749310000232F110023170D00230F0900231E4C00E0074801231EB4FF630F090063170D00632F1100A3074F31EA
:FFB5DE000000A307CF410000A3074F520000A307CF620000A3074F730000A307CF830000A3074F940000E7474000E64F4000A3070F40000080072100BFFFACF540062000A30709400000E83F2000E9372000A30749940000A307C9830000A30749730000A307C9620000A30749520000A307C9410000A30749310000232F110023170D00230F0900231E4C00E0074801231EB4FF630F090063170D00632F1100A3074F310000A307CF410000A3074F520000A307CF620000A3074F730000A307CF830000A3074F940000E7474000E64F4000A3070F40000080072100BFFF0CF540062000A30709400000E83F2000E9372000A30749940000A307C9830000A307497300C1
:FFB6DD0000A307C9620000A30749520000A307C9410000A30749310000232F110023170D00230F0900231E4C00E0074801231EB4FF630F090063170D00632F1100A3074F310000A307CF410000A3074F520000A307CF620000A3074F730000A307CF830000A3074F940000E7474000E64F4000A3070F40000080072100BFFF6CF440062000A30709400000E83F2000E9372000A30749940000A307C9830000A30749730000A307C9620000A30749520000A307C9410000A30749310000232F110023170D00230F0900231E4C00E0074801231EB4FF630F090063170D00632F1100A3074F310000A307CF410000A3074F520000A307CF620000A3074F730000A307CF833E
:FFB7DC000000A3074F940000E7474000E64F4000A3070F40000080072100BFFFCCF340062000A30709400000E83F2000E9372000A30749940000A307C9830000A30749730000A307C9620000A30749520000A307C9410000A30749310000232F110023170D00230F0900231E4C00E0074801231EB4FF630F090063170D00632F1100A3074F310000A307CF410000A3074F520000A307CF620000A3074F730000A307CF830000A3074F940000E7474000E64F4000A3070F40000080072100BFFF2CF340062000A30709400000E83F2000E9372000A30749940000A307C9830000A30749730000A307C9620000A30749520000A307C9410000A30749310000232F11002355
:FFB8DB00170D00230F0900231E4C00E0074801231EB4FF630F090063170D00632F1100A3074F310000A307CF410000A3074F520000A307CF620000A3074F730000A307CF830000A3074F940000E7474000E64F4000A3070F40000080072100BFFF8CF240062000A30709400000E83F2000E9372000A30749940000A307C9830000A30749730000A307C9620000A30749520000A307C9410000A30749310000232F110023170D00230F0900231E4C00E0074801231EB4FF630F090063170D00632F1100A3074F310000A307CF410000A3074F520000A307CF620000A3074F730000A307CF830000A3074F940000E7474000E64F4000A3070F40000080072100BFFFECF1EC
:FFB9DA0040062000A30709400000E83F2000E9372000A30749940000A307C9830000A30749730000A307C9620000A30749520000A307C9410000A30749310000232F110023170D00230F0900231E4C00E0074801231EB4FF630F090063170D00632F1100A3074F310000A307CF410000A3074F520000A307CF620000A3074F730000A307CF830000A3074F940000E7474000E64F4000A3070F40000080072100BFFF4CF140062000A30709400000E83F2000E9372000A30749940000A307C9830000A30749730000A307C9620000A30749520000A307C9410000A30749310000232F110023170D00230F0900231E4C00E0074801231EB4FF630F090063170D00632F1110
:FFBAD90000A3074F310000A307CF410000A3074F520000A307CF620000A3074F730000A307CF830000A3074F940000E7474000E64F4000A3070F40000080072100BFFFACF040062000A30709400000E83F2000E9372000A30749940000A307C9830000A30749730000A307C9620000A30749520000A307C9410000A30749310000232F110023170D00230F0900231E4C00E0074801231EB4FF630F090063170D00632F1100A3074F310000A307CF410000A3074F520000A307CF620000A3074F730000A307CF830000A3074F940000E7474000E64F4000A3070F40000080072100BFFF0CF040062000A30709400000E83F2000E9372000A30749940000A307C983000007
:FFBBD800A30749730000A307C9620000A30749520000A307C9410000A30749310000232F110023170D00230F0900231E4C00E0074801231EB4FF630F090063170D00632F1100A3074F310000A307CF410000A3074F520000A307CF620000A3074F730000A307CF830000A3074F940000E7474000E64F4000A3070F40000080072100BFFF6CEF40062000A30709400000E83F2000E9372000A30749940000A307C9830000A30749730000A307C9620000A30749520000A307C9410000A30749310000232F110023170D00230F0900231E4C00E0074801231EB4FF630F090063170D00632F1100A3074F310000A307CF410000A3074F520000A307CF620000A3074F7300D9
:FFBCD70000A307CF830000A3074F940000E7474000E64F4000A3070F40000080072100BFFFCCEE40062000A30709400000E83F2000E9372000A30749940000A307C9830000A30749730000A307C9620000A30749520000A307C9410000A30749310000232F110023170D00230F0900231E4C00E0074801231EB4FF630F090063170D00632F1100A3074F310000A307CF410000A3074F520000A307CF620000A3074F730000A307CF830000A3074F940000E7474000E64F4000A3070F40000080072100BFFF2CEE40062000A30709400000E83F2000E9372000A30749940000A307C9830000A30749730000A307C9620000A30749520000A307C9410000A30749310000E9
:FFBDD600232F110023170D00230F0900231E4C00E0074801231EB4FF630F090063170D00632F1100A3074F310000A307CF410000A3074F520000A307CF620000A3074F730000A307CF830000A3074F940000E7474000E64F4000A3070F40000080072100BFFF8CED40062000A30709400000E83F2000E9372000A30749940000A307C9830000A30749730000A307C9620000A30749520000A307C9410000A30749310000232F110023170D00230F0900231E4C00E0074801231EB4FF630F090063170D00632F1100A3074F310000A307CF410000A3074F520000A307CF620000A3074F730000A307CF830000A3074F940000E7474000E64F4000A3070F40000080072106
:FFBED50000BFFFECEC40062000A30709400000E83F2000E9372000A30749940000A307C9830000A30749730000A307C9620000A30749520000A307C9410000A30749310000232F110023170D00230F0900231E4C00E0074801231EB4FF630F090063170D00632F1100A3074F310000A307CF410000A3074F520000A307CF620000A3074F730000A307CF830000A3074F940000E7474000E64F4000A3070F40000080072100BFFF4CEC40062000A30709400000E83F2000E9372000A30749940000A307C9830000A30749730000A307C9620000A30749520000A307C9410000A30749310000232F110023170D00230F0900231E4C00E0074801231EB4FF630F090063172F
:FFBFD4000D00632F1100A3074F310000A307CF410000A3074F520000A307CF620000A3074F730000A307CF830000A3074F940000E7474000E64F4000A3070F40000080072100BFFFACEB40062000A30709400000E83F2000E9372000A30749940000A307C9830000A30749730000A307C9620000A30749520000A307C9410000A30749310000232F110023170D00230F0900231E4C00E0074801231EB4FF630F090063170D00632F1100A3074F310000A307CF410000A3074F520000A307CF620000A3074F730000A307CF830000A3074F940000E7474000E64F4000A3070F40000080072100BFFF0CEB40062000A30709400000E83F2000E9372000A30749940000A3B4
:FFC0D30007C9830000A30749730000A307C9620000A30749520000A307C9410000A30749310000232F110023170D00230F0900231E4C00E0074801231EB4FF630F090063170D00632F1100A3074F310000A307CF410000A3074F520000A307CF620000A3074F730000A307CF830000A3074F940000E7474000E64F4000A3070F40000080072100BFFF6CEA40062000A30709400000E83F2000E9372000A30749940000A307C9830000A30749730000A307C9620000A30749520000A307C9410000A30749310000232F110023170D00230F0900231E4C00E0074801231EB4FF630F090063170D00632F1100A3074F310000A307CF410000A3074F520000A307CF620000F7
:FFC1D200A3074F730000A307CF830000A3074F940000E7474000E64F4000A3070F40000080072100BFFFCCE940062000A30709400000E83F2000E9372000A30749940000A307C9830000A30749730000A307C9620000A30749520000A307C9410000A30749310000232F110023170D00230F0900231E4C00E0074801231EB4FF630F090063170D00632F1100A3074F310000A307CF410000A3074F520000A307CF620000A3074F730000A307CF830000A3074F940000E7474000E64F4000A3070F40000080072100BFFF2CE940062000A30709400000E83F2000E9372000A30749940000A307C9830000A30749730000A307C9620000A30749520000A307C9410000A308
:FFC2D1000749310000232F110023170D00230F0900231E4C00E0074801231EB4FF630F090063170D00632F1100A3074F310000A307CF410000A3074F520000A307CF620000A3074F730000A307CF830000A3074F940000E7474000E64F4000A3070F40000080072100BFFF8CE840062000A30709400000E83F2000E9372000A30749940000A307C9830000A30749730000A307C9620000A30749520000A307C9410000A30749310000232F110023170D00230F0900231E4C00E0074801231EB4FF630F090063170D00632F1100A3074F310000A307CF410000A3074F520000A307CF620000A3074F730000A307CF830000A3074F940000E7474000E64F4000A3070F4032
:FFC3D000000080072100BFFFECE740062000A30709400000E83F2000E9372000A30749940000A307C9830000A30749730000A307C9620000A30749520000A307C9410000A30749310000232F110023170D00230F0900231E4C00E0074801231EB4FF630F090063170D00632F1100A3074F310000A307CF410000A3074F520000A307CF620000A3074F730000A307CF830000A3074F940000E7474000E64F4000A3070F40000080072100BFFF4CE740062000A30709400000E83F2000E9372000A30749940000A307C9830000A30749730000A307C9620000A30749520000A307C9410000A30749310000232F110023170D00230F0900231E4C00E0074801231EB4FF6323
:FFC4CF000F090063170D00632F1100A3074F310000A307CF410000A3074F520000A307CF620000A3074F730000A307CF830000A3074F940000E7474000E64F4000A3070F40000080072100BFFFACE640062000A30709400000E83F2000E9372000A30749940000A307C9830000A30749730000A307C9620000A30749520000A307C9410000A30749310000232F110023170D00230F0900231E4C00E0074801231EB4FF630F090063170D00632F1100A3074F310000A307CF410000A3074F520000A307CF620000A3074F730000A307CF830000A3074F940000E7474000E64F4000A3070F40000080072100BFFF0CE640062000A30709400000E83F2000E9372000A307AC
:FFC5CE0049940000A307C9830000A30749730000A307C9620000A30749520000A307C9410000A30749310000232F110023170D00230F0900231E4C00E0074801231EB4FF630F090063170D00632F1100A3074F310000A307CF410000A3074F520000A307CF620000A3074F730000A307CF830000A3074F940000E7474000E64F4000A3070F40000080072100BFFF6CE540062000A30709400000E83F2000E9372000A30749940000A307C9830000A30749730000A307C9620000A30749520000A307C9410000A30749310000232F110023170D00230F0900231E4C00E0074801231EB4FF630F090063170D00632F1100A3074F310000A307CF410000A3074F520000A3B4
:FFC6CD0007CF620000A3074F730000A307CF830000A3074F940000E7474000E64F4000A3070F40000080072100BFFFCCE440062000A30709400000E83F2000E9372000A30749940000A307C9830000A30749730000A307C9620000A30749520000A307C9410000A30749310000232F110023170D00230F0900231E4C00E0074801231EB4FF630F090063170D00632F1100A3074F310000A307CF410000A3074F520000A307CF620000A3074F730000A307CF830000A3074F940000E7474000E64F4000A3070F40000080072100BFFF2CE440062000A30709400000E83F2000E9372000A30749940000A307C9830000A30749730000A307C9620000A30749520000A30787
:FFC7CC00C9410000A30749310000232F110023170D00230F0900231E4C00E0074801231EB4FF630F090063170D00632F1100A3074F310000A307CF410000A3074F520000A307CF620000A3074F730000A307CF830000A3074F940000E7474000E64F4000A3070F40000080072100BFFF8CE340062000A30709400000E83F2000E9372000A30749940000A307C9830000A30749730000A307C9620000A30749520000A307C9410000A30749310000232F110023170D00230F0900231E4C00E0074801231EB4FF630F090063170D00632F1100A3074F310000A307CF410000A3074F520000A307CF620000A3074F730000A307CF830000A3074F940000E7474000E64F4083
:FFC8CB0000A3070F40000080072100BFFFECE240062000A30709400000E83F2000E9372000A30749940000A307C9830000A30749730000A307C9620000A30749520000A307C9410000A30749310000232F110023170D00230F0900231E4C00E0074801231EB4FF630F090063170D00632F1100A3074F310000A307CF410000A3074F520000A307CF620000A3074F730000A307CF830000A3074F940000E7474000E64F4000A3070F40000080072100BFFF4CE240062000A30709400000E83F2000E9372000A30749940000A307C9830000A30749730000A307C9620000A30749520000A307C9410000A30749310000232F110023170D00230F0900231E4C00E00748018B
:FFC9CA00231EB4FF630F090063170D00632F1100A3074F310000A307CF410000A3074F520000A307CF620000A3074F730000A307CF830000A3074F940000E7474000E64F4000A3070F40000080072100BFFFACE140062000A30709400000E83F2000E9372000A30749940000A307C9830000A30749730000A307C9620000A30749520000A307C9410000A30749310000232F110023170D00230F0900231E4C00E0074801231EB4FF630F090063170D00632F1100A3074F310000A307CF410000A3074F520000A307CF620000A3074F730000A307CF830000A3074F940000E7474000E64F4000A3070F40000080072100BFFF0CE140062000A30709400000E83F2000E960
:FFCAC900372000A30749940000A307C9830000A30749730000A307C9620000A30749520000A307C9410000A30749310000232F110023170D00230F0900231E4C00E0074801231EB4FF630F090063170D00632F1100A3074F310000A307CF410000A3074F520000A307CF620000A3074F730000A307CF830000A3074F940000E7474000E64F4000A3070F40000080072100BFFF6CE040062000A30709400000E83F2000E9372000A30749940000A307C9830000A30749730000A307C9620000A30749520000A307C9410000A30749310000232F110023170D00230F0900231E4C00E0074801231EB4FF630F090063170D00632F1100A3074F310000A307CF410000A307FC
:FFCBC8004F520000A307CF620000A3074F730000A307CF830000A3074F940000E7474000E64F4000A3070F40000080072100BFFFCCDF40062000A30709400000E83F2000E9372000A30749940000A307C9830000A30749730000A307C9620000A30749520000A307C9410000A30749310000232F110023170D00230F0900231E4C00E0074801231EB4FF630F090063170D00632F1100A3074F310000A307CF410000A3074F520000A307CF620000A3074F730000A307CF830000A3074F940000E7474000E64F4000A3070F40000080072100BFFF2CDF40062000A30709400000E83F2000E9372000A30749940000A307C9830000A30749730000A307C9620000A3074949
:FFCCC700520000A307C9410000A30749310000232F110023170D00230F0900231E4C00E0074801231EB4FF630F090063170D00632F1100A3074F310000A307CF410000A3074F520000A307CF620000A3074F730000A307CF830000A3074F940000E7474000E64F4000A3070F40000080072100BFFF8CDE40062000A30709400000E83F2000E9372000A30749940000A307C9830000A30749730000A307C9620000A30749520000A307C9410000A30749310000232F110023170D00230F0900231E4C00E0074801231EB4FF630F090063170D00632F1100A3074F310000A307CF410000A3074F520000A307CF620000A3074F730000A307CF830000A3074F940000E74741
:FFCDC6004000E64F4000A3070F40000080072100BFFFECDD40062000A30709400000E83F2000E9372000A30749940000A307C9830000A30749730000A307C9620000A30749520000A307C9410000A30749310000232F110023170D00230F0900231E4C00E0074801231EB4FF630F090063170D00632F1100A3074F310000A307CF410000A3074F520000A307CF620000A3074F730000A307CF830000A3074F940000E7474000E64F4000A3070F40000080072100BFFF4CDD40062000A30709400000E83F2000E9372000A30749940000A307C9830000A30749730000A307C9620000A30749520000A307C9410000A30749310000232F110023170D00230F0900231E4C10
:FFCEC50000E0074801231EB4FF630F090063170D00632F1100A3074F310000A307CF410000A3074F520000A307CF620000A3074F730000A307CF830000A3074F940000E7474000E64F4000A3070F40000080072100BFFFACDC40062000A30709400000E83F2000E9372000A30749940000A307C9830000A30749730000A307C9620000A30749520000A307C9410000A30749310000232F110023170D00230F0900231E4C00E0074801231EB4FF630F090063170D00632F1100A3074F310000A307CF410000A3074F520000A307CF620000A3074F730000A307CF830000A3074F940000E7474000E64F4000A3070F40000080072100BFFF0CDC40062000A307094000006A
:FFCFC400E83F2000E9372000A30749940000A307C9830000A30749730000A307C9620000A30749520000A307C9410000A30749310000232F110023170D00230F0900231E4C00E0074801231EB4FF630F090063170D00632F1100A3074F310000A307CF410000A3074F520000A307CF620000A3074F730000A307CF830000A3074F940000E7474000E64F4000A3070F40000080072100BFFF6CDB40062000A30709400000E83F2000E9372000A30749940000A307C9830000A30749730000A307C9620000A30749520000A307C9410000A30749310000232F110023170D00230F0900231E4C00E0074801231EB4FF630F090063170D00632F1100A3074F310000A307CFBC
:FFD0C300410000A3074F520000A307CF620000A3074F730000A307CF830000A3074F940000E7474000E64F4000A3070F40000080072100BFFFCCDA40062000A30709400000E83F2000E9372000A30749940000A307C9830000A30749730000A307C9620000A30749520000A307C9410000A30749310000232F110023170D00230F0900231E4C00E0074801231EB4FF630F090063170D00632F1100A3074F310000A307CF410000A3074F520000A307CF620000A3074F730000A307CF830000A3074F940000E7474000E64F4000A3070F40000080072100BFFF2CDA40062000A30709400000E83F2000E9372000A30749940000A307C9830000A30749730000A307C9625B
:FFD1C2000000A30749520000A307C9410000A30749310000232F110023170D00230F0900231E4C00E0074801231EB4FF630F090063170D00632F1100A3074F310000A307CF410000A3074F520000A307CF620000A3074F730000A307CF830000A3074F940000E7474000E64F4000A3070F40000080072100BFFF8CD940062000A30709400000E83F2000E9372000A30749940000A307C9830000A30749730000A307C9620000A30749520000A307C9410000A30749310000232F110023170D00230F0900231E4C00E0074801231EB4FF630F090063170D00632F1100A3074F310000A307CF410000A3074F520000A307CF620000A3074F730000A307CF830000A3074F15
:FFD2C100940000E7474000E64F4000A3070F40000080072100BFFFECD840062000A30709400000E83F2000E9372000A30749940000A307C9830000A30749730000A307C9620000A30749520000A307C9410000A30749310000232F110023170D00230F0900231E4C00E0074801231EB4FF630F090063170D00632F1100A3074F310000A307CF410000A3074F520000A307CF620000A3074F730000A307CF830000A3074F940000E7474000E64F4000A3070F40000080072100BFFF4CD840062000A30709400000E83F2000E9372000A30749940000A307C9830000A30749730000A307C9620000A30749520000A307C9410000A30749310000232F110023170D00230FEE
:FFD3C0000900231E4C00E0074801231EB4FF630F090063170D00632F1100A3074F310000A307CF410000A3074F520000A307CF620000A3074F730000A307CF830000A3074F940000E7474000E64F4000A3070F40000080072100BFFFACD740062000A30709400000E83F2000E9372000A30749940000A307C9830000A30749730000A307C9620000A30749520000A307C9410000A30749310000232F110023170D00230F0900231E4C00E0074801231EB4FF630F090063170D00632F1100A3074F310000A307CF410000A3074F520000A307CF620000A3074F730000A307CF830000A3074F940000E7474000E64F4000A3070F40000080072100BFFF0CD740062000A32E
:FFD4BF000709400000E83F2000E9372000A30749940000A307C9830000A30749730000A307C9620000A30749520000A307C9410000A30749310000232F110023170D00230F0900231E4C00E0074801231EB4FF630F090063170D00632F1100A3074F310000A307CF410000A3074F520000A307CF620000A3074F730000A307CF830000A3074F940000E7474000E64F4000A3070F40000080072100BFFF6CD640062000A30709400000E83F2000E9372000A30749940000A307C9830000A30749730000A307C9620000A30749520000A307C9410000A30749310000232F110023170D00230F0900231E4C00E0074801231EB4FF630F090063170D00632F1100A3074F31EA
:FFD5BE000000A307CF410000A3074F520000A307CF620000A3074F730000A307CF830000A3074F940000E7474000E64F4000A3070F40000080072100BFFFCCD540062000A30709400000E83F2000E9372000A30749940000A307C9830000A30749730000A307C9620000A30749520000A307C9410000A30749310000232F110023170D00230F0900231E4C00E0074801231EB4FF630F090063170D00632F1100A3074F310000A307CF410000A3074F520000A307CF620000A3074F730000A307CF830000A3074F940000E7474000E64F4000A3070F40000080072100BFFF2CD540062000A30709400000E83F2000E9372000A30749940000A307C9830000A307497300C1
:FFD6BD0000A307C9620000A30749520000A307C9410000A30749310000232F110023170D00230F0900231E4C00E0074801231EB4FF630F090063170D00632F1100A3074F310000A307CF410000A3074F520000A307CF620000A3074F730000A307CF830000A3074F940000E7474000E64F4000A3070F40000080072100BFFF8CD440062000A30709400000E83F2000E9372000A30749940000A307C9830000A30749730000A307C9620000A30749520000A307C9410000A30749310000232F110023170D00230F0900231E4C00E0074801231EB4FF630F090063170D00632F1100A3074F310000A307CF410000A3074F520000A307CF620000A3074F730000A307CF833E
:FFD7BC000000A3074F940000E7474000E64F4000A3070F40000080072100BFFFECD340062000A30709400000E83F2000E9372000A30749940000A307C9830000A30749730000A307C9620000A30749520000A307C9410000A30749310000232F110023170D00230F0900231E4C00E0074801231EB4FF630F090063170D00632F1100A3074F310000A307CF410000A3074F520000A307CF620000A3074F730000A307CF830000A3074F940000E7474000E64F4000A3070F40000080072100BFFF4CD340062000A30709400000E83F2000E9372000A30749940000A307C9830000A30749730000A307C9620000A30749520000A307C9410000A30749310000232F11002355
:FFD8BB00170D00230F0900231E4C00E0074801231EB4FF630F090063170D00632F1100A3074F310000A307CF410000A3074F520000A307CF620000A3074F730000A307CF830000A3074F940000E7474000E64F4000A3070F40000080072100BFFFACD240062000A30709400000E83F2000E9372000A30749940000A307C9830000A30749730000A307C9620000A30749520000A307C9410000A30749310000232F110023170D00230F0900231E4C00E0074801231EB4FF630F090063170D00632F1100A3074F310000A307CF410000A3074F520000A307CF620000A3074F730000A307CF830000A3074F940000E7474000E64F4000A3070F40000080072100BFFF0CD2EB
:FFD9BA0040062000A30709400000E83F2000E9372000A30749940000A307C9830000A30749730000A307C9620000A30749520000A307C9410000A30749310000232F110023170D00230F0900231E4C00E0074801231EB4FF630F090063170D00632F1100A3074F310000A307CF410000A3074F520000A307CF620000A3074F730000A307CF830000A3074F940000E7474000E64F4000A3070F40000080072100BFFF6CD140062000A30709400000E83F2000E9372000A30749940000A307C9830000A30749730000A307C9620000A30749520000A307C9410000A30749310000232F110023170D00230F0900231E4C00E0074801231EB4FF630F090063170D00632F1110
:FFDAB90000A3074F310000A307CF410000A3074F520000A307CF620000A3074F730000A307CF830000A3074F940000E7474000E64F4000A3070F40000080072100BFFFCCD040062000A30709400000E83F2000E9372000A30749940000A307C9830000A30749730000A307C9620000A30749520000A307C9410000A30749310000232F110023170D00230F0900231E4C00E0074801231EB4FF630F090063170D00632F1100A3074F310000A307CF410000A3074F520000A307CF620000A3074F730000A307CF830000A3074F940000E7474000E64F4000A3070F40000080072100BFFF2CD040062000A30709400000E83F2000E9372000A30749940000A307C983000007
:FFDBB800A30749730000A307C9620000A30749520000A307C9410000A30749310000232F110023170D00230F0900231E4C00E0074801231EB4FF630F090063170D00632F1100A3074F310000A307CF410000A3074F520000A307CF620000A3074F730000A307CF830000A3074F940000E7474000E64F4000A3070F40000080072100BFFF8CCF40062000A30709400000E83F2000E9372000A30749940000A307C9830000A30749730000A307C9620000A30749520000A307C9410000A30749310000232F110023170D00230F0900231E4C00E0074801231EB4FF630F090063170D00632F1100A3074F310000A307CF410000A3074F520000A307CF620000A3074F7300D9
:FFDCB70000A307CF830000A3074F940000E7474000E64F4000A3070F40000080072100BFFFECCE40062000A30709400000E83F2000E9372000A30749940000A307C9830000A30749730000A307C9620000A30749520000A307C9410000A30749310000232F110023170D00230F0900231E4C00E0074801231EB4FF630F090063170D00632F1100A3074F310000A307CF410000A3074F520000A307CF620000A3074F730000A307CF830000A3074F940000E7474000E64F4000A3070F40000080072100BFFF4CCE40062000A30709400000E83F2000E9372000A30749940000A307C9830000A30749730000A307C9620000A30749520000A307C9410000A30749310000E9
:FFDDB600232F110023170D00230F0900231E4C00E0074801231EB4FF630F090063170D00632F1100A3074F310000A307CF410000A3074F520000A307CF620000A3074F730000A307CF830000A3074F940000E7474000E64F4000A3070F40000080072100BFFFACCD40062000A30709400000E83F2000E9372000A30749940000A307C9830000A30749730000A307C9620000A30749520000A307C9410000A30749310000232F110023170D00230F0900231E4C00E0074801231EB4FF630F090063170D00632F1100A3074F310000A307CF410000A3074F520000A307CF620000A3074F730000A307CF830000A3074F940000E7474000E64F4000A3070F40000080072106
:FFDEB50000BFFF0CCD40062000A30709400000E83F2000E9372000A30749940000A307C9830000A30749730000A307C9620000A30749520000A307C9410000A30749310000232F110023170D00230F0900231E4C00E0074801231EB4FF630F090063170D00632F1100A3074F310000A307CF410000A3074F520000A307CF620000A3074F730000A307CF830000A3074F940000E7474000E64F4000A3070F40000080072100BFFF6CCC40062000A30709400000E83F2000E9372000A30749940000A307C9830000A30749730000A307C9620000A30749520000A307C9410000A30749310000232F110023170D00230F0900231E4C00E0074801231EB4FF630F090063172E
:FFDFB4000D00632F1100A3074F310000A307CF410000A3074F520000A307CF620000A3074F730000A307CF830000A3074F940000E7474000E64F4000A3070F40000080072100BFFFCCCB40062000A30709400000E83F2000E9372000A30749940000A307C9830000A30749730000A307C9620000A30749520000A307C9410000A30749310000232F110023170D00230F0900231E4C00E0074801231EB4FF630F090063170D00632F1100A3074F310000A307CF410000A3074F520000A307CF620000A3074F730000A307CF830000A3074F940000E7474000E64F4000A3070F40000080072100BFFF2CCB40062000A30709400000E83F2000E9372000A30749940000A3B4
:FFE0B30007C9830000A30749730000A307C9620000A30749520000A307C9410000A30749310000232F110023170D00230F0900231E4C00E0074801231EB4FF630F090063170D00632F1100A3074F310000A307CF410000A3074F520000A307CF620000A3074F730000A307CF830000A3074F940000E7474000E64F4000A3070F40000080072100BFFF8CCA40062000A30709400000E83F2000E9372000A30749940000A307C9830000A30749730000A307C9620000A30749520000A307C9410000A30749310000232F110023170D00230F0900231E4C00E0074801231EB4FF630F090063170D00632F1100A3074F310000A307CF410000A3074F520000A307CF620000F7
:FFE1B200A3074F730000A307CF830000A3074F940000E7474000E64F4000A3070F40000080072100BFFFECC940062000A30709400000E83F2000E9372000A30749940000A307C9830000A30749730000A307C9620000A30749520000A307C9410000A30749310000232F110023170D00230F0900231E4C00E0074801231EB4FF630F090063170D00632F1100A3074F310000A307CF410000A3074F520000A307CF620000A3074F730000A307CF830000A3074F940000E7474000E64F4000A3070F40000080072100BFFF4CC940062000A30709400000E83F2000E9372000A30749940000A307C9830000A30749730000A307C9620000A30749520000A307C9410000A308
:FFE2B1000749310000232F110023170D00230F0900231E4C00E0074801231EB4FF630F090063170D00632F1100A3074F310000A307CF410000A3074F520000A307CF620000A3074F730000A307CF830000A3074F940000E7474000E64F4000A3070F40000080072100BFFFACC840062000A30709400000E83F2000E9372000A30749940000A307C9830000A30749730000A307C9620000A30749520000A307C9410000A30749310000232F110023170D00230F0900231E4C00E0074801231EB4FF630F090063170D00632F1100A3074F310000A307CF410000A3074F520000A307CF620000A3074F730000A307CF830000A3074F940000E7474000E64F4000A3070F4032
:FFE3B000000080072100BFFF0CC840062000A30709400000E83F2000E9372000A30749940000A307C9830000A30749730000A307C9620000A30749520000A307C9410000A30749310000232F110023170D00230F0900231E4C00E0074801231EB4FF630F090063170D00632F1100A3074F310000A307CF410000A3074F520000A307CF620000A3074F730000A307CF830000A3074F940000E7474000E64F4000A3070F40000080072100BFFF6CC740062000A30709400000E83F2000E9372000A30749940000A307C9830000A30749730000A307C9620000A30749520000A307C9410000A30749310000232F110023170D00230F0900231E4C00E0074801231EB4FF6322
:FFE4AF000F090063170D00632F1100A3074F310000A307CF410000A3074F520000A307CF620000A3074F730000A307CF830000A3074F940000E7474000E64F4000A3070F40000080072100BFFFCCC640062000A30709400000E83F2000E9372000A30749940000A307C9830000A30749730000A307C9620000A30749520000A307C9410000A30749310000232F110023170D00230F0900231E4C00E0074801231EB4FF630F090063170D00632F1100A3074F310000A307CF410000A3074F520000A307CF620000A3074F730000A307CF830000A3074F940000E7474000E64F4000A3070F40000080072100BFFF2CC640062000A30709400000E83F2000E9372000A307AC
:FFE5AE0049940000A307C9830000A30749730000A307C9620000A30749520000A307C9410000A30749310000232F110023170D00230F0900231E4C00E0074801231EB4FF630F090063170D00632F1100A3074F310000A307CF410000A3074F520000A307CF620000A3074F730000A307CF830000A3074F940000E7474000E64F4000A3070F40000080072100BFFF8CC540062000A30709400000E83F2000E9372000A30749940000A307C9830000A30749730000A307C9620000A30749520000A307C9410000A30749310000232F110023170D00230F0900231E4C00E0074801231EB4FF630F090063170D00632F1100A3074F310000A307CF410000A3074F520000A3B4
:FFE6AD0007CF620000A3074F730000A307CF830000A3074F940000E7474000E64F4000A3070F40000080072100BFFFECC440062000A30709400000E83F2000E9372000A30749940000A307C9830000A30749730000A307C9620000A30749520000A307C9410000A30749310000232F110023170D00230F0900231E4C00E0074801231EB4FF630F090063170D00632F1100A3074F310000A307CF410000A3074F520000A307CF620000A3074F730000A307CF830000A3074F940000E7474000E64F4000A3070F40000080072100BFFF4CC440062000A30709400000E83F2000E9372000A30749940000A307C9830000A30749730000A307C9620000A30749520000A30787
:FFE7AC00C9410000A30749310000232F110023170D00230F0900231E4C00E0074801231EB4FF630F090063170D00632F1100A3074F310000A307CF410000A3074F520000A307CF620000A3074F730000A307CF830000A3074F940000E7474000E64F4000A3070F40000080072100BFFFACC340062000A30709400000E83F2000E9372000A30749940000A307C9830000A30749730000A307C9620000A30749520000A307C9410000A30749310000232F110023170D00230F0900231E4C00E0074801231EB4FF630F090063170D00632F1100A3074F310000A307CF410000A3074F520000A307CF620000A3074F730000A307CF830000A3074F940000E7474000E64F4083
:FFE8AB0000A3070F40000080072100BFFF0CC340062000A30709400000E83F2000E9372000A30749940000A307C9830000A30749730000A307C9620000A30749520000A307C9410000A30749310000232F110023170D00230F0900231E4C00E0074801231EB4FF630F090063170D00632F1100A3074F310000A307CF410000A3074F520000A307CF620000A3074F730000A307CF830000A3074F940000E7474000E64F4000A3070F40000080072100BFFF6CC240062000A30709400000E83F2000E9372000A30749940000A307C9830000A30749730000A307C9620000A30749520000A307C9410000A30749310000232F110023170D00230F0900231E4C00E00748018A
:FFE9AA00231EB4FF630F090063170D00632F1100A3074F310000A307CF410000A3074F520000A307CF620000A3074F730000A307CF830000A3074F940000E7474000E64F4000A3070F40000080072100BFFFCCC140062000A30709400000E83F2000E9372000A30749940000A307C9830000A30749730000A307C9620000A30749520000A307C9410000A30749310000232F110023170D00230F0900231E4C00E0074801231EB4FF630F090063170D00632F1100A3074F310000A307CF410000A3074F520000A307CF620000A3074F730000A307CF830000A3074F940000E7474000E64F4000A3070F40000080072100BFFF2CC140062000A30709400000E83F2000E960
:FFEAA900372000A30749940000A307C9830000A30749730000A307C9620000A30749520000A307C9410000A30749310000232F110023170D00230F0900231E4C00E0074801231EB4FF630F090063170D00632F1100A3074F310000A307CF410000A3074F520000A307CF620000A3074F730000A307CF830000A3074F940000E7474000E64F4000A3070F40000080072100BFFF8CC040062000A30709400000E83F2000E9372000A30749940000A307C9830000A30749730000A307C9620000A30749520000A307C9410000A30749310000232F110023170D00230F0900231E4C00E0074801231EB4FF630F090063170D00632F1100A3074F310000A307CF410000A307FC
:FFEBA8004F520000A307CF620000A3074F730000A307CF830000A3074F940000E7474000E64F4000A3070F40000080072100BFFFECBF40062000A30709400000E83F2000E9372000A30749940000A307C9830000A30749730000A307C9620000A30749520000A307C9410000A30749310000232F110023170D00230F0900231E4C00E0074801231EB4FF630F090063170D00632F1100A3074F310000A307CF410000A3074F520000A307CF620000A3074F730000A307CF830000A3074F940000E7474000E64F4000A3070F40000080072100BFFF4CBF40062000A30709400000E83F2000E9372000A30749940000A307C9830000A30749730000A307C9620000A3074949
:FFECA700520000A307C9410000A30749310000232F110023170D00230F0900231E4C00E0074801231EB4FF630F090063170D00632F1100A3074F310000A307CF410000A3074F520000A307CF620000A3074F730000A307CF830000A3074F940000E7474000E64F4000A3070F40000080072100BFFFACBE40062000A30709400000E83F2000E9372000A30749940000A307C9830000A30749730000A307C9620000A30749520000A307C9410000A30749310000232F110023170D00230F0900231E4C00E0074801231EB4FF630F090063170D00632F1100A3074F310000A307CF410000A3074F520000A307CF620000A3074F730000A307CF830000A3074F940000E74741
:FFEDA6004000E64F4000A3070F40000080072100BFFF0CBE40062000A30709400000E83F2000E9372000A30749940000A307C9830000A30749730000A307C9620000A30749520000A307C9410000A30749310000232F110023170D00230F0900231E4C00E0074801231EB4FF630F090063170D00632F1100A3074F310000A307CF410000A3074F520000A307CF620000A3074F730000A307CF830000A3074F940000E7474000E64F4000A3070F40000080072100BFFF6CBD40062000A30709400000E83F2000E9372000A30749940000A307C9830000A30749730000A307C9620000A30749520000A307C9410000A30749310000232F110023170D00230F0900231E4C0F
:FFEEA50000E0074801231EB4FF630F090063170D00632F1100A3074F310000A307CF410000A3074F520000A307CF620000A3074F730000A307CF830000A3074F940000E7474000E64F4000A3070F40000080072100BFFFCCBC40062000A30709400000E83F2000E9372000A30749940000A307C9830000A30749730000A307C9620000A30749520000A307C9410000A30749310000232F110023170D00230F0900231E4C00E0074801231EB4FF630F090063170D00632F1100A3074F310000A307CF410000A3074F520000A307CF620000A3074F730000A307CF830000A3074F940000E7474000E64F4000A3070F40000080072100BFFF2CBC40062000A307094000006A
:FFEFA400E83F2000E9372000A30749940000A307C9830000A30749730000A307C9620000A30749520000A307C9410000A30749310000232F110023170D00230F0900231E4C00E0074801231EB4FF630F090063170D00632F1100A3074F310000A307CF410000A3074F520000A307CF620000A3074F730000A307CF830000A3074F940000E7474000E64F4000A3070F40000080072100BFFF8CBB40062000A30709400000E83F2000E9372000A30749940000A307C9830000A30749730000A307C9620000A30749520000A307C9410000A30749310000232F110023170D00230F0900231E4C00E0074801231EB4FF630F090063170D00632F1100A3074F310000A307CFBC
:FFF0A300410000A3074F520000A307CF620000A3074F730000A307CF830000A3074F940000E7474000E64F4000A3070F40000080072100BFFFECBA40062000A30709400000E83F2000E9372000A30749940000A307C9830000A30749730000A307C9620000A30749520000A307C9410000A30749310000232F110023170D00230F0900231E4C00E0074801231EB4FF630F090063170D00632F1100A3074F310000A307CF410000A3074F520000A307CF620000A3074F730000A307CF830000A3074F940000E7474000E64F4000A3070F40000080072100BFFF4CBA40062000A30709400000E83F2000E9372000A30749940000A307C9830000A30749730000A307C9625B
:FFF1A2000000A30749520000A307C9410000A30749310000232F110023170D00230F0900231E4C00E0074801231EB4FF630F090063170D00632F1100A3074F310000A307CF410000A3074F520000A307CF620000A3074F730000A307CF830000A3074F940000E7474000E64F4000A3070F40000080072100BFFFACB940062000A30709400000E83F2000E9372000A30749940000A307C9830000A30749730000A307C9620000A30749520000A307C9410000A30749310000232F110023170D00230F0900231E4C00E0074801231EB4FF630F090063170D00632F1100A3074F310000A307CF410000A3074F520000A307CF620000A3074F730000A307CF830000A3074F15
:FFF2A100940000E7474000E64F4000A3070F40000080072100BFFF0CB940062000A30709400000E83F2000E9372000A30749940000A307C9830000A30749730000A307C9620000A30749520000A307C9410000A30749310000232F110023170D00230F0900231E4C00E0074801231EB4FF630F090063170D00632F1100A3074F310000A307CF410000A3074F520000A307CF620000A3074F730000A307CF830000A3074F940000E7474000E64F4000A3070F40000080072100BFFF6CB840062000A30709400000E83F2000E9372000A30749940000A307C9830000A30749730000A307C9620000A30749520000A307C9410000A30749310000232F110023170D00230FED
:FFF3A0000900231E4C00E0074801231EB4FF630F090063170D00632F1100A3074F310000A307CF410000A3074F520000A307CF620000A3074F730000A307CF830000A3074F940000E7474000E64F4000A3070F40000080072100BFFFCCB740062000A30709400000E83F2000E9372000A30749940000A307C9830000A30749730000A307C9620000A30749520000A307C9410000A30749310000232F110023170D00230F0900231E4C00E0074801231EB4FF630F090063170D00632F1100A3074F310000A307CF410000A3074F520000A307CF620000A3074F730000A307CF830000A3074F940000E7474000E64F4000A3070F40000080072100BFFF2CB740062000A32E
:FFF49F000709400000E83F2000E9372000A30749940000A307C9830000A30749730000A307C9620000A30749520000A307C9410000A30749310000232F110023170D00230F0900231E4C00E0074801231EB4FF630F090063170D00632F1100A3074F310000A307CF410000A3074F520000A307CF620000A3074F730000A307CF830000A3074F940000E7474000E64F4000A3070F40000080072100BFFF8CB640062000A30709400000E83F2000E9372000A30749940000A307C9830000A30749730000A307C9620000A30749520000A307C9410000A30749310000232F110023170D00230F0900231E4C00E0074801231EB4FF630F090063170D00632F1100A3074F31EA
:FFF59E000000A307CF410000A3074F520000A307CF620000A3074F730000A307CF830000A3074F940000E7474000E64F4000A3070F40000080072100BFFFECB540062000A30709400000E83F2000E9372000A30749940000A307C9830000A30749730000A307C9620000A30749520000A307C9410000A30749310000232F110023170D00230F0900231E4C00E0074801231EB4FF630F090063170D00632F1100A3074F310000A307CF410000A3074F520000A307CF620000A3074F730000A307CF830000A3074F940000E7474000E64F4000A3070F40000080072100BFFF4CB540062000A30709400000E83F2000E9372000A30749940000A307C9830000A307497300C1
:FFF69D0000A307C9620000A30749520000A307C9410000A30749310000232F110023170D00230F0900231E4C00E0074801231EB4FF630F090063170D00632F1100A3074F310000A307CF410000A3074F520000A307CF620000A3074F730000A307CF830000A3074F940000E7474000E64F4000A3070F40000080072100BFFFACB440062000A30709400000E83F2000E9372000A30749940000A307C9830000A30749730000A307C9620000A30749520000A307C9410000A30749310000232F110023170D00230F0900231E4C00E0074801231EB4FF630F090063170D00632F1100A3074F310000A307CF410000A3074F520000A307CF620000A3074F730000A307CF833E
:FFF79C000000A3074F940000E7474000E64F4000A3070F40000080072100BFFF0CB440062000A30709400000E83F2000E9372000A30749940000A307C9830000A30749730000A307C9620000A30749520000A307C9410000A30749310000232F110023170D00230F0900231E4C00E0074801231EB4FF630F090063170D00632F1100A3074F310000A307CF410000A3074F520000A307CF620000A3074F730000A307CF830000A3074F940000E7474000E64F4000A3070F40000080072100BFFF6CB340062000A30709400000E83F2000E9372000A30749940000A307C9830000A30749730000A307C9620000A30749520000A307C9410000A30749310000232F11002354
:FFF89B00170D00230F0900231E4C00E0074801231EB4FF630F090063170D00632F1100A3074F310000A307CF410000A3074F520000A307CF620000A3074F730000A307CF830000A3074F940000E7474000E64F4000A3070F40000080072100BFFFCCB240062000A30709400000E83F2000E9372000A30749940000A307C9830000A30749730000A307C9620000A30749520000A307C9410000A30749310000232F110023170D00230F0900231E4C00E0074801231EB4FF630F090063170D00632F1100A3074F310000A307CF410000A3074F520000A307CF620000A3074F730000A307CF830000A3074F940000E7474000E64F4000A3070F40000080072100BFFF2CB2EB
:FFF99A0040062000A30709400000E83F2000E9372000A30749940000A307C9830000A30749730000A307C9620000A30749520000A307C9410000A30749310000232F110023170D00230F0900231E4C00E0074801231EB4FF630F090063170D00632F1100A3074F310000A307CF410000A3074F520000A307CF620000A3074F730000A307CF830000A3074F940000E7474000E64F4000A3070F40000080072100BFFF8CB140062000A30709400000E83F2000E9372000A30749940000A307C9830000A30749730000A307C9620000A30749520000A307C9410000A30749310000232F110023170D00230F0900231E4C00E0074801231EB4FF630F090063170D00632F1110
:FFFA990000A3074F310000A307CF410000A3074F520000A307CF620000A3074F730000A307CF830000A3074F940000E7474000E64F4000A3070F40000080072100BFFFECB040062000A30709400000E83F2000E9372000A30749940000A307C9830000A30749730000A307C9620000A30749520000A307C9410000A30749310000232F110023170D00230F0900231E4C00E0074801231EB4FF630F090063170D00632F1100A3074F310000A307CF410000A3074F520000A307CF620000A3074F730000A307CF830000A3074F940000E7474000E64F4000A3070F40000080072100BFFF4CB040062000A30709400000E83F2000E9372000A30749940000A307C983000007
:FFFB9800A30749730000A307C9620000A30749520000A307C9410000A30749310000232F110023170D00230F0900231E4C00E0074801231EB4FF630F090063170D00632F1100A3074F310000A307CF410000A3074F520000A307CF620000A3074F730000A307CF830000A3074F940000E7474000E64F4000A3070F40000080072100BFFFACAF40062000A30709400000E83F2000E9372000A30749940000A307C9830000A30749730000A307C9620000A30749520000A307C9410000A30749310000232F110023170D00230F0900231E4C00E0074801231EB4FF630F090063170D00632F1100A3074F310000A307CF410000A3074F520000A307CF620000A3074F7300D9
:FFFC970000A307CF830000A3074F940000E7474000E64F4000A3070F40000080072100BFFF0CAF40062000A30709400000E83F2000E9372000A30749940000A307C9830000A30749730000A307C9620000A30749520000A307C9410000A30749310000232F110023170D00230F0900231E4C00E0074801231EB4FF630F090063170D00632F1100A3074F310000A307CF410000A3074F520000A307CF620000A3074F730000A307CF830000A3074F940000E7474000E64F4000A3070F40000080072100BFFF6CAE40062000A30709400000E83F2000E9372000A30749940000A307C9830000A30749730000A307C9620000A30749520000A307C9410000A30749310000E8
:FFFD9600232F110023170D00230F0900231E4C00E0074801231EB4FF630F090063170D00632F1100A3074F310000A307CF410000A3074F520000A307CF620000A3074F730000A307CF830000A3074F940000E7474000E64F4000A3070F40000080072100BFFFCCAD40062000A30709400000E83F2000E9372000A30749940000A307C9830000A30749730000A307C9620000A30749520000A307C9410000A30749310000232F110023170D00230F0900231E4C00E0074801231EB4FF630F090063170D00632F1100A3074F310000A307CF410000A3074F520000A307CF620000A3074F730000A307CF830000A3074F940000E7474000E64F4000A3070F40000080072106
:FFFE950000BFFF2CAD40062000A30709400000E83F2000E9372000A30749940000A307C9830000A30749730000A307C9620000A30749520000A307C9410000A30749310000232F110023170D00230F0900231E4C00E0074801231EB4FF630F090063170D00632F1100A3074F310000A307CF410000A3074F520000A307CF620000A3074F730000A307CF830000A3074F940000E7474000E64F4000A3070F40000080072100BFFF8CAC40062000A30709400000E83F2000E9372000A30749940000A307C9830000A30749730000A307C9620000A30749520000A307C9410000A30749310000232F110023170D00230F0900231E4C00E0074801231EB4FF630F090063172E
:FFFF94000D00632F1100A3074F310000A307CF410000A3074F520000A307CF620000A3074F730000A307CF830000A3074F940000E7474000E64F4000A3070F40000080072100BFFFECAB40062000A30709400000E83F2000E9372000A30749940000A307C9830000A30749730000A307C9620000A30749520000A307C9410000A30749310000232F110023170D00230F0900231E4C00E0074801231EB4FF630F090063170D00632F1100A3074F310000A307CF410000A3074F520000A307CF620000A3074F730000A307CF830000A3074F940000E7474000E64F4000A3070F40000080072100BFFF4CAB40062000A30709400000E83F2000E9372000A30749940000A3B4
:020000023000CC
:FF00930007C9830000A30749730000A307C9620000A30749520000A307C9410000A30749310000232F110023170D00230F0900231E4C00E0074801231EB4FF630F090063170D00632F1100A3074F310000A307CF410000A3074F520000A307CF620000A3074F730000A307CF830000A3074F940000E7474000E64F4000A3070F40000080072100BFFFACAA40062000A30709400000E83F2000E9372000A30749940000A307C9830000A30749730000A307C9620000A30749520000A307C9410000A30749310000232F110023170D00230F0900231E4C00E0074801231EB4FF630F090063170D00632F1100A3074F310000A307CF410000A3074F520000A307CF620000F7
:FF019200A3074F730000A307CF830000A3074F940000E7474000E64F4000A3070F40000080072100BFFF0CAA40062000A30709400000E83F2000E9372000A30749940000A307C9830000A30749730000A307C9620000A30749520000A307C9410000A30749310000232F110023170D00230F0900231E4C00E0074801231EB4FF630F090063170D00632F1100A3074F310000A307CF410000A3074F520000A307CF620000A3074F730000A307CF830000A3074F940000E7474000E64F4000A3070F40000080072100BFFF6CA940062000A30709400000E83F2000E9372000A30749940000A307C9830000A30749730000A307C9620000A30749520000A307C9410000A307
:FF0291000749310000232F110023170D00230F0900231E4C00E0074801231EB4FF630F090063170D00632F1100A3074F310000A307CF410000A3074F520000A307CF620000A3074F730000A307CF830000A3074F940000E7474000E64F4000A3070F40000080072100BFFFCCA840062000A30709400000E83F2000E9372000A30749940000A307C9830000A30749730000A307C9620000A30749520000A307C9410000A30749310000232F110023170D00230F0900231E4C00E0074801231EB4FF630F090063170D00632F1100A3074F310000A307CF410000A3074F520000A307CF620000A3074F730000A307CF830000A3074F940000E7474000E64F4000A3070F4032
:FF039000000080072100BFFF2CA840062000A30709400000E83F2000E9372000A30749940000A307C9830000A30749730000A307C9620000A30749520000A307C9410000A30749310000232F110023170D00230F0900231E4C00E0074801231EB4FF630F090063170D00632F1100A3074F310000A307CF410000A3074F520000A307CF620000A3074F730000A307CF830000A3074F940000E7474000E64F4000A3070F40000080072100BFFF8CA740062000A30709400000E83F2000E9372000A30749940000A307C9830000A30749730000A307C9620000A30749520000A307C9410000A30749310000232F110023170D00230F0900231E4C00E0074801231EB4FF6322
:FF048F000F090063170D00632F1100A3074F310000A307CF410000A3074F520000A307CF620000A3074F730000A307CF830000A3074F940000E7474000E64F4000A3070F40000080072100BFFFECA640062000A30709400000E83F2000E9372000A30749940000A307C9830000A30749730000A307C9620000A30749520000A307C9410000A30749310000232F110023170D00230F0900231E4C00E0074801231EB4FF630F090063170D00632F1100A3074F310000A307CF410000A3074F520000A307CF620000A3074F730000A307CF830000A3074F940000E7474000E64F4000A3070F40000080072100BFFF4CA640062000A30709400000E83F2000E9372000A307AC
:FF058E0049940000A307C9830000A30749730000A307C9620000A30749520000A307C9410000A30749310000232F110023170D00230F0900231E4C00E0074801231EB4FF630F090063170D00632F1100A3074F310000A307CF410000A3074F520000A307CF620000A3074F730000A307CF830000A3074F940000E7474000E64F4000A3070F40000080072100BFFFACA540062000A30709400000E83F2000E9372000A30749940000A307C9830000A30749730000A307C9620000A30749520000A307C9410000A30749310000232F110023170D00230F0900231E4C00E0074801231EB4FF630F090063170D00632F1100A3074F310000A307CF410000A3074F520000A3B4
:FF068D0007CF620000A3074F730000A307CF830000A3074F940000E7474000E64F4000A3070F40000080072100BFFF0CA540062000A30709400000E83F2000E9372000A30749940000A307C9830000A30749730000A307C9620000A30749520000A307C9410000A30749310000232F110023170D00230F0900231E4C00E0074801231EB4FF630F090063170D00632F1100A3074F310000A307CF410000A3074F520000A307CF620000A3074F730000A307CF830000A3074F940000E7474000E64F4000A3070F40000080072100BFFF6CA440062000A30709400000E83F2000E9372000A30749940000A307C9830000A30749730000A307C9620000A30749520000A30786
:FF078C00C9410000A30749310000232F110023170D00230F0900231E4C00E0074801231EB4FF630F090063170D00632F1100A3074F310000A307CF410000A3074F520000A307CF620000A3074F730000A307CF830000A3074F940000E7474000E64F4000A3070F40000080072100BFFFCCA340062000A30709400000E83F2000E9372000A30749940000A307C9830000A30749730000A307C9620000A30749520000A307C9410000A30749310000232F110023170D00230F0900231E4C00E0074801231EB4FF630F090063170D00632F1100A3074F310000A307CF410000A3074F520000A307CF620000A3074F730000A307CF830000A3074F940000E7474000E64F4083
:FF088B0000A3070F40000080072100BFFF2CA340062000A30709400000E83F2000E9372000A30749940000A307C9830000A30749730000A307C9620000A30749520000A307C9410000A30749310000232F110023170D00230F0900231E4C00E0074801231EB4FF630F090063170D00632F1100A3074F310000A307CF410000A3074F520000A307CF620000A3074F730000A307CF830000A3074F940000E7474000E64F4000A3070F40000080072100BFFF8CA240062000A30709400000E83F2000E9372000A30749940000A307C9830000A30749730000A307C9620000A30749520000A307C9410000A30749310000232F110023170D00230F0900231E4C00E00748018A
:FF098A00231EB4FF630F090063170D00632F1100A3074F310000A307CF410000A3074F520000A307CF620000A3074F730000A307CF830000A3074F940000E7474000E64F4000A3070F40000080072100BFFFECA140062000A30709400000E83F2000E9372000A30749940000A307C9830000A30749730000A307C9620000A30749520000A307C9410000A30749310000232F110023170D00230F0900231E4C00E0074801231EB4FF630F090063170D00632F1100A3074F310000A307CF410000A3074F520000A307CF620000A3074F730000A307CF830000A3074F940000E7474000E64F4000A3070F40000080072100BFFF4CA140062000A30709400000E83F2000E960
:FF0A8900372000A30749940000A307C9830000A30749730000A307C9620000A30749520000A307C9410000A30749310000232F110023170D00230F0900231E4C00E0074801231EB4FF630F090063170D00632F1100A3074F310000A307CF410000A3074F520000A307CF620000A3074F730000A307CF830000A3074F940000E7474000E64F4000A3070F40000080072100BFFFACA040062000A30709400000E83F2000E9372000A30749940000A307C9830000A30749730000A307C9620000A30749520000A307C9410000A30749310000232F110023170D00230F0900231E4C00E0074801231EB4FF630F090063170D00632F1100A3074F310000A307CF410000A307FC
:FF0B88004F520000A307CF620000A3074F730000A307CF830000A3074F940000E7474000E64F4000A3070F40000080072100BFFF0CA040062000A30709400000E83F2000E9372000A30749940000A307C9830000A30749730000A307C9620000A30749520000A307C9410000A30749310000232F110023170D00230F0900231E4C00E0074801231EB4FF630F090063170D00632F1100A3074F310000A307CF410000A3074F520000A307CF620000A3074F730000A307CF830000A3074F940000E7474000E64F4000A3070F40000080072100BFFF6C9F40062000A30709400000E83F2000E9372000A30749940000A307C9830000A30749730000A307C9620000A3074948
:FF0C8700520000A307C9410000A30749310000232F110023170D00230F0900231E4C00E0074801231EB4FF630F090063170D00632F1100A3074F310000A307CF410000A3074F520000A307CF620000A3074F730000A307CF830000A3074F940000E7474000E64F4000A3070F40000080072100BFFFCC9E40062000A30709400000E83F2000E9372000A30749940000A307C9830000A30749730000A307C9620000A30749520000A307C9410000A30749310000232F110023170D00230F0900231E4C00E0074801231EB4FF630F090063170D00632F1100A3074F310000A307CF410000A3074F520000A307CF620000A3074F730000A307CF830000A3074F940000E74741
:FF0D86004000E64F4000A3070F40000080072100BFFF2C9E40062000A30709400000E83F2000E9372000A30749940000A307C9830000A30749730000A307C9620000A30749520000A307C9410000A30749310000232F110023170D00230F0900231E4C00E0074801231EB4FF630F090063170D00632F1100A3074F310000A307CF410000A3074F520000A307CF620000A3074F730000A307CF830000A3074F940000E7474000E64F4000A3070F40000080072100BFFF8C9D40062000A30709400000E83F2000E9372000A30749940000A307C9830000A30749730000A307C9620000A30749520000A307C9410000A30749310000232F110023170D00230F0900231E4C0F
:FF0E850000E0074801231EB4FF630F090063170D00632F1100A3074F310000A307CF410000A3074F520000A307CF620000A3074F730000A307CF830000A3074F940000E7474000E64F4000A3070F40000080072100BFFFEC9C40062000A30709400000E83F2000E9372000A30749940000A307C9830000A30749730000A307C9620000A30749520000A307C9410000A30749310000232F110023170D00230F0900231E4C00E0074801231EB4FF630F090063170D00632F1100A3074F310000A307CF410000A3074F520000A307CF620000A3074F730000A307CF830000A3074F940000E7474000E64F4000A3070F40000080072100BFFF4C9C40062000A307094000006A
:FF0F8400E83F2000E9372000A30749940000A307C9830000A30749730000A307C9620000A30749520000A307C9410000A30749310000232F110023170D00230F0900231E4C00E0074801231EB4FF630F090063170D00632F1100A3074F310000A307CF410000A3074F520000A307CF620000A3074F730000A307CF830000A3074F940000E7474000E64F4000A3070F40000080072100BFFFAC9B40062000A30709400000E83F2000E9372000A30749940000A307C9830000A30749730000A307C9620000A30749520000A307C9410000A30749310000232F110023170D00230F0900231E4C00E0074801231EB4FF630F090063170D00632F1100A3074F310000A307CFBC
:FF108300410000A3074F520000A307CF620000A3074F730000A307CF830000A3074F940000E7474000E64F4000A3070F40000080072100BFFF0C9B40062000A30709400000E83F2000E9372000A30749940000A307C9830000A30749730000A307C9620000A30749520000A307C9410000A30749310000232F110023170D00230F0900231E4C00E0074801231EB4FF630F090063170D00632F1100A3074F310000A307CF410000A3074F520000A307CF620000A3074F730000A307CF830000A3074F940000E7474000E64F4000A3070F40000080072100BFFF6C9A40062000A30709400000E83F2000E9372000A30749940000A307C9830000A30749730000A307C9625A
:FF1182000000A30749520000A307C9410000A30749310000232F110023170D00230F0900231E4C00E0074801231EB4FF630F090063170D00632F1100A3074F310000A307CF410000A3074F520000A307CF620000A3074F730000A307CF830000A3074F940000E7474000E64F4000A3070F40000080072100BFFFCC9940062000A30709400000E83F2000E9372000A30749940000A307C9830000A30749730000A307C9620000A30749520000A307C9410000A30749310000232F110023170D00230F0900231E4C00E0074801231EB4FF630F090063170D00632F1100A3074F310000A307CF410000A3074F520000A307CF620000A3074F730000A307CF830000A3074F15
:FF128100940000E7474000E64F4000A3070F40000080072100BFFF2C9940062000A30709400000E83F2000E9372000A30749940000A307C9830000A30749730000A307C9620000A30749520000A307C9410000A30749310000232F110023170D00230F0900231E4C00E0074801231EB4FF630F090063170D00632F1100A3074F310000A307CF410000A3074F520000A307CF620000A3074F730000A307CF830000A3074F940000E7474000E64F4000A3070F40000080072100BFFF8C9840062000A30709400000E83F2000E9372000A30749940000A307C9830000A30749730000A307C9620000A30749520000A307C9410000A30749310000232F110023170D00230FED
:FF1380000900231E4C00E0074801231EB4FF630F090063170D00632F1100A3074F310000A307CF410000A3074F520000A307CF620000A3074F730000A307CF830000A3074F940000E7474000E64F4000A3070F40000080072100BFFFEC9740062000A30709400000E83F2000E9372000A30749940000A307C9830000A30749730000A307C9620000A30749520000A307C9410000A30749310000232F110023170D00230F0900231E4C00E0074801231EB4FF630F090063170D00632F1100A3074F310000A307CF410000A3074F520000A307CF620000A3074F730000A307CF830000A3074F940000E7474000E64F4000A3070F40000080072100BFFF4C9740062000A32E
:FF147F000709400000E83F2000E9372000A30749940000A307C9830000A30749730000A307C9620000A30749520000A307C9410000A30749310000232F110023170D00230F0900231E4C00E0074801231EB4FF630F090063170D00632F1100A3074F310000A307CF410000A3074F520000A307CF620000A3074F730000A307CF830000A3074F940000E7474000E64F4000A3070F40000080072100BFFFAC9640062000A30709400000E83F2000E9372000A30749940000A307C9830000A30749730000A307C9620000A30749520000A307C9410000A30749310000232F110023170D00230F0900231E4C00E0074801231EB4FF630F090063170D00632F1100A3074F31EA
:FF157E000000A307CF410000A3074F520000A307CF620000A3074F730000A307CF830000A3074F940000E7474000E64F4000A3070F40000080072100BFFF0C9640062000A30709400000E83F2000E9372000A30749940000A307C9830000A30749730000A307C9620000A30749520000A307C9410000A30749310000232F110023170D00230F0900231E4C00E0074801231EB4FF630F090063170D00632F1100A3074F310000A307CF410000A3074F520000A307CF620000A3074F730000A307CF830000A3074F940000E7474000E64F4000A3070F40000080072100BFFF6C9540062000A30709400000E83F2000E9372000A30749940000A307C9830000A307497300C0
:FF167D0000A307C9620000A30749520000A307C9410000A30749310000232F110023170D00230F0900231E4C00E0074801231EB4FF630F090063170D00632F1100A3074F310000A307CF410000A3074F520000A307CF620000A3074F730000A307CF830000A3074F940000E7474000E64F4000A3070F40000080072100BFFFCC9440062000A30709400000E83F2000E9372000A30749940000A307C9830000A30749730000A307C9620000A30749520000A307C9410000A30749310000232F110023170D00230F0900231E4C00E0074801231EB4FF630F090063170D00632F1100A3074F310000A307CF410000A3074F520000A307CF620000A3074F730000A307CF833E
:FF177C000000A3074F940000E7474000E64F4000A3070F40000080072100BFFF2C9440062000A30709400000E83F2000E9372000A30749940000A307C9830000A30749730000A307C9620000A30749520000A307C9410000A30749310000232F110023170D00230F0900231E4C00E0074801231EB4FF630F090063170D00632F1100A3074F310000A307CF410000A3074F520000A307CF620000A3074F730000A307CF830000A3074F940000E7474000E64F4000A3070F40000080072100BFFF8C9340062000A30709400000E83F2000E9372000A30749940000A307C9830000A30749730000A307C9620000A30749520000A307C9410000A30749310000232F11002354
:FF187B00170D00230F0900231E4C00E0074801231EB4FF630F090063170D00632F1100A3074F310000A307CF410000A3074F520000A307CF620000A3074F730000A307CF830000A3074F940000E7474000E64F4000A3070F40000080072100BFFFEC9240062000A30709400000E83F2000E9372000A30749940000A307C9830000A30749730000A307C9620000A30749520000A307C9410000A30749310000232F110023170D00230F0900231E4C00E0074801231EB4FF630F090063170D00632F1100A3074F310000A307CF410000A3074F520000A307CF620000A3074F730000A307CF830000A3074F940000E7474000E64F4000A3070F40000080072100BFFF4C92EB
:FF197A0040062000A30709400000E83F2000E9372000A30749940000A307C9830000A30749730000A307C9620000A30749520000A307C9410000A30749310000232F110023170D00230F0900231E4C00E0074801231EB4FF630F090063170D00632F1100A3074F310000A307CF410000A3074F520000A307CF620000A3074F730000A307CF830000A3074F940000E7474000E64F4000A3070F40000080072100BFFFAC9140062000A30709400000E83F2000E9372000A30749940000A307C9830000A30749730000A307C9620000A30749520000A307C9410000A30749310000232F110023170D00230F0900231E4C00E0074801231EB4FF630F090063170D00632F1110
:FF1A790000A3074F310000A307CF410000A3074F520000A307CF620000A3074F730000A307CF830000A3074F940000E7474000E64F4000A3070F40000080072100BFFF0C9140062000A30709400000E83F2000E9372000A30749940000A307C9830000A30749730000A307C9620000A30749520000A307C9410000A30749310000232F110023170D00230F0900231E4C00E0074801231EB4FF630F090063170D00632F1100A3074F310000A307CF410000A3074F520000A307CF620000A3074F730000A307CF830000A3074F940000E7474000E64F4000A3070F40000080072100BFFF6C9040062000A30709400000E83F2000E9372000A30749940000A307C983000006
:FF1B7800A30749730000A307C9620000A30749520000A307C9410000A30749310000232F110023170D00230F0900231E4C00E0074801231EB4FF630F090063170D00632F1100A3074F310000A307CF410000A3074F520000A307CF620000A3074F730000A307CF830000A3074F940000E7474000E64F4000A3070F40000080072100BFFFCC8F40062000A30709400000E83F2000E9372000A30749940000A307C9830000A30749730000A307C9620000A30749520000A307C9410000A30749310000232F110023170D00230F0900231E4C00E0074801231EB4FF630F090063170D00632F1100A3074F310000A307CF410000A3074F520000A307CF620000A3074F7300D9
:FF1C770000A307CF830000A3074F940000E7474000E64F4000A3070F40000080072100BFFF2C8F40062000A30709400000E83F2000E9372000A30749940000A307C9830000A30749730000A307C9620000A30749520000A307C9410000A30749310000232F110023170D00230F0900231E4C00E0074801231EB4FF630F090063170D00632F1100A3074F310000A307CF410000A3074F520000A307CF620000A3074F730000A307CF830000A3074F940000E7474000E64F4000A3070F40000080072100BFFF8C8E40062000A30709400000E83F2000E9372000A30749940000A307C9830000A30749730000A307C9620000A30749520000A307C9410000A30749310000E8
:FF1D7600232F110023170D00230F0900231E4C00E0074801231EB4FF630F090063170D00632F1100A3074F310000A307CF410000A3074F520000A307CF620000A3074F730000A307CF830000A3074F940000E7474000E64F4000A3070F40000080072100BFFFEC8D40062000A30709400000E83F2000E9372000A30749940000A307C9830000A30749730000A307C9620000A30749520000A307C9410000A30749310000232F110023170D00230F0900231E4C00E0074801231EB4FF630F090063170D00632F1100A3074F310000A307CF410000A3074F520000A307CF620000A3074F730000A307CF830000A3074F940000E7474000E64F4000A3070F40000080072106
:FF1E750000BFFF4C8D40062000A30709400000E83F2000E9372000A30749940000A307C9830000A30749730000A307C9620000A30749520000A307C9410000A30749310000232F110023170D00230F0900231E4C00E0074801231EB4FF630F090063170D00632F1100A3074F310000A307CF410000A3074F520000A307CF620000A3074F730000A307CF830000A3074F940000E7474000E64F4000A3070F40000080072100BFFFAC8C40062000A30709400000E83F2000E9372000A30749940000A307C9830000A30749730000A307C9620000A30749520000A307C9410000A30749310000232F110023170D00230F0900231E4C00E0074801231EB4FF630F090063172E
:FF1F74000D00632F1100A3074F310000A307CF410000A3074F520000A307CF620000A3074F730000A307CF830000A3074F940000E7474000E64F4000A3070F40000080072100BFFF0C8C40062000A30709400000E83F2000E9372000A30749940000A307C9830000A30749730000A307C9620000A30749520000A307C9410000A30749310000232F110023170D00230F0900231E4C00E0074801231EB4FF630F090063170D00632F1100A3074F310000A307CF410000A3074F520000A307CF620000A3074F730000A307CF830000A3074F940000E7474000E64F4000A3070F40000080072100BFFF6C8B40062000A30709400000E83F2000E9372000A30749940000A3B3
:FF20730007C9830000A30749730000A307C9620000A30749520000A307C9410000A30749310000232F110023170D00230F0900231E4C00E0074801231EB4FF630F090063170D00632F1100A3074F310000A307CF410000A3074F520000A307CF620000A3074F730000A307CF830000A3074F940000E7474000E64F4000A3070F40000080072100BFFFCC8A40062000A30709400000E83F2000E9372000A30749940000A307C9830000A30749730000A307C9620000A30749520000A307C9410000A30749310000232F110023170D00230F0900231E4C00E0074801231EB4FF630F090063170D00632F1100A3074F310000A307CF410000A3074F520000A307CF620000F7
:FF217200A3074F730000A307CF830000A3074F940000E7474000E64F4000A3070F40000080072100BFFF2C8A40062000A30709400000E83F2000E9372000A30749940000A307C9830000A30749730000A307C9620000A30749520000A307C9410000A30749310000232F110023170D00230F0900231E4C00E0074801231EB4FF630F090063170D00632F1100A3074F310000A307CF410000A3074F520000A307CF620000A3074F730000A307CF830000A3074F940000E7474000E64F4000A3070F40000080072100BFFF8C8940062000A30709400000E83F2000E9372000A30749940000A307C9830000A30749730000A307C9620000A30749520000A307C9410000A307
:FF2271000749310000232F110023170D00230F0900231E4C00E0074801231EB4FF630F090063170D00632F1100A3074F310000A307CF410000A3074F520000A307CF620000A3074F730000A307CF830000A3074F940000E7474000E64F4000A3070F40000080072100BFFFEC8840062000A30709400000E83F2000E9372000A30749940000A307C9830000A30749730000A307C9620000A30749520000A307C9410000A30749310000232F110023170D00230F0900231E4C00E0074801231EB4FF630F090063170D00632F1100A3074F310000A307CF410000A3074F520000A307CF620000A3074F730000A307CF830000A3074F940000E7474000E64F4000A3070F4032
:FF237000000080072100BFFF4C8840062000A30709400000E83F2000E9372000A30749940000A307C9830000A30749730000A307C9620000A30749520000A307C9410000A30749310000232F110023170D00230F0900231E4C00E0074801231EB4FF630F090063170D00632F1100A3074F310000A307CF410000A3074F520000A307CF620000A3074F730000A307CF830000A3074F940000E7474000E64F4000A3070F40000080072100BFFFAC8740062000A30709400000E83F2000E9372000A30749940000A307C9830000A30749730000A307C9620000A30749520000A307C9410000A30749310000232F110023170D00230F0900231E4C00E0074801231EB4FF6322
:FF246F000F090063170D00632F1100A3074F310000A307CF410000A3074F520000A307CF620000A3074F730000A307CF830000A3074F940000E7474000E64F4000A3070F40000080072100BFFF0C8740062000A30709400000E83F2000E9372000A30749940000A307C9830000A30749730000A307C9620000A30749520000A307C9410000A30749310000232F110023170D00230F0900231E4C00E0074801231EB4FF630F090063170D00632F1100A3074F310000A307CF410000A3074F520000A307CF620000A3074F730000A307CF830000A3074F940000E7474000E64F4000A3070F40000080072100BFFF6C8640062000A30709400000E83F2000E9372000A307AB
:FF256E0049940000A307C9830000A30749730000A307C9620000A30749520000A307C9410000A30749310000232F110023170D00230F0900231E4C00E0074801231EB4FF630F090063170D00632F1100A3074F310000A307CF410000A3074F520000A307CF620000A3074F730000A307CF830000A3074F940000E7474000E64F4000A3070F40000080072100BFFFCC8540062000A30709400000E83F2000E9372000A30749940000A307C9830000A30749730000A307C9620000A30749520000A307C9410000A30749310000232F110023170D00230F0900231E4C00E0074801231EB4FF630F090063170D00632F1100A3074F310000A307CF410000A3074F520000A3B4
:FF266D0007CF620000A3074F730000A307CF830000A3074F940000E7474000E64F4000A3070F40000080072100BFFF2C8540062000A30709400000E83F2000E9372000A30749940000A307C9830000A30749730000A307C9620000A30749520000A307C9410000A30749310000232F110023170D00230F0900231E4C00E0074801231EB4FF630F090063170D00632F1100A3074F310000A307CF410000A3074F520000A307CF620000A3074F730000A307CF830000A3074F940000E7474000E64F4000A3070F40000080072100BFFF8C8440062000A30709400000E83F2000E9372000A30749940000A307C9830000A30749730000A307C9620000A30749520000A30786
:FF276C00C9410000A30749310000232F110023170D00230F0900231E4C00E0074801231EB4FF630F090063170D00632F1100A3074F310000A307CF410000A3074F520000A307CF620000A3074F730000A307CF830000A3074F940000E7474000E64F4000A3070F40000080072100BFFFEC8340062000A30709400000E83F2000E9372000A30749940000A307C9830000A30749730000A307C9620000A30749520000A307C9410000A30749310000232F110023170D00230F0900231E4C00E0074801231EB4FF630F090063170D00632F1100A3074F310000A307CF410000A3074F520000A307CF620000A3074F730000A307CF830000A3074F940000E7474000E64F4083
:FF286B0000A3070F40000080072100BFFF4C8340062000A30709400000E83F2000E9372000A30749940000A307C9830000A30749730000A307C9620000A30749520000A307C9410000A30749310000232F110023170D00230F0900231E4C00E0074801231EB4FF630F090063170D00632F1100A3074F310000A307CF410000A3074F520000A307CF620000A3074F730000A307CF830000A3074F940000E7474000E64F4000A3070F40000080072100BFFFAC8240062000A30709400000E83F2000E9372000A30749940000A307C9830000A30749730000A307C9620000A30749520000A307C9410000A30749310000232F110023170D00230F0900231E4C00E00748018A
:FF296A00231EB4FF630F090063170D00632F1100A3074F310000A307CF410000A3074F520000A307CF620000A3074F730000A307CF830000A3074F940000E7474000E64F4000A3070F40000080072100BFFF0C8240062000A30709400000E83F2000E9372000A30749940000A307C9830000A30749730000A307C9620000A30749520000A307C9410000A30749310000232F110023170D00230F0900231E4C00E0074801231EB4FF630F090063170D00632F1100A3074F310000A307CF410000A3074F520000A307CF620000A3074F730000A307CF830000A3074F940000E7474000E64F4000A3070F40000080072100BFFF6C8140062000A30709400000E83F2000E95F
:FF2A6900372000A30749940000A307C9830000A30749730000A307C9620000A30749520000A307C9410000A30749310000232F110023170D00230F0900231E4C00E0074801231EB4FF630F090063170D00632F1100A3074F310000A307CF410000A3074F520000A307CF620000A3074F730000A307CF830000A3074F940000E7474000E64F4000A3070F40000080072100BFFFCC8040062000A30709400000E83F2000E9372000A30749940000A307C9830000A30749730000A307C9620000A30749520000A307C9410000A30749310000232F110023170D00230F0900231E4C00E0074801231EB4FF630F090063170D00632F1100A3074F310000A307CF410000A307FC
:FF2B68004F520000A307CF620000A3074F730000A307CF830000A3074F940000E7474000E64F4000A3070F40000080072100BFFF2C8040062000A30709400000E83F2000E9372000A30749940000A307C9830000A30749730000A307C9620000A30749520000A307C9410000A30749310000232F110023170D00230F0900231E4C00E0074801231EB4FF630F090063170D00632F1100A3074F310000A307CF410000A3074F520000A307CF620000A3074F730000A307CF830000A3074F940000E7474000E64F4000A3070F40000080072100BFFF8C7F40062000A30709400000E83F2000E9372000A30749940000A307C9830000A30749730000A307C9620000A3074948
:FF2C6700520000A307C9410000A30749310000232F110023170D00230F0900231E4C00E0074801231EB4FF630F090063170D00632F1100A3074F310000A307CF410000A3074F520000A307CF620000A3074F730000A307CF830000A3074F940000E7474000E64F4000A3070F40000080072100BFFFEC7E40062000A30709400000E83F2000E9372000A30749940000A307C9830000A30749730000A307C9620000A30749520000A307C9410000A30749310000232F110023170D00230F0900231E4C00E0074801231EB4FF630F090063170D00632F1100A3074F310000A307CF410000A3074F520000A307CF620000A3074F730000A307CF830000A3074F940000E74741
:FF2D66004000E64F4000A3070F40000080072100BFFF4C7E40062000A30709400000E83F2000E9372000A30749940000A307C9830000A30749730000A307C9620000A30749520000A307C9410000A30749310000232F110023170D00230F0900231E4C00E0074801231EB4FF630F090063170D00632F1100A3074F310000A307CF410000A3074F520000A307CF620000A3074F730000A307CF830000A3074F940000E7474000E64F4000A3070F40000080072100BFFFAC7D40062000A30709400000E83F2000E9372000A30749940000A307C9830000A30749730000A307C9620000A30749520000A307C9410000A30749310000232F110023170D00230F0900231E4C0F
:FF2E650000E0074801231EB4FF630F090063170D00632F1100A3074F310000A307CF410000A3074F520000A307CF620000A3074F730000A307CF830000A3074F940000E7474000E64F4000A3070F40000080072100BFFF0C7D40062000A30709400000E83F2000E9372000A30749940000A307C9830000A30749730000A307C9620000A30749520000A307C9410000A30749310000232F110023170D00230F0900231E4C00E0074801231EB4FF630F090063170D00632F1100A3074F310000A307CF410000A3074F520000A307CF620000A3074F730000A307CF830000A3074F940000E7474000E64F4000A3070F40000080072100BFFF6C7C40062000A3070940000069
:FF2F6400E83F2000E9372000A30749940000A307C9830000A30749730000A307C9620000A30749520000A307C9410000A30749310000232F110023170D00230F0900231E4C00E0074801231EB4FF630F090063170D00632F1100A3074F310000A307CF410000A3074F520000A307CF620000A3074F730000A307CF830000A3074F940000E7474000E64F4000A3070F40000080072100BFFFCC7B40062000A30709400000E83F2000E9372000A30749940000A307C9830000A30749730000A307C9620000A30749520000A307C9410000A30749310000232F110023170D00230F0900231E4C00E0074801231EB4FF630F090063170D00632F1100A3074F310000A307CFBC
:FF306300410000A3074F520000A307CF620000A3074F730000A307CF830000A3074F940000E7474000E64F4000A3070F40000080072100BFFF2C7B40062000A30709400000E83F2000E9372000A30749940000A307C9830000A30749730000A307C9620000A30749520000A307C9410000A30749310000232F110023170D00230F0900231E4C00E0074801231EB4FF630F090063170D00632F1100A3074F310000A307CF410000A3074F520000A307CF620000A3074F730000A307CF830000A3074F940000E7474000E64F4000A3070F40000080072100BFFF8C7A40062000A30709400000E83F2000E9372000A30749940000A307C9830000A30749730000A307C9625A
:FF3162000000A30749520000A307C9410000A30749310000232F110023170D00230F0900231E4C00E0074801231EB4FF630F090063170D00632F1100A3074F310000A307CF410000A3074F520000A307CF620000A3074F730000A307CF830000A3074F940000E7474000E64F4000A3070F40000080072100BFFFEC7940062000A30709400000E83F2000E9372000A30749940000A307C9830000A30749730000A307C9620000A30749520000A307C9410000A30749310000232F110023170D00230F0900231E4C00E0074801231EB4FF630F090063170D00632F1100A3074F310000A307CF410000A3074F520000A307CF620000A3074F730000A307CF830000A3074F15
:FF326100940000E7474000E64F4000A3070F40000080072100BFFF4C7940062000A30709400000E83F2000E9372000A30749940000A307C9830000A30749730000A307C9620000A30749520000A307C9410000A30749310000232F110023170D00230F0900231E4C00E0074801231EB4FF630F090063170D00632F1100A3074F310000A307CF410000A3074F520000A307CF620000A3074F730000A307CF830000A3074F940000E7474000E64F4000A3070F40000080072100BFFFAC7840062000A30709400000E83F2000E9372000A30749940000A307C9830000A30749730000A307C9620000A30749520000A307C9410000A30749310000232F110023170D00230FED
:FF3360000900231E4C00E0074801231EB4FF630F090063170D00632F1100A3074F310000A307CF410000A3074F520000A307CF620000A3074F730000A307CF830000A3074F940000E7474000E64F4000A3070F40000080072100BFFF0C7840062000A30709400000E83F2000E9372000A30749940000A307C9830000A30749730000A307C9620000A30749520000A307C9410000A30749310000232F110023170D00230F0900231E4C00E0074801231EB4FF630F090063170D00632F1100A3074F310000A307CF410000A3074F520000A307CF620000A3074F730000A307CF830000A3074F940000E7474000E64F4000A3070F40000080072100BFFF6C7740062000A32D
:FF345F000709400000E83F2000E9372000A30749940000A307C9830000A30749730000A307C9620000A30749520000A307C9410000A30749310000232F110023170D00230F0900231E4C00E0074801231EB4FF630F090063170D00632F1100A3074F310000A307CF410000A3074F520000A307CF620000A3074F730000A307CF830000A3074F940000E7474000E64F4000A3070F40000080072100BFFFCC7640062000A30709400000E83F2000E9372000A30749940000A307C9830000A30749730000A307C9620000A30749520000A307C9410000A30749310000232F110023170D00230F0900231E4C00E0074801231EB4FF630F090063170D00632F1100A3074F31EA
:FF355E000000A307CF410000A3074F520000A307CF620000A3074F730000A307CF830000A3074F940000E7474000E64F4000A3070F40000080072100BFFF2C7640062000A30709400000E83F2000E9372000A30749940000A307C9830000A30749730000A307C9620000A30749520000A307C9410000A30749310000232F110023170D00230F0900231E4C00E0074801231EB4FF630F090063170D00632F1100A3074F310000A307CF410000A3074F520000A307CF620000A3074F730000A307CF830000A3074F940000E7474000E64F4000A3070F40000080072100BFFF8C7540062000A30709400000E83F2000E9372000A30749940000A307C9830000A307497300C0
:FF365D0000A307C9620000A30749520000A307C9410000A30749310000232F110023170D00230F0900231E4C00E0074801231EB4FF630F090063170D00632F1100A3074F310000A307CF410000A3074F520000A307CF620000A3074F730000A307CF830000A3074F940000E7474000E64F4000A3070F40000080072100BFFFEC7440062000A30709400000E83F2000E9372000A30749940000A307C9830000A30749730000A307C9620000A30749520000A307C9410000A30749310000232F110023170D00230F0900231E4C00E0074801231EB4FF630F090063170D00632F1100A3074F310000A307CF410000A3074F520000A307CF620000A3074F730000A307CF833E
:FF375C000000A3074F940000E7474000E64F4000A3070F40000080072100BFFF4C7440062000A30709400000E83F2000E9372000A30749940000A307C9830000A30749730000A307C9620000A30749520000A307C9410000A30749310000232F110023170D00230F0900231E4C00E0074801231EB4FF630F090063170D00632F1100A3074F310000A307CF410000A3074F520000A307CF620000A3074F730000A307CF830000A3074F940000E7474000E64F4000A3070F40000080072100BFFFAC7340062000A30709400000E83F2000E9372000A30749940000A307C9830000A30749730000A307C9620000A30749520000A307C9410000A30749310000232F11002354
:FF385B00170D00230F0900231E4C00E0074801231EB4FF630F090063170D00632F1100A3074F310000A307CF410000A3074F520000A307CF620000A3074F730000A307CF830000A3074F940000E7474000E64F4000A3070F40000080072100BFFF0C7340062000A30709400000E83F2000E9372000A30749940000A307C9830000A30749730000A307C9620000A30749520000A307C9410000A30749310000232F110023170D00230F0900231E4C00E0074801231EB4FF630F090063170D00632F1100A3074F310000A307CF410000A3074F520000A307CF620000A3074F730000A307CF830000A3074F940000E7474000E64F4000A3070F40000080072100BFFF6C72EA
:FF395A0040062000A30709400000E83F2000E9372000A30749940000A307C9830000A30749730000A307C9620000A30749520000A307C9410000A30749310000232F110023170D00230F0900231E4C00E0074801231EB4FF630F090063170D00632F1100A3074F310000A307CF410000A3074F520000A307CF620000A3074F730000A307CF830000A3074F940000E7474000E64F4000A3070F40000080072100BFFFCC7140062000A30709400000E83F2000E9372000A30749940000A307C9830000A30749730000A307C9620000A30749520000A307C9410000A30749310000232F110023170D00230F0900231E4C00E0074801231EB4FF630F090063170D00632F1110
:FF3A590000A3074F310000A307CF410000A3074F520000A307CF620000A3074F730000A307CF830000A3074F940000E7474000E64F4000A3070F40000080072100BFFF2C7140062000A30709400000E83F2000E9372000A30749940000A307C9830000A30749730000A307C9620000A30749520000A307C9410000A30749310000232F110023170D00230F0900231E4C00E0074801231EB4FF630F090063170D00632F1100A3074F310000A307CF410000A3074F520000A307CF620000A3074F730000A307CF830000A3074F940000E7474000E64F4000A3070F40000080072100BFFF8C7040062000A30709400000E83F2000E9372000A30749940000A307C983000006
:FF3B5800A30749730000A307C9620000A30749520000A307C9410000A30749310000232F110023170D00230F0900231E4C00E0074801231EB4FF630F090063170D00632F1100A3074F310000A307CF410000A3074F520000A307CF620000A3074F730000A307CF830000A3074F940000E7474000E64F4000A3070F40000080072100BFFFEC6F40062000A30709400000E83F2000E9372000A30749940000A307C9830000A30749730000A307C9620000A30749520000A307C9410000A30749310000232F110023170D00230F0900231E4C00E0074801231EB4FF630F090063170D00632F1100A3074F310000A307CF410000A3074F520000A307CF620000A3074F7300D9
:FF3C570000A307CF830000A3074F940000E7474000E64F4000A3070F40000080072100BFFF4C6F40062000A30709400000E83F2000E9372000A30749940000A307C9830000A30749730000A307C9620000A30749520000A307C9410000A30749310000232F110023170D00230F0900231E4C00E0074801231EB4FF630F090063170D00632F1100A3074F310000A307CF410000A3074F520000A307CF620000A3074F730000A307CF830000A3074F940000E7474000E64F4000A3070F40000080072100BFFFAC6E40062000A30709400000E83F2000E9372000A30749940000A307C9830000A30749730000A307C9620000A30749520000A307C9410000A30749310000E8
:FF3D5600232F110023170D00230F0900231E4C00E0074801231EB4FF630F090063170D00632F1100A3074F310000A307CF410000A3074F520000A307CF620000A3074F730000A307CF830000A3074F940000E7474000E64F4000A3070F40000080072100BFFF0C6E40062000A30709400000E83F2000E9372000A30749940000A307C9830000A30749730000A307C9620000A30749520000A307C9410000A30749310000232F110023170D00230F0900231E4C00E0074801231EB4FF630F090063170D00632F1100A3074F310000A307CF410000A3074F520000A307CF620000A3074F730000A307CF830000A3074F940000E7474000E64F4000A3070F40000080072105
:FF3E550000BFFF6C6D40062000A30709400000E83F2000E9372000A30749940000A307C9830000A30749730000A307C9620000A30749520000A307C9410000A30749310000232F110023170D00230F0900231E4C00E0074801231EB4FF630F090063170D00632F1100A3074F310000A307CF410000A3074F520000A307CF620000A3074F730000A307CF830000A3074F940000E7474000E64F4000A3070F40000080072100BFFFCC6C40062000A30709400000E83F2000E9372000A30749940000A307C9830000A30749730000A307C9620000A30749520000A307C9410000A30749310000232F110023170D00230F0900231E4C00E0074801231EB4FF630F090063172E
:FF3F54000D00632F1100A3074F310000A307CF410000A3074F520000A307CF620000A3074F730000A307CF830000A3074F940000E7474000E64F4000A3070F40000080072100BFFF2C6C40062000A30709400000E83F2000E9372000A30749940000A307C9830000A30749730000A307C9620000A30749520000A307C9410000A30749310000232F110023170D00230F0900231E4C00E0074801231EB4FF630F090063170D00632F1100A3074F310000A307CF410000A3074F520000A307CF620000A3074F730000A307CF830000A3074F940000E7474000E64F4000A3070F40000080072100BFFF8C6B40062000A30709400000E83F2000E9372000A30749940000A3B3
:FF40530007C9830000A30749730000A307C9620000A30749520000A307C9410000A30749310000232F110023170D00230F0900231E4C00E0074801231EB4FF630F090063170D00632F1100A3074F310000A307CF410000A3074F520000A307CF620000A3074F730000A307CF830000A3074F940000E7474000E64F4000A3070F40000080072100BFFFEC6A40062000A30709400000E83F2000E9372000A30749940000A307C9830000A30749730000A307C9620000A30749520000A307C9410000A30749310000232F110023170D00230F0900231E4C00E0074801231EB4FF630F090063170D00632F1100A3074F310000A307CF410000A3074F520000A307CF620000F7
:FF415200A3074F730000A307CF830000A3074F940000E7474000E64F4000A3070F40000080072100BFFF4C6A40062000A30709400000E83F2000E9372000A30749940000A307C9830000A30749730000A307C9620000A30749520000A307C9410000A30749310000232F110023170D00230F0900231E4C00E0074801231EB4FF630F090063170D00632F1100A3074F310000A307CF410000A3074F520000A307CF620000A3074F730000A307CF830000A3074F940000E7474000E64F4000A3070F40000080072100BFFFAC6940062000A30709400000E83F2000E9372000A30749940000A307C9830000A30749730000A307C9620000A30749520000A307C9410000A307
:FF4251000749310000232F110023170D00230F0900231E4C00E0074801231EB4FF630F090063170D00632F1100A3074F310000A307CF410000A3074F520000A307CF620000A3074F730000A307CF830000A3074F940000E7474000E64F4000A3070F40000080072100BFFF0C6940062000A30709400000E83F2000E9372000A30749940000A307C9830000A30749730000A307C9620000A30749520000A307C9410000A30749310000232F110023170D00230F0900231E4C00E0074801231EB4FF630F090063170D00632F1100A3074F310000A307CF410000A3074F520000A307CF620000A3074F730000A307CF830000A3074F940000E7474000E64F4000A3070F4031
:FF435000000080072100BFFF6C6840062000A30709400000E83F2000E9372000A30749940000A307C9830000A30749730000A307C9620000A30749520000A307C9410000A30749310000232F110023170D00230F0900231E4C00E0074801231EB4FF630F090063170D00632F1100A3074F310000A307CF410000A3074F520000A307CF620000A3074F730000A307CF830000A3074F940000E7474000E64F4000A3070F40000080072100BFFFCC6740062000A30709400000E83F2000E9372000A30749940000A307C9830000A30749730000A307C9620000A30749520000A307C9410000A30749310000232F110023170D00230F0900231E4C00E0074801231EB4FF6322
:FF444F000F090063170D00632F1100A3074F310000A307CF410000A3074F520000A307CF620000A3074F730000A307CF830000A3074F940000E7474000E64F4000A3070F40000080072100BFFF2C6740062000A30709400000E83F2000E9372000A30749940000A307C9830000A30749730000A307C9620000A30749520000A307C9410000A30749310000232F110023170D00230F0900231E4C00E0074801231EB4FF630F090063170D00632F1100A3074F310000A307CF410000A3074F520000A307CF620000A3074F730000A307CF830000A3074F940000E7474000E64F4000A3070F40000080072100BFFF8C6640062000A30709400000E83F2000E9372000A307AB
:FF454E0049940000A307C9830000A30749730000A307C9620000A30749520000A307C9410000A30749310000232F110023170D00230F0900231E4C00E0074801231EB4FF630F090063170D00632F1100A3074F310000A307CF410000A3074F520000A307CF620000A3074F730000A307CF830000A3074F940000E7474000E64F4000A3070F40000080072100BFFFEC6540062000A30709400000E83F2000E9372000A30749940000A307C9830000A30749730000A307C9620000A30749520000A307C9410000A30749310000232F110023170D00230F0900231E4C00E0074801231EB4FF630F090063170D00632F1100A3074F310000A307CF410000A3074F520000A3B4
:FF464D0007CF620000A3074F730000A307CF830000A3074F940000E7474000E64F4000A3070F40000080072100BFFF4C6540062000A30709400000E83F2000E9372000A30749940000A307C9830000A30749730000A307C9620000A30749520000A307C9410000A30749310000232F110023170D00230F0900231E4C00E0074801231EB4FF630F090063170D00632F1100A3074F310000A307CF410000A3074F520000A307CF620000A3074F730000A307CF830000A3074F940000E7474000E64F4000A3070F40000080072100BFFFAC6440062000A30709400000E83F2000E9372000A30749940000A307C9830000A30749730000A307C9620000A30749520000A30786
:FF474C00C9410000A30749310000232F110023170D00230F0900231E4C00E0074801231EB4FF630F090063170D00632F1100A3074F310000A307CF410000A3074F520000A307CF620000A3074F730000A307CF830000A3074F940000E7474000E64F4000A3070F40000080072100BFFF0C6440062000A30709400000E83F2000E9372000A30749940000A307C9830000A30749730000A307C9620000A30749520000A307C9410000A30749310000232F110023170D00230F0900231E4C00E0074801231EB4FF630F090063170D00632F1100A3074F310000A307CF410000A3074F520000A307CF620000A3074F730000A307CF830000A3074F940000E7474000E64F4082
:FF484B0000A3070F40000080072100BFFF6C6340062000A30709400000E83F2000E9372000A30749940000A307C9830000A30749730000A307C9620000A30749520000A307C9410000A30749310000232F110023170D00230F0900231E4C00E0074801231EB4FF630F090063170D00632F1100A3074F310000A307CF410000A3074F520000A307CF620000A3074F730000A307CF830000A3074F940000E7474000E64F4000A3070F40000080072100BFFFCC6240062000A30709400000E83F2000E9372000A30749940000A307C9830000A30749730000A307C9620000A30749520000A307C9410000A30749310000232F110023170D00230F0900231E4C00E00748018A
:FF494A00231EB4FF630F090063170D00632F1100A3074F310000A307CF410000A3074F520000A307CF620000A3074F730000A307CF830000A3074F940000E7474000E64F4000A3070F40000080072100BFFF2C6240062000A30709400000E83F2000E9372000A30749940000A307C9830000A30749730000A307C9620000A30749520000A307C9410000A30749310000232F110023170D00230F0900231E4C00E0074801231EB4FF630F090063170D00632F1100A3074F310000A307CF410000A3074F520000A307CF620000A3074F730000A307CF830000A3074F940000E7474000E64F4000A3070F40000080072100BFFF8C6140062000A30709400000E83F2000E95F
:FF4A4900372000A30749940000A307C9830000A30749730000A307C9620000A30749520000A307C9410000A30749310000232F110023170D00230F0900231E4C00E0074801231EB4FF630F090063170D00632F1100A3074F310000A307CF410000A3074F520000A307CF620000A3074F730000A307CF830000A3074F940000E7474000E64F4000A3070F40000080072100BFFFEC6040062000A30709400000E83F2000E9372000A30749940000A307C9830000A30749730000A307C9620000A30749520000A307C9410000A30749310000232F110023170D00230F0900231E4C00E0074801231EB4FF630F090063170D00632F1100A3074F310000A307CF410000A307FC
:FF4B48004F520000A307CF620000A3074F730000A307CF830000A3074F940000E7474000E64F4000A3070F40000080072100BFFF4C6040062000A30709400000E83F2000E9372000A30749940000A307C9830000A30749730000A307C9620000A30749520000A307C9410000A30749310000232F110023170D00230F0900231E4C00E0074801231EB4FF630F090063170D00632F1100A3074F310000A307CF410000A3074F520000A307CF620000A3074F730000A307CF830000A3074F940000E7474000E64F4000A3070F40000080072100BFFFAC5F40062000A30709400000E83F2000E9372000A30749940000A307C9830000A30749730000A307C9620000A3074948
:FF4C4700520000A307C9410000A30749310000232F110023170D00230F0900231E4C00E0074801231EB4FF630F090063170D00632F1100A3074F310000A307CF410000A3074F520000A307CF620000A3074F730000A307CF830000A3074F940000E7474000E64F4000A3070F40000080072100BFFF0C5F40062000A30709400000E83F2000E9372000A30749940000A307C9830000A30749730000A307C9620000A30749520000A307C9410000A30749310000232F110023170D00230F0900231E4C00E0074801231EB4FF630F090063170D00632F1100A3074F310000A307CF410000A3074F520000A307CF620000A3074F730000A307CF830000A3074F940000E74740
:FF4D46004000E64F4000A3070F40000080072100BFFF6C5E40062000A30709400000E83F2000E9372000A30749940000A307C9830000A30749730000A307C9620000A30749520000A307C9410000A30749310000232F110023170D00230F0900231E4C00E0074801231EB4FF630F090063170D00632F1100A3074F310000A307CF410000A3074F520000A307CF620000A3074F730000A307CF830000A3074F940000E7474000E64F4000A3070F40000080072100BFFFCC5D40062000A30709400000E83F2000E9372000A30749940000A307C9830000A30749730000A307C9620000A30749520000A307C9410000A30749310000232F110023170D00230F0900231E4C0F
:FF4E450000E0074801231EB4FF630F090063170D00632F1100A3074F310000A307CF410000A3074F520000A307CF620000A3074F730000A307CF830000A3074F940000E7474000E64F4000A3070F40000080072100BFFF2C5D40062000A30709400000E83F2000E9372000A30749940000A307C9830000A30749730000A307C9620000A30749520000A307C9410000A30749310000232F110023170D00230F0900231E4C00E0074801231EB4FF630F090063170D00632F1100A3074F310000A307CF410000A3074F520000A307CF620000A3074F730000A307CF830000A3074F940000E7474000E64F4000A3070F40000080072100BFFF8C5C40062000A3070940000069
:FF4F4400E83F2000E9372000A30749940000A307C9830000A30749730000A307C9620000A30749520000A307C9410000A30749310000232F110023170D00230F0900231E4C00E0074801231EB4FF630F090063170D00632F1100A3074F310000A307CF410000A3074F520000A307CF620000A3074F730000A307CF830000A3074F940000E7474000E64F4000A3070F40000080072100BFFFEC5B40062000A30709400000E83F2000E9372000A30749940000A307C9830000A30749730000A307C9620000A30749520000A307C9410000A30749310000232F110023170D00230F0900231E4C00E0074801231EB4FF630F090063170D00632F1100A3074F310000A307CFBC
:FF504300410000A3074F520000A307CF620000A3074F730000A307CF830000A3074F940000E7474000E64F4000A3070F40000080072100BFFF4C5B40062000A30709400000E83F2000E9372000A30749940000A307C9830000A30749730000A307C9620000A30749520000A307C9410000A30749310000232F110023170D00230F0900231E4C00E0074801231EB4FF630F090063170D00632F1100A3074F310000A307CF410000A3074F520000A307CF620000A3074F730000A307CF830000A3074F940000E7474000E64F4000A3070F40000080072100BFFFAC5A40062000A30709400000E83F2000E9372000A30749940000A307C9830000A30749730000A307C9625A
:FF5142000000A30749520000A307C9410000A30749310000232F110023170D00230F0900231E4C00E0074801231EB4FF630F090063170D00632F1100A3074F310000A307CF410000A3074F520000A307CF620000A3074F730000A307CF830000A3074F940000E7474000E64F4000A3070F40000080072100BFFF0C5A40062000A30709400000E83F2000E9372000A30749940000A307C9830000A30749730000A307C9620000A30749520000A307C9410000A30749310000232F110023170D00230F0900231E4C00E0074801231EB4FF630F090063170D00632F1100A3074F310000A307CF410000A3074F520000A307CF620000A3074F730000A307CF830000A3074F14
:FF524100940000E7474000E64F4000A3070F40000080072100BFFF6C5940062000A30709400000E83F2000E9372000A30749940000A307C9830000A30749730000A307C9620000A30749520000A307C9410000A30749310000232F110023170D00230F0900231E4C00E0074801231EB4FF630F090063170D00632F1100A3074F310000A307CF410000A3074F520000A307CF620000A3074F730000A307CF830000A3074F940000E7474000E64F4000A3070F40000080072100BFFFCC5840062000A30709400000E83F2000E9372000A30749940000A307C9830000A30749730000A307C9620000A30749520000A307C9410000A30749310000232F110023170D00230FED
:FF5340000900231E4C00E0074801231EB4FF630F090063170D00632F1100A3074F310000A307CF410000A3074F520000A307CF620000A3074F730000A307CF830000A3074F940000E7474000E64F4000A3070F40000080072100BFFF2C5840062000A30709400000E83F2000E9372000A30749940000A307C9830000A30749730000A307C9620000A30749520000A307C9410000A30749310000232F110023170D00230F0900231E4C00E0074801231EB4FF630F090063170D00632F1100A3074F310000A307CF410000A3074F520000A307CF620000A3074F730000A307CF830000A3074F940000E7474000E64F4000A3070F40000080072100BFFF8C5740062000A32D
:FF543F000709400000E83F2000E9372000A30749940000A307C9830000A30749730000A307C9620000A30749520000A307C9410000A30749310000232F110023170D00230F0900231E4C00E0074801231EB4FF630F090063170D00632F1100A3074F310000A307CF410000A3074F520000A307CF620000A3074F730000A307CF830000A3074F940000E7474000E64F4000A3070F40000080072100BFFFEC5640062000A30709400000E83F2000E9372000A30749940000A307C9830000A30749730000A307C9620000A30749520000A307C9410000A30749310000232F110023170D00230F0900231E4C00E0074801231EB4FF630F090063170D00632F1100A3074F31EA
:FF553E000000A307CF410000A3074F520000A307CF620000A3074F730000A307CF830000A3074F940000E7474000E64F4000A3070F40000080072100BFFF4C5640062000A30709400000E83F2000E9372000A30749940000A307C9830000A30749730000A307C9620000A30749520000A307C9410000A30749310000232F110023170D00230F0900231E4C00E0074801231EB4FF630F090063170D00632F1100A3074F310000A307CF410000A3074F520000A307CF620000A3074F730000A307CF830000A3074F940000E7474000E64F4000A3070F40000080072100BFFFAC5540062000A30709400000E83F2000E9372000A30749940000A307C9830000A307497300C0
:FF563D0000A307C9620000A30749520000A307C9410000A30749310000232F110023170D00230F0900231E4C00E0074801231EB4FF630F090063170D00632F1100A3074F310000A307CF410000A3074F520000A307CF620000A3074F730000A307CF830000A3074F940000E7474000E64F4000A3070F40000080072100BFFF0C5540062000A30709400000E83F2000E9372000A30749940000A307C9830000A30749730000A307C9620000A30749520000A307C9410000A30749310000232F110023170D00230F0900231E4C00E0074801231EB4FF630F090063170D00632F1100A3074F310000A307CF410000A3074F520000A307CF620000A3074F730000A307CF833D
:FF573C000000A3074F940000E7474000E64F4000A3070F40000080072100BFFF6C5440062000A30709400000E83F2000E9372000A30749940000A307C9830000A30749730000A307C9620000A30749520000A307C9410000A30749310000232F110023170D00230F0900231E4C00E0074801231EB4FF630F090063170D00632F1100A3074F310000A307CF410000A3074F520000A307CF620000A3074F730000A307CF830000A3074F940000E7474000E64F4000A3070F40000080072100BFFFCC5340062000A30709400000E83F2000E9372000A30749940000A307C9830000A30749730000A307C9620000A30749520000A307C9410000A30749310000232F11002354
:FF583B00170D00230F0900231E4C00E0074801231EB4FF630F090063170D00632F1100A3074F310000A307CF410000A3074F520000A307CF620000A3074F730000A307CF830000A3074F940000E7474000E64F4000A3070F40000080072100BFFF2C5340062000A30709400000E83F2000E9372000A30749940000A307C9830000A30749730000A307C9620000A30749520000A307C9410000A30749310000232F110023170D00230F0900231E4C00E0074801231EB4FF630F090063170D00632F1100A3074F310000A307CF410000A3074F520000A307CF620000A3074F730000A307CF830000A3074F940000E7474000E64F4000A3070F40000080072100BFFF8C52EA
:FF593A0040062000A30709400000E83F2000E9372000A30749940000A307C9830000A30749730000A307C9620000A30749520000A307C9410000A30749310000232F110023170D00230F0900231E4C00E0074801231EB4FF630F090063170D00632F1100A3074F310000A307CF410000A3074F520000A307CF620000A3074F730000A307CF830000A3074F940000E7474000E64F4000A3070F40000080072100BFFFEC5140062000A30709400000E83F2000E9372000A30749940000A307C9830000A30749730000A307C9620000A30749520000A307C9410000A30749310000232F110023170D00230F0900231E4C00E0074801231EB4FF630F090063170D00632F1110
:FF5A390000A3074F310000A307CF410000A3074F520000A307CF620000A3074F730000A307CF830000A3074F940000E7474000E64F4000A3070F40000080072100BFFF4C5140062000A30709400000E83F2000E9372000A30749940000A307C9830000A30749730000A307C9620000A30749520000A307C9410000A30749310000232F110023170D00230F0900231E4C00E0074801231EB4FF630F090063170D00632F1100A3074F310000A307CF410000A3074F520000A307CF620000A3074F730000A307CF830000A3074F940000E7474000E64F4000A3070F40000080072100BFFFAC5040062000A30709400000E83F2000E9372000A30749940000A307C983000006
:FF5B3800A30749730000A307C9620000A30749520000A307C9410000A30749310000232F110023170D00230F0900231E4C00E0074801231EB4FF630F090063170D00632F1100A3074F310000A307CF410000A3074F520000A307CF620000A3074F730000A307CF830000A3074F940000E7474000E64F4000A3070F40000080072100BFFF0C5040062000A30709400000E83F2000E9372000A30749940000A307C9830000A30749730000A307C9620000A30749520000A307C9410000A30749310000232F110023170D00230F0900231E4C00E0074801231EB4FF630F090063170D00632F1100A3074F310000A307CF410000A3074F520000A307CF620000A3074F7300D8
:FF5C370000A307CF830000A3074F940000E7474000E64F4000A3070F40000080072100BFFF6C4F40062000A30709400000E83F2000E9372000A30749940000A307C9830000A30749730000A307C9620000A30749520000A307C9410000A30749310000232F110023170D00230F0900231E4C00E0074801231EB4FF630F090063170D00632F1100A3074F310000A307CF410000A3074F520000A307CF620000A3074F730000A307CF830000A3074F940000E7474000E64F4000A3070F40000080072100BFFFCC4E40062000A30709400000E83F2000E9372000A30749940000A307C9830000A30749730000A307C9620000A30749520000A307C9410000A30749310000E8
:FF5D3600232F110023170D00230F0900231E4C00E0074801231EB4FF630F090063170D00632F1100A3074F310000A307CF410000A3074F520000A307CF620000A3074F730000A307CF830000A3074F940000E7474000E64F4000A3070F40000080072100BFFF2C4E40062000A30709400000E83F2000E9372000A30749940000A307C9830000A30749730000A307C9620000A30749520000A307C9410000A30749310000232F110023170D00230F0900231E4C00E0074801231EB4FF630F090063170D00632F1100A3074F310000A307CF410000A3074F520000A307CF620000A3074F730000A307CF830000A3074F940000E7474000E64F4000A3070F40000080072105
:FF5E350000BFFF8C4D40062000A30709400000E83F2000E9372000A30749940000A307C9830000A30749730000A307C9620000A30749520000A307C9410000A30749310000232F110023170D00230F0900231E4C00E0074801231EB4FF630F090063170D00632F1100A3074F310000A307CF410000A3074F520000A307CF620000A3074F730000A307CF830000A3074F940000E7474000E64F4000A3070F40000080072100BFFFEC4C40062000A30709400000E83F2000E9372000A30749940000A307C9830000A30749730000A307C9620000A30749520000A307C9410000A30749310000232F110023170D00230F0900231E4C00E0074801231EB4FF630F090063172E
:FF5F34000D00632F1100A3074F310000A307CF410000A3074F520000A307CF620000A3074F730000A307CF830000A3074F940000E7474000E64F4000A3070F40000080072100BFFF4C4C40062000A30709400000E83F2000E9372000A30749940000A307C9830000A30749730000A307C9620000A30749520000A307C9410000A30749310000232F110023170D00230F0900231E4C00E0074801231EB4FF630F090063170D00632F1100A3074F310000A307CF410000A3074F520000A307CF620000A3074F730000A307CF830000A3074F940000E7474000E64F4000A3070F40000080072100BFFFAC4B40062000A30709400000E83F2000E9372000A30749940000A3B3
:FF60330007C9830000A30749730000A307C9620000A30749520000A307C9410000A30749310000232F110023170D00230F0900231E4C00E0074801231EB4FF630F090063170D00632F1100A3074F310000A307CF410000A3074F520000A307CF620000A3074F730000A307CF830000A3074F940000E7474000E64F4000A3070F40000080072100BFFF0C4B40062000A30709400000E83F2000E9372000A30749940000A307C9830000A30749730000A307C9620000A30749520000A307C9410000A30749310000232F110023170D00230F0900231E4C00E0074801231EB4FF630F090063170D00632F1100A3074F310000A307CF410000A3074F520000A307CF620000F6
:FF613200A3074F730000A307CF830000A3074F940000E7474000E64F4000A3070F40000080072100BFFF6C4A40062000A30709400000E83F2000E9372000A30749940000A307C9830000A30749730000A307C9620000A30749520000A307C9410000A30749310000232F110023170D00230F0900231E4C00E0074801231EB4FF630F090063170D00632F1100A3074F310000A307CF410000A3074F520000A307CF620000A3074F730000A307CF830000A3074F940000E7474000E64F4000A3070F40000080072100BFFFCC4940062000A30709400000E83F2000E9372000A30749940000A307C9830000A30749730000A307C9620000A30749520000A307C9410000A307
:FF6231000749310000232F110023170D00230F0900231E4C00E0074801231EB4FF630F090063170D00632F1100A3074F310000A307CF410000A3074F520000A307CF620000A3074F730000A307CF830000A3074F940000E7474000E64F4000A3070F40000080072100BFFF2C4940062000A30709400000E83F2000E9372000A30749940000A307C9830000A30749730000A307C9620000A30749520000A307C9410000A30749310000232F110023170D00230F0900231E4C00E0074801231EB4FF630F090063170D00632F1100A3074F310000A307CF410000A3074F520000A307CF620000A3074F730000A307CF830000A3074F940000E7474000E64F4000A3070F4031
:FF633000000080072100BFFF8C4840062000A30709400000E83F2000E9372000A30749940000A307C9830000A30749730000A307C9620000A30749520000A307C9410000A30749310000232F110023170D00230F0900231E4C00E0074801231EB4FF630F090063170D00632F1100A3074F310000A307CF410000A3074F520000A307CF620000A3074F730000A307CF830000A3074F940000E7474000E64F4000A3070F40000080072100BFFFEC4740062000A30709400000E83F2000E9372000A30749940000A307C9830000A30749730000A307C9620000A30749520000A307C9410000A30749310000232F110023170D00230F0900231E4C00E0074801231EB4FF6322
:FF642F000F090063170D00632F1100A3074F310000A307CF410000A3074F520000A307CF620000A3074F730000A307CF830000A3074F940000E7474000E64F4000A3070F40000080072100BFFF4C4740062000A30709400000E83F2000E9372000A30749940000A307C9830000A30749730000A307C9620000A30749520000A307C9410000A30749310000232F110023170D00230F0900231E4C00E0074801231EB4FF630F090063170D00632F1100A3074F310000A307CF410000A3074F520000A307CF620000A3074F730000A307CF830000A3074F940000E7474000E64F4000A3070F40000080072100BFFFAC4640062000A30709400000E83F2000E9372000A307AB
:FF652E0049940000A307C9830000A30749730000A307C9620000A30749520000A307C9410000A30749310000232F110023170D00230F0900231E4C00E0074801231EB4FF630F090063170D00632F1100A3074F310000A307CF410000A3074F520000A307CF620000A3074F730000A307CF830000A3074F940000E7474000E64F4000A3070F40000080072100BFFF0C4640062000A30709400000E83F2000E9372000A30749940000A307C9830000A30749730000A307C9620000A30749520000A307C9410000A30749310000232F110023170D00230F0900231E4C00E0074801231EB4FF630F090063170D00632F1100A3074F310000A307CF410000A3074F520000A3B3
:FF662D0007CF620000A3074F730000A307CF830000A3074F940000E7474000E64F4000A3070F40000080072100BFFF6C4540062000A30709400000E83F2000E9372000A30749940000A307C9830000A30749730000A307C9620000A30749520000A307C9410000A30749310000232F110023170D00230F0900231E4C00E0074801231EB4FF630F090063170D00632F1100A3074F310000A307CF410000A3074F520000A307CF620000A3074F730000A307CF830000A3074F940000E7474000E64F4000A3070F40000080072100BFFFCC4440062000A30709400000E83F2000E9372000A30749940000A307C9830000A30749730000A307C9620000A30749520000A30786
:FF672C00C9410000A30749310000232F110023170D00230F0900231E4C00E0074801231EB4FF630F090063170D00632F1100A3074F310000A307CF410000A3074F520000A307CF620000A3074F730000A307CF830000A3074F940000E7474000E64F4000A3070F40000080072100BFFF2C4440062000A30709400000E83F2000E9372000A30749940000A307C9830000A30749730000A307C9620000A30749520000A307C9410000A30749310000232F110023170D00230F0900231E4C00E0074801231EB4FF630F090063170D00632F1100A3074F310000A307CF410000A3074F520000A307CF620000A3074F730000A307CF830000A3074F940000E7474000E64F4082
:FF682B0000A3070F40000080072100BFFF8C4340062000A30709400000E83F2000E9372000A30749940000A307C9830000A30749730000A307C9620000A30749520000A307C9410000A30749310000232F110023170D00230F0900231E4C00E0074801231EB4FF630F090063170D00632F1100A3074F310000A307CF410000A3074F520000A307CF620000A3074F730000A307CF830000A3074F940000E7474000E64F4000A3070F40000080072100BFFFEC4240062000A30709400000E83F2000E9372000A30749940000A307C9830000A30749730000A307C9620000A30749520000A307C9410000A30749310000232F110023170D00230F0900231E4C00E00748018A
:FF692A00231EB4FF630F090063170D00632F1100A3074F310000A307CF410000A3074F520000A307CF620000A3074F730000A307CF830000A3074F940000E7474000E64F4000A3070F40000080072100BFFF4C4240062000A30709400000E83F2000E9372000A30749940000A307C9830000A30749730000A307C9620000A30749520000A307C9410000A30749310000232F110023170D00230F0900231E4C00E0074801231EB4FF630F090063170D00632F1100A3074F310000A307CF410000A3074F520000A307CF620000A3074F730000A307CF830000A3074F940000E7474000E64F4000A3070F40000080072100BFFFAC4140062000A30709400000E83F2000E95F
:FF6A2900372000A30749940000A307C9830000A30749730000A307C9620000A30749520000A307C9410000A30749310000232F110023170D00230F0900231E4C00E0074801231EB4FF630F090063170D00632F1100A3074F310000A307CF410000A3074F520000A307CF620000A3074F730000A307CF830000A3074F940000E7474000E64F4000A3070F40000080072100BFFF0C4140062000A30709400000E83F2000E9372000A30749940000A307C9830000A30749730000A307C9620000A30749520000A307C9410000A30749310000232F110023170D00230F0900231E4C00E0074801231EB4FF630F090063170D00632F1100A3074F310000A307CF410000A307FB
:FF6B28004F520000A307CF620000A3074F730000A307CF830000A3074F940000E7474000E64F4000A3070F40000080072100BFFF6C4040062000A30709400000E83F2000E9372000A30749940000A307C9830000A30749730000A307C9620000A30749520000A307C9410000A30749310000232F110023170D00230F0900231E4C00E0074801231EB4FF630F090063170D00632F1100A3074F310000A307CF410000A3074F520000A307CF620000A3074F730000A307CF830000A3074F940000E7474000E64F4000A3070F40000080072100BFFFCC3F40062000A30709400000E83F2000E9372000A30749940000A307C9830000A30749730000A307C9620000A3074948
:FF6C2700520000A307C9410000A30749310000232F110023170D00230F0900231E4C00E0074801231EB4FF630F090063170D00632F1100A3074F310000A307CF410000A3074F520000A307CF620000A3074F730000A307CF830000A3074F940000E7474000E64F4000A3070F40000080072100BFFF2C3F40062000A30709400000E83F2000E9372000A30749940000A307C9830000A30749730000A307C9620000A30749520000A307C9410000A30749310000232F110023170D00230F0900231E4C00E0074801231EB4FF630F090063170D00632F1100A3074F310000A307CF410000A3074F520000A307CF620000A3074F730000A307CF830000A3074F940000E74740
:FF6D26004000E64F4000A3070F40000080072100BFFF8C3E40062000A30709400000E83F2000E9372000A30749940000A307C9830000A30749730000A307C9620000A30749520000A307C9410000A30749310000232F110023170D00230F0900231E4C00E0074801231EB4FF630F090063170D00632F1100A3074F310000A307CF410000A3074F520000A307CF620000A3074F730000A307CF830000A3074F940000E7474000E64F4000A3070F40000080072100BFFFEC3D40062000A30709400000E83F2000E9372000A30749940000A307C9830000A30749730000A307C9620000A30749520000A307C9410000A30749310000232F110023170D00230F0900231E4C0F
:FF6E250000E0074801231EB4FF630F090063170D00632F1100A3074F310000A307CF410000A3074F520000A307CF620000A3074F730000A307CF830000A3074F940000E7474000E64F4000A3070F40000080072100BFFF4C3D40062000A30709400000E83F2000E9372000A30749940000A307C9830000A30749730000A307C9620000A30749520000A307C9410000A30749310000232F110023170D00230F0900231E4C00E0074801231EB4FF630F090063170D00632F1100A3074F310000A307CF410000A3074F520000A307CF620000A3074F730000A307CF830000A3074F940000E7474000E64F4000A3070F40000080072100BFFFAC3C40062000A3070940000069
:FF6F2400E83F2000E9372000A30749940000A307C9830000A30749730000A307C9620000A30749520000A307C9410000A30749310000232F110023170D00230F0900231E4C00E0074801231EB4FF630F090063170D00632F1100A3074F310000A307CF410000A3074F520000A307CF620000A3074F730000A307CF830000A3074F940000E7474000E64F4000A3070F40000080072100BFFF0C3C40062000A30709400000E83F2000E9372000A30749940000A307C9830000A30749730000A307C9620000A30749520000A307C9410000A30749310000232F110023170D00230F0900231E4C00E0074801231EB4FF630F090063170D00632F1100A3074F310000A307CFBB
:FF702300410000A3074F520000A307CF620000A3074F730000A307CF830000A3074F940000E7474000E64F4000A3070F40000080072100BFFF6C3B40062000A30709400000E83F2000E9372000A30749940000A307C9830000A30749730000A307C9620000A30749520000A307C9410000A30749310000232F110023170D00230F0900231E4C00E0074801231EB4FF630F090063170D00632F1100A3074F310000A307CF410000A3074F520000A307CF620000A3074F730000A307CF830000A3074F940000E7474000E64F4000A3070F40000080072100BFFFCC3A40062000A30709400000E83F2000E9372000A30749940000A307C9830000A30749730000A307C9625A
:FF7122000000A30749520000A307C9410000A30749310000232F110023170D00230F0900231E4C00E0074801231EB4FF630F090063170D00632F1100A3074F310000A307CF410000A3074F520000A307CF620000A3074F730000A307CF830000A3074F940000E7474000E64F4000A3070F40000080072100BFFF2C3A40062000A30709400000E83F2000E9372000A30749940000A307C9830000A30749730000A307C9620000A30749520000A307C9410000A30749310000232F110023170D00230F0900231E4C00E0074801231EB4FF630F090063170D00632F1100A3074F310000A307CF410000A3074F520000A307CF620000A3074F730000A307CF830000A3074F14
:FF722100940000E7474000E64F4000A3070F40000080072100BFFF8C3940062000A30709400000E83F2000E9372000A30749940000A307C9830000A30749730000A307C9620000A30749520000A307C9410000A30749310000232F110023170D00230F0900231E4C00E0074801231EB4FF630F090063170D00632F1100A3074F310000A307CF410000A3074F520000A307CF620000A3074F730000A307CF830000A3074F940000E7474000E64F4000A3070F40000080072100BFFFEC3840062000A30709400000E83F2000E9372000A30749940000A307C9830000A30749730000A307C9620000A30749520000A307C9410000A30749310000232F110023170D00230FED
:FF7320000900231E4C00E0074801231EB4FF630F090063170D00632F1100A3074F310000A307CF410000A3074F520000A307CF620000A3074F730000A307CF830000A3074F940000E7474000E64F4000A3070F40000080072100BFFF4C3840062000A30709400000E83F2000E9372000A30749940000A307C9830000A30749730000A307C9620000A30749520000A307C9410000A30749310000232F110023170D00230F0900231E4C00E0074801231EB4FF630F090063170D00632F1100A3074F310000A307CF410000A3074F520000A307CF620000A3074F730000A307CF830000A3074F940000E7474000E64F4000A3070F40000080072100BFFFAC3740062000A32D
:FF741F000709400000E83F2000E9372000A30749940000A307C9830000A30749730000A307C9620000A30749520000A307C9410000A30749310000232F110023170D00230F0900231E4C00E0074801231EB4FF630F090063170D00632F1100A3074F310000A307CF410000A3074F520000A307CF620000A3074F730000A307CF830000A3074F940000E7474000E64F4000A3070F40000080072100BFFF0C3740062000A30709400000E83F2000E9372000A30749940000A307C9830000A30749730000A307C9620000A30749520000A307C9410000A30749310000232F110023170D00230F0900231E4C00E0074801231EB4FF630F090063170D00632F1100A3074F31E9
:FF751E000000A307CF410000A3074F520000A307CF620000A3074F730000A307CF830000A3074F940000E7474000E64F4000A3070F40000080072100BFFF6C3640062000A30709400000E83F2000E9372000A30749940000A307C9830000A30749730000A307C9620000A30749520000A307C9410000A30749310000232F110023170D00230F0900231E4C00E0074801231EB4FF630F090063170D00632F1100A3074F310000A307CF410000A3074F520000A307CF620000A3074F730000A307CF830000A3074F940000E7474000E64F4000A3070F40000080072100BFFFCC3540062000A30709400000E83F2000E9372000A30749940000A307C9830000A307497300C0
:FF761D0000A307C9620000A30749520000A307C9410000A30749310000232F110023170D00230F0900231E4C00E0074801231EB4FF630F090063170D00632F1100A3074F310000A307CF410000A3074F520000A307CF620000A3074F730000A307CF830000A3074F940000E7474000E64F4000A3070F40000080072100BFFF2C3540062000A30709400000E83F2000E9372000A30749940000A307C9830000A30749730000A307C9620000A30749520000A307C9410000A30749310000232F110023170D00230F0900231E4C00E0074801231EB4FF630F090063170D00632F1100A3074F310000A307CF410000A3074F520000A307CF620000A3074F730000A307CF833D
:FF771C000000A3074F940000E7474000E64F4000A3070F40000080072100BFFF8C3440062000A30709400000E83F2000E9372000A30749940000A307C9830000A30749730000A307C9620000A30749520000A307C9410000A30749310000232F110023170D00230F0900231E4C00E0074801231EB4FF630F090063170D00632F1100A3074F310000A307CF410000A3074F520000A307CF620000A3074F730000A307CF830000A3074F940000E7474000E64F4000A3070F40000080072100BFFFEC3340062000A30709400000E83F2000E9372000A30749940000A307C9830000A30749730000A307C9620000A30749520000A307C9410000A30749310000232F11002354
:FF781B00170D00230F0900231E4C00E0074801231EB4FF630F090063170D00632F1100A3074F310000A307CF410000A3074F520000A307CF620000A3074F730000A307CF830000A3074F940000E7474000E64F4000A3070F40000080072100BFFF4C3340062000A30709400000E83F2000E9372000A30749940000A307C9830000A30749730000A307C9620000A30749520000A307C9410000A30749310000232F110023170D00230F0900231E4C00E0074801231EB4FF630F090063170D00632F1100A3074F310000A307CF410000A3074F520000A307CF620000A3074F730000A307CF830000A3074F940000E7474000E64F4000A3070F40000080072100BFFFAC32EA
:FF791A0040062000A30709400000E83F2000E9372000A30749940000A307C9830000A30749730000A307C9620000A30749520000A307C9410000A30749310000232F110023170D00230F0900231E4C00E0074801231EB4FF630F090063170D00632F1100A3074F310000A307CF410000A3074F520000A307CF620000A3074F730000A307CF830000A3074F940000E7474000E64F4000A3070F40000080072100BFFF0C3240062000A30709400000E83F2000E9372000A30749940000A307C9830000A30749730000A307C9620000A30749520000A307C9410000A30749310000232F110023170D00230F0900231E4C00E0074801231EB4FF630F090063170D00632F110F
:FF7A190000A3074F310000A307CF410000A3074F520000A307CF620000A3074F730000A307CF830000A3074F940000E7474000E64F4000A3070F40000080072100BFFF6C3140062000A30709400000E83F2000E9372000A30749940000A307C9830000A30749730000A307C9620000A30749520000A307C9410000A30749310000232F110023170D00230F0900231E4C00E0074801231EB4FF630F090063170D00632F1100A3074F310000A307CF410000A3074F520000A307CF620000A3074F730000A307CF830000A3074F940000E7474000E64F4000A3070F40000080072100BFFFCC3040062000A30709400000E83F2000E9372000A30749940000A307C983000006
:FF7B1800A30749730000A307C9620000A30749520000A307C9410000A30749310000232F110023170D00230F0900231E4C00E0074801231EB4FF630F090063170D00632F1100A3074F310000A307CF410000A3074F520000A307CF620000A3074F730000A307CF830000A3074F940000E7474000E64F4000A3070F40000080072100BFFF2C3040062000A30709400000E83F2000E9372000A30749940000A307C9830000A30749730000A307C9620000A30749520000A307C9410000A30749310000232F110023170D00230F0900231E4C00E0074801231EB4FF630F090063170D00632F1100A3074F310000A307CF410000A3074F520000A307CF620000A3074F7300D8
:FF7C170000A307CF830000A3074F940000E7474000E64F4000A3070F40000080072100BFFF8C2F40062000A30709400000E83F2000E9372000A30749940000A307C9830000A30749730000A307C9620000A30749520000A307C9410000A30749310000232F110023170D00230F0900231E4C00E0074801231EB4FF630F090063170D00632F1100A3074F310000A307CF410000A3074F520000A307CF620000A3074F730000A307CF830000A3074F940000E7474000E64F4000A3070F40000080072100BFFFEC2E40062000A30709400000E83F2000E9372000A30749940000A307C9830000A30749730000A307C9620000A30749520000A307C9410000A30749310000E8
:FF7D1600232F110023170D00230F0900231E4C00E0074801231EB4FF630F090063170D00632F1100A3074F310000A307CF410000A3074F520000A307CF620000A3074F730000A307CF830000A3074F940000E7474000E64F4000A3070F40000080072100BFFF4C2E40062000A30709400000E83F2000E9372000A30749940000A307C9830000A30749730000A307C9620000A30749520000A307C9410000A30749310000232F110023170D00230F0900231E4C00E0074801231EB4FF630F090063170D00632F1100A3074F310000A307CF410000A3074F520000A307CF620000A3074F730000A307CF830000A3074F940000E7474000E64F4000A3070F40000080072105
:FF7E150000BFFFAC2D40062000A30709400000E83F2000E9372000A30749940000A307C9830000A30749730000A307C9620000A30749520000A307C9410000A30749310000232F110023170D00230F0900231E4C00E0074801231EB4FF630F090063170D00632F1100A3074F310000A307CF410000A3074F520000A307CF620000A3074F730000A307CF830000A3074F940000E7474000E64F4000A3070F40000080072100BFFF0C2D40062000A30709400000E83F2000E9372000A30749940000A307C9830000A30749730000A307C9620000A30749520000A307C9410000A30749310000232F110023170D00230F0900231E4C00E0074801231EB4FF630F090063172D
:FF7F14000D00632F1100A3074F310000A307CF410000A3074F520000A307CF620000A3074F730000A307CF830000A3074F940000E7474000E64F4000A3070F40000080072100BFFF6C2C40062000A30709400000E83F2000E9372000A30749940000A307C9830000A30749730000A307C9620000A30749520000A307C9410000A30749310000232F110023170D00230F0900231E4C00E0074801231EB4FF630F090063170D00632F1100A3074F310000A307CF410000A3074F520000A307CF620000A3074F730000A307CF830000A3074F940000E7474000E64F4000A3070F40000080072100BFFFCC2B40062000A30709400000E83F2000E9372000A30749940000A3B3
:FF80130007C9830000A30749730000A307C9620000A30749520000A307C9410000A30749310000232F110023170D00230F0900231E4C00E0074801231EB4FF630F090063170D00632F1100A3074F310000A307CF410000A3074F520000A307CF620000A3074F730000A307CF830000A3074F940000E7474000E64F4000A3070F40000080072100BFFF2C2B40062000A30709400000E83F2000E9372000A30749940000A307C9830000A30749730000A307C9620000A30749520000A307C9410000A30749310000232F110023170D00230F0900231E4C00E0074801231EB4FF630F090063170D00632F1100A3074F310000A307CF410000A3074F520000A307CF620000F6
:FF811200A3074F730000A307CF830000A3074F940000E7474000E64F4000A3070F40000080072100BFFF8C2A40062000A30709400000E83F2000E9372000A30749940000A307C9830000A30749730000A307C9620000A30749520000A307C9410000A30749310000232F110023170D00230F0900231E4C00E0074801231EB4FF630F090063170D00632F1100A3074F310000A307CF410000A3074F520000A307CF620000A3074F730000A307CF830000A3074F940000E7474000E64F4000A3070F40000080072100BFFFEC2940062000A30709400000E83F2000E9372000A30749940000A307C9830000A30749730000A307C9620000A30749520000A307C9410000A307
:FF8211000749310000232F110023170D00230F0900231E4C00E0074801231EB4FF630F090063170D00632F1100A3074F310000A307CF410000A3074F520000A307CF620000A3074F730000A307CF830000A3074F940000E7474000E64F4000A3070F40000080072100BFFF4C2940062000A30709400000E83F2000E9372000A30749940000A307C9830000A30749730000A307C9620000A30749520000A307C9410000A30749310000232F110023170D00230F0900231E4C00E0074801231EB4FF630F090063170D00632F1100A3074F310000A307CF410000A3074F520000A307CF620000A3074F730000A307CF830000A3074F940000E7474000E64F4000A3070F4031
:FF831000000080072100BFFFAC2840062000A30709400000E83F2000E9372000A30749940000A307C9830000A30749730000A307C9620000A30749520000A307C9410000A30749310000232F110023170D00230F0900231E4C00E0074801231EB4FF630F090063170D00632F1100A3074F310000A307CF410000A3074F520000A307CF620000A3074F730000A307CF830000A3074F940000E7474000E64F4000A3070F40000080072100BFFF0C2840062000A30709400000E83F2000E9372000A30749940000A307C9830000A30749730000A307C9620000A30749520000A307C9410000A30749310000232F110023170D00230F0900231E4C00E0074801231EB4FF6321
:FF840F000F090063170D00632F1100A3074F310000A307CF410000A3074F520000A307CF620000A3074F730000A307CF830000A3074F940000E7474000E64F4000A3070F40000080072100BFFF6C2740062000A30709400000E83F2000E9372000A30749940000A307C9830000A30749730000A307C9620000A30749520000A307C9410000A30749310000232F110023170D00230F0900231E4C00E0074801231EB4FF630F090063170D00632F1100A3074F310000A307CF410000A3074F520000A307CF620000A3074F730000A307CF830000A3074F940000E7474000E64F4000A3070F40000080072100BFFFCC2640062000A30709400000E83F2000E9372000A307AB
:FF850E0049940000A307C9830000A30749730000A307C9620000A30749520000A307C9410000A30749310000232F110023170D00230F0900231E4C00E0074801231EB4FF630F090063170D00632F1100A3074F310000A307CF410000A3074F520000A307CF620000A3074F730000A307CF830000A3074F940000E7474000E64F4000A3070F40000080072100BFFF2C2640062000A30709400000E83F2000E9372000A30749940000A307C9830000A30749730000A307C9620000A30749520000A307C9410000A30749310000232F110023170D00230F0900231E4C00E0074801231EB4FF630F090063170D00632F1100A3074F310000A307CF410000A3074F520000A3B3
:FF860D0007CF620000A3074F730000A307CF830000A3074F940000E7474000E64F4000A3070F40000080072100BFFF8C2540062000A30709400000E83F2000E9372000A30749940000A307C9830000A30749730000A307C9620000A30749520000A307C9410000A30749310000232F110023170D00230F0900231E4C00E0074801231EB4FF630F090063170D00632F1100A3074F310000A307CF410000A3074F520000A307CF620000A3074F730000A307CF830000A3074F940000E7474000E64F4000A3070F40000080072100BFFFEC2440062000A30709400000E83F2000E9372000A30749940000A307C9830000A30749730000A307C9620000A30749520000A30786
:FF870C00C9410000A30749310000232F110023170D00230F0900231E4C00E0074801231EB4FF630F090063170D00632F1100A3074F310000A307CF410000A3074F520000A307CF620000A3074F730000A307CF830000A3074F940000E7474000E64F4000A3070F40000080072100BFFF4C2440062000A30709400000E83F2000E9372000A30749940000A307C9830000A30749730000A307C9620000A30749520000A307C9410000A30749310000232F110023170D00230F0900231E4C00E0074801231EB4FF630F090063170D00632F1100A3074F310000A307CF410000A3074F520000A307CF620000A3074F730000A307CF830000A3074F940000E7474000E64F4082
:FF880B0000A3070F40000080072100BFFFAC2340062000A30709400000E83F2000E9372000A30749940000A307C9830000A30749730000A307C9620000A30749520000A307C9410000A30749310000232F110023170D00230F0900231E4C00E0074801231EB4FF630F090063170D00632F1100A3074F310000A307CF410000A3074F520000A307CF620000A3074F730000A307CF830000A3074F940000E7474000E64F4000A3070F40000080072100BFFF0C2340062000A30709400000E83F2000E9372000A30749940000A307C9830000A30749730000A307C9620000A30749520000A307C9410000A30749310000232F110023170D00230F0900231E4C00E007480189
:FF890A00231EB4FF630F090063170D00632F1100A3074F310000A307CF410000A3074F520000A307CF620000A3074F730000A307CF830000A3074F940000E7474000E64F4000A3070F40000080072100BFFF6C2240062000A30709400000E83F2000E9372000A30749940000A307C9830000A30749730000A307C9620000A30749520000A307C9410000A30749310000232F110023170D00230F0900231E4C00E0074801231EB4FF630F090063170D00632F1100A3074F310000A307CF410000A3074F520000A307CF620000A3074F730000A307CF830000A3074F940000E7474000E64F4000A3070F40000080072100BFFFCC2140062000A30709400000E83F2000E95F
:FF8A0900372000A30749940000A307C9830000A30749730000A307C9620000A30749520000A307C9410000A30749310000232F110023170D00230F0900231E4C00E0074801231EB4FF630F090063170D00632F1100A3074F310000A307CF410000A3074F520000A307CF620000A3074F730000A307CF830000A3074F940000E7474000E64F4000A3070F40000080072100BFFF2C2140062000A30709400000E83F2000E9372000A30749940000A307C9830000A30749730000A307C9620000A30749520000A307C9410000A30749310000232F110023170D00230F0900231E4C00E0074801231EB4FF630F090063170D00632F1100A3074F310000A307CF410000A307FB
:FF8B08004F520000A307CF620000A3074F730000A307CF830000A3074F940000E7474000E64F4000A3070F40000080072100BFFF8C2040062000A30709400000E83F2000E9372000A30749940000A307C9830000A30749730000A307C9620000A30749520000A307C9410000A30749310000232F110023170D00230F0900231E4C00E00748018207210063370100013A033080FF52015F526252E115003A033080FF440160528215E32F030023370100C5060080402E803FB205402E80BFE5376034633701002357010042063F00E849C32528570100285F0500EA59C31DCA760300A20D4A0700004152EA59CA760300AAFDEA5982151C624B61EA61E3056A070100448D
:FF8C070052EA61CBFDEA59D3054A0700004152B5FD4842C5DDE639933526570100265F0500266709000C680A69CD760100BA1DCD760200DA0D0B6EFCFFEA69910D2A7701006C77010044524462EA59FBF50B6EFEFFEA69810D2A7700006C7700004252426285FDEA59830D0A6F00004C6F00004152416285FD4C32F5CD7F001F7080FF10016A3701000EF87F001F7080FF02010A682D5701002B066D4EC641EB5722020A5639306D5701009052CA56FF7F0EF87F0080074100C8062000E63F345BE0373453C8461F00A20DE85FC0000AE8E857C0008041E8EF80001D5940065F008007B800E62F030005408742C846FF00080601FFBA0DC5067F00EA05E62F01000152DA
:A28D0600602AD24502527F00C506FF7FFA05E64F0100604ABA050052A53D204E9600A849A7490938E700603AF7F50706E8FF960DC53E008066070000663F02001F527F00A43A2806709C03000728C22AC829C9460F00252F0100C8412906789C0300C84929470000C529C629254F000049412849603A654F0000E705262F0000660700000541C806FFFF1F2AE02F04537F002A066CABDEFE7F002506FFFFFF7F065045517F00E5
:FF8DA8008880DEFE0880DEFE78000004000000000002C1FF0000C1FF002002C1FF2000C1FF012402C1FF2400C1FF022802C1FF2800C1FF032C02C1FF2C00C1FF04C802C1FFC800C1FF05000003030800800000000905010000010000FF070000010000000000000000000000F0070000FF070000010000000000000000000000DF070000FF070000010000000000000000000000EF04FF0CFFFFFF1F010000000100000000000000EF08FF0CFFFFFF1F010000000100000000000000EF0AFF18FFFFFF1F010000000100000000000000EF11FF18FFFFFF1F010000000100000000000000EF0CFF0CFFFFFF1F010000000100000000000000EF00FF18FFFFFF1F010000B7
:FF8EA70000010000000000000000020000FF070000010000000000000000000000F0070000F1070000010000000000000000000000DF070000FF07000001000000000000000000000020020000FF0700000100000000000000A4A10200000000000000000000000000000000000000000003010000FF07000001000000000000000000000001010009FC8D030001010105B08E030001010201148F030000020301000A02000803000704010005010106010307010500000001040002030503030404030205040106030E07030D01FE07FE02FE1FFE03FE1FFE04FE07FE05FE07FE06FE1FFE07FE07FE08FE1FFE09FE07FE0AFE1FFE140000004600000091000000000581
:FF8FA6001000DF070000F0070000F1070000988F0300010004000201000010000000ACE80100F6E401000F010000110000001EEC0100BEE901000F000000140000000000000000ED01000F0000001900000000000000F0ED01000F00000022000000C8F10100D0EF01000F00000027000000000000002CF201000E000000280000000000000070FD0100010100002E00000000000000AAFE01000E0000003100000000000000FA0002000E0000003E00000000000000C80802000F00000085000000000000004C09020001010000010000002CDA01000302000000D2DA010003040000006EDC01000606000000C4DE0100060A00000020E1010002000000FFFFFF009823
:FF90A500F10900020000000003060F0300000000000000000000000000000099F10A00020000000003060F030000000000000000000000000000001E720100020000000001040F0100000000000000000000000000000086F101000200000000030F0F0000000000000000000000000000000090F11100020000000003060F03000000000000000000000000000000FFF10100020000000003040F0100000000000000000000000000000081F12000010090010001020F0000000000000000000000000000000081F02000012090010001020F000000000000000000000000000000008BF12000010000000001000F000000000000000000000000000000008CF1200033
:FF91A400010000000001000F0000000000000000000000000000000093F12000010000000001000F0000000000000000000000000000000087F12000010000000001000F0000000000000000000000000000000080F12000010000000001000F0000000000000000000000000000000000A002000200000000050005000000000000B89DDEFE01000000000001A002000200000000050005000000000000B99DDEFE010000000000017202000200000000050005000000000000BA9DDEFE0200000000000000000098F1010008000000000099F101000900000000001E7201000A000000000086F101000B000000000090F102000C0000000000FFF102000D00009001E0
:FF92A3000081F1FFFFFFFF2090010081F0FFFFFFFF000800008BF1FFFFFFFF200800008CF1FFFFFFFF4008000093F1FFFFFFFF8008000087F1FFFFFFFFA008000080F1FFFFFFFF0000000000000000000000000000000000000000000000000000000000000001000038E9010001000F000146E9010002000F00028AE9010004000F00038EE9010008000F0055A8EC01000103E0EC01000203ECEC010003030000009EDEFE06000100010404010103009EDEFE04000200050404010103C2FB01005AFC0100AAFB0100F0060000FF070000020000001000000000000000000000010800000000000000A0120200989EDEFE0000000001000000F0070000FF07000001005F
:FF93A20000001000000000000000000000010800000001000000A0120200B09EDEFE0000000001000000DF070000FF070000010000001000000000000000000000010800000002000000A0120200C89EDEFE00000000010000001007000010070000010000001000000000000000000000010800000003000000A0120200E09EDEFE0000000000000000F10700000000000001000000100000000000000000000000080000000400000000000000000000000000000001000000F10600000000000001000000100000000000000000000000080000000500000000000000000000000000000001000000010700000000000001000000100000000000000000000000082E
:FF94A10000000006000000000000000000000000000000000000000207000000000000010000001000000000000000000000000800000007000000000000000000000000000000000000004A0A00000000000000000000100000000100000000000000080000000800000000000000000000000000000000000000000000000100000016D2010000000000010000000100000016D2010000000000020000000100000016D2010000000000030000000100000006C201000000000004000000C80000000000000005000000C8000000000000000600000064006400F8BF010006000000640064005EC101000000000000000000000000000000000000000000000000008D
:FF95A00000000000000000000000000000001100010012000200130003001400040015000500160006001700070018000800190009001A000A000E000B000F000C00100000000000000000000000E800000000000000000000A001A001720272037204720A7200000000F89503000400000000000200FEFF00000000000000001E00030000000200000000000000F800EE02E204E2041A04C800F401EE02E204E2041A04C800F40100EE00000000F87C020000000000CAFE00000000147E020000000000CBFE000000006E7E020000000000CCFE00000000A07E020000000000CDFE00000000CC7E020000000000CFFE000000008A7F020000000000E5FE8085020000ED
:FF969F00000000E9FE80850200000000000027019902F303800481058F06900705088209EF0A1D0B2E0C0B0D190E210F17104711EC12FB00000000000000000000000000000000000000000000000000000000000000000000000000000000000000000000000000000000000000000000000000000000000000000000000000000000000000000000000000000000000000000000000000000000000000000000000000000000000000000000000000000000000000000000000000000000000000000000000000000000000000000000000000000000000000000000000000000000000000000000000000000000000000000000000000000000000000000000000015
:FF979E00000000000000000000000000000000000000000000000000000000000000000000000000000000000000000000000000000000000000000000000000000000000000000000000000000000000000000000000000000000000000000000000000000000000000000000000000000000000000000000000000000000000000000000000000000000000000000000000000000000000000000000000000000000000000000000000000000000000000000000000000000000000000000000000000000000000000000000000000000000000000000000000000000000000000000000000000000000000000000000000000000000000000000000000000000000CC
:FF989D00000000000000000000000000000000000000000000000000000000000000000000000000000000000000000000000000000000000000000000000000000000000000000000000000000000000000000000000000000000000000000000000000000000000000000000000000000000000000000000000000000000000000000000000000000000000000000000000000000000000000000000000000000000000000000000000000000000000000000000000000000000000000000000000000000000000000000000000000000000000000000000000000000000000000000000000000000000000000000000000000000000000000000000000000000000CC
:FF999C00000000000000000000000000000000000000000000000000000000000000000000000000000000000000000000000000000000000000000000000000000000000000000000000000000000000000000000000000000000000000000000000000000000000000000000000000000000000000000000000000000000000000000000000000000000000000000000000000000000000000000000000000000000000000000000000000000000000000000000000000000000000000000000000000000000000000000000000000000000000000000000000000000000000000000000000000000000000000000000000000000000000000000000000000000000CC
:FF9A9B0000000000000000000000000000000000000000000000000000000000000000000000000000000000000000000000000000000000000000000000000000040000000100010000000500000001000200000006000000010003000000070000000100040000000C000000040005000000080000000400060000001000000001000700000011000000040008000000040000000900090000000D0000000A000A0000001700000001000B0000001800000001000C0000000400000011000D0000001500000001000E0000000400000010000F000000140000000800100000001C0000000A001100000004000000450012000000490000004500130000008E00000077
:FE9B9A00450014000000D3000000450015000000180100004500160000005D010000450017000000A2010000450018000000E70100004500190000002C02000045001A000000710200004500000000000000000080000000A4B9DEFED4960300D49A030008000001000000800000004000000024BADEFE54970300249B030004000002000000C00000004000000064BADEFE949703004C9B0300020000030000008008000040000000A4BADEFED4970300609B030003000004000000C0080000C0020000E4BADEFE149803007E9B03000A000000000006010000000000000100000000000100030007000F001F003F007F00FF00FF01FF03FF07FF0FFF1FFF3FFF7F6B
:0C9C9800AC9C03001CC803000080DEFE32
:089CA40070ABDEFE58BEDEFECF
:FF9CAC00000000000000000000000000000000000000000000000000000000000000000000000000000000000000000000000000000000000000000000000000000000000000000000000000000000000000000000000000000000000000000000000000000000000000000000000000000000000000000000000000000000000000000000000000000000000000000000000000000000000000000000000000000000000000000000000000000000000000000000000000000000000000000000000000000000000000000000000000000000000000000000000000000000000000000000000000000000000000000000000000000000000000000000000000000000B9
:FF9DAB0000000000000000000000000000FFFF00000000000044332211000000000000000000000000000000000000000000000000000000000000000000000000000000000000000000000000000000000000000000000000000000000000000000000000000000000000000000000000000000000000000000000000000000000000000000000000000000000000000000000000000000000000000000000000000000000000000000000000000000000000000000000000000000000000000000000000000000000000000000000000000000000000000000000000000000000000000000000000000000000000000000000000000000000000000000000000000011
:FF9EAA00000000000000000000000000000000000000000000000000000000000000000000000000000000000000000000000000000000000000000000000000000000000000000000000000000000000000000000000000000000000000000000000000000000000000000000000000000000000000000000000000000000000000000000000000000000000000000000000000000000000000000000000000000000000000000000000000000000000000000000000000000000000000000000000000000000000000000000000000000000000000000000000000000000000000000000000000000000000000000000000000000000000000000000000000000000B9
:FF9FA900000000000000000000000000000000000000000000000000000000000000000000000000000000000000000000000000000000000000000000000000000000000000000000000000000000000000000000000000000000000000000000000000000000000000000000000000000000000000000000000000000000000000000000000000000000000000000000000000000000000000000000000000000000000000000000000000000000000000000000000000000000000000000000000000000000000000000000000000000000000000000000000000000000000000000000000000000000000000000000000000000000000000000000000000000000B9
:FFA0A800000000000000000000000000000000000000000000000000000000000000000000000000000000000000000000000000000000000000000000000000000000000000000000000000000000000000000000000000000000000000000000000000000000000000000000000000000000000000000000000000000000000000000000000000000000000000000000000000000000000000000000000000000000000000000000000000000000000000000000000000000000000000000000000000000000000000000000000000000000000000000000000000000000000000000000000000000000000000000000000000000000000000000000000000000000B9
:FFA1A700000000000000000000000000000000000000000000000000000000000000000000000000000000000000000000000000000000000000000000000000000000000000000000000000000000000000000000000000000000000000000000000000000000000000000000000000000000000000000000000000000000000000000000000000000000000000000000000000000000000000000000000000000000000000000000000000000000000000000000000000000000000000000000000000000000000000000000000000000000000000000000000000000000000000000000000000000000000000000000000000000000000000000000000000000000B9
:FFA2A600000000000000000000000000000000000000000000000000000000000000000000000000000000000000000000000000000000000000000000000000000000000000000000000000000000000000000000000000000000000000000000000000000000000000000000000000000000000000000000000000000000000000000000000000000000000000000000000000000000000000000000000000000000000000000000000000000000000000000000000000000000000000000000000000000000000000000000000000000000000000000000000000000000000000000000000000000000000000000000000000000000000000000000000000000000B9
:FFA3A500000000000000000000000000000000000000000000000000000000000000000000000000000000000000000000000000000000000000000000000000000000000000000000000000000000000000000000000000000000000000000000000000000000000000000000000000000000000000000000000000000000000000000000000000000000000000000000000000000000000000000000000000000000000000000000000000000000000000000000000000000000000000000000000000000000000000000000000000000000000000000000000000000000000000000000000000000000000000000000000000000000000000000000000000000000B9
:FFA4A400000000000000000000000000000000000000000000000000000000000000000000000000000000000000000000000000000000000000000000000000000000000000000000000000000000000000000000000000000000000000000000000000000000000000000000000000000000000000000000000000000000000000000000000000000000000000000000000000000000000000000000000000000000000000000000000000000000000000000000000000000000000000000000000000000000000000000000000000000000000000000000000000000000000000000000000000000000000000000000000000000000000000000000000000000000B9
:FFA5A300000000000000000000000000000000000000000000000000000000000000000000000000000000000000000000000000000000000000000000000000000000000000000000000000000000000000000000000000000000000000000000000000000000000000000000000000000000000000000000000000000000000000000000000000000000000000000000000000000000000000000000000000000000000000000000000000000000000000000000000000000000000000000000000000000000000000000000000000000000000000000000000000000000000000000000000000000000000000000000000000000000000000000000000000000000B9
:FFA6A200000000000000000000000000000000000000000000000000000000000000000000000000000000000000000000000000000000000000000000000000000000000000000000000000000000000000000000000000000000000000000000000000000000000000000000000000000000000000000000000000000000000000000000000000000000000000000000000000000000000000000000000000000000000000000000000000000000000000000000000000000000000000000000000000000000000000000000000000000000000000000000000000000000000000000000000000000000000000000000000000000000000000000000000000000000B9
:FFA7A100000000000000000000000000000000000000000000000000000000000000000000000000000000000000000000000000000000000000000000000000000000000000000000000000000000000000000000000000000000000000000000000000000000000000000000000000000000000000000000000000000000000000000000000000000000000000000000000000000000000000000000000000000000000000000000000000000000000000000000000000000000000000000000000000000000000000000000000000000000000000000000000000000000000000000000000000000000000000000000000000000000000000000000000000000000B9
:FFA8A000000000000000000000000000000000000000000000000000000000000000000000000000000000000000000000000000000000000000000000000000000000000000000000000000000000000000000000000000000000000000000000000000000000000000000000000000000000000000000000000000000000000000000000000000000000000000000000000000000000000000000000000000000000000000000000000000000000000000000000000000000000000000000000000000000000000000000000000000000000000000000000000000000000000000000000000000000000000000000000000000000000000000000000000000000000B9
:FFA99F00000000000000000000000000000000000000000000000000000000000000000000000000000000000000000000000000000000000000000000000000000000000000000000000000000000000000000000000000000000000000000000000000000000000000000000000000000000000000000000000000000000000000000000000000000000000000000000000000000000000000000000000000000000000000000000000000000000000000000000000000000000000000000000000000000000000000000000000000000000000000000000000000000000000000000000000000000000000000000000000000000000000000000000000000000000B9
:FFAA9E00000000000000000000000000000000000000000000000000000000000000000000000000000000000000000000000000000000000000000000000000000000000000000000000000000000000000000000000000000000000000000000000000000000000000000000000000000000000000000000000000000000000000000000000000000000000000000000000000000000000000000000000000000000000000000000000000000000000000000000000000000000000000000000000000000000000000000000000000000000000000000000000000000000000000000000000000000000000000000000000000000000000000000000000000000000B9
:FFAB9D00000000000000000000000000000000000000000000000000000000000000000000000000000000000000000000000000000000000000000000000000000000000000000000000000000000000000000000000000000000000000000000000000000000000000000000000000000000000000000000000000000000000000000000000000000000000000000000000000000000000000000000000000000000000000000000000000000000000000000000000000000000000000000000000000000000000000000000000000000000000000000000000000000000000000000000000000000000000000000000000000000000000000000000000000000000B9
:FFAC9C00000000000000000000000000000000000000000000000000000000000000000000000000000000000000000000000000000000000000000000000000000000000000000000000000000000000000000000000000000000000000000000000000000000000000000000000000000000000000000000000000000000000000000000000000000000000000000000000000000000000000000000000000000000000000000000000000000000000000000000000000000000000000000000000000000000000000000000000000000000000000000000000000000000000000000000000000000000000000000000000000000000000000000000000000000000B9
:FFAD9B00000000000000000000000000000000000000000000000000000000000000000000000000000000000000000000000000000000000000000000000000000000000000000000000000000000000000000000000000000000000000000000000000000000000000000000000000000000000000000000000000000000000000000000000000000000000000000000000000000000000000000000000000000000000000000000000000000000000000000000000000000000000000000000000000000000000000000000000000000000000000000000000000000000000000000000000000000000000000000000000000000000000000000000000000000000B9
:FFAE9A00000000000000000000000000000000000000000000000000000000000000000000000000000000000000000000000000000000000000000000000000000000000000000000000000000000000000000000000000000000000000000000000000000000000000000000000000000000000000000000000000000000000000000000000000000000000000000000000000000000000000000000000000000000000000000000000000000000000000000000000000000000000000000000000000000000000000000000000000000000000000000000000000000000000000000000000000000000000000000000000000000000000000000000000000000000B9
:FFAF9900000000000000000000000000000000000000000000000000000000000000000000000000000000000000000000000000000000000000000000000000000000000000000000000000000000000000000000000000000000000000000000000000000000000000000000000000000000000000000000000000000000000000000000000000000000000000000000000000000000000000000000000000000000000000000000000000000000000000000000000000000000000000000000000000000000000000000000000000000000000000000000000000000000000000000000000000000000000000000000000000000000000000000000000000000000B9
:FFB09800000000000000000000000000000000000000000000000000000000000000000000000000000000000000000000000000000000000000000000000000000000000000000000000000000000000000000000000000000000000000000000000000000000000000000000000000000000000000000000000000000000000000000000000000000000000000000000000000000000000000000000000000000000000000000000000000000000000000000000000000000000000000000000000000000000000000000000000000000000000000000000000000000000000000000000000000000000000000000000000000000000000000000000000000000000B9
:FFB1970000000000000000000000000000000000000000000000000000000000000000000000000000000000000000000002000000040000000200000004000000020000000400000000000102030405060708090032000000D0070000320000008813000000000000040001000000000000000000000000000000000000000000000000000000000000000000000000000000000000000000000000000000000000000000000000000000000000000000000000000000000000000000000000000000000000000000000000000000000000000000000000000000000000000000000000000000000000000000000000000000000000000000000000000000000000009F
:FFB29600000000000000000000000000000000000000000000000000000000000000000000000000000000000000000000000000000000000000000000000000000000000000000000000000000000000000000000000000000000000000000000000000000000000000000000000000000000000000000000000000000000000000000000000000000000000000000000000000000000000000000000000000000000000000000000000000000000000000000000000000000000000000000000000000000000000000000000000000000000000000000000000000000000000000000000000000000000000000000000000000000000000000000000000000000000B9
:FFB39500000000000000000000000000000000000000000000000000000000000000000000000000000000000000000000000000000000000000000000000000000000000000000000000000000000000000000000000000000000000000000000000000000000000000000000000000000000000000000000000000000000000000000000000000000000000000000000000000000000000000000000000000000000000000000000000000000000000000000000000000000000000000000000000000000000000000000000000000000000000000000000000000000000000000000000000000000000000000000000000000000000000000000000000000000000B9
:FFB49400000000000000000000000000000000000000000000000000000000000000000000000000000000000000000000000000000000000000000000000000000000000000000000000000000000000000000000000000000000000000000000000000000000000000000000000000000000000000000000000000000000000000000000000000000000000000000000000000000000000000000000000000000000000000000000000000000000000000000000000000000000000000000000000000000000000000000000000000000000000000000000000000000000000000000000000000000000000000000000000000000000000000000000000000000000B9
:FFB59300000000000000000000000000000000000000000000000000000000000000000000000000000000000000000000000000000000000000000000000000000000000000000000000000000000000000000000000000000000000000000000000000000000000000000000000000000000000000000000000000000000000000000000000000000000000000000000000000000000000000000000000000000000000000000000000000000000000000000000000000000000000000000000000000000000000000000000000000000000000000000000000000000000000000000000000000000000000000000000000000000000000000000000000000000000B9
:FFB69200000000000000000000000000000000000000000000000000000000000000000000000000000000000000000000000000000000000000000000000000000000000000000000000000000000000000000000000000000000000000000000000000000000000000000000000000000000000000000000000000000000000000000000000000000000000000000000000000000000000000000000000000000000000000000000000000000000000000000000000000000000000000000000000000000000000000000000000000000000000000000000000000000000000000000000000000000000000000000000000000000000000000000000000000000000B9
:FFB79100000000000000000000000000000000000000000000000000000000000000000000000000000000000000000000000000000000000000000000000000000000000000000000000000000000000000000000000000000000000000000000000000000000000000000000000000000000000000000000000000000000000000000000000000000000000000000000000000000000000000000000000000000000000000000000000000000000000000000000000000000000000000000000000000000000000000000000000000000000000000000000000000000000000000000000000000000000000000000000000000000000000000000000000000000000B9
:FFB89000000000000000000000000000000000000000000000000000000000000000000000000000000000000000000000000000000000000000000000000000000000000000000000000000000000000000000000000000000000000000000000000000000000000000000000000000000000000000000000000000000000000000000000000000000000000000000000000000000000000000000000000000000000000000000000000000000000000000000000000000000000000000000000000000000000000000000000000000000000000000000000000000000000000000000000000000000000000000000000000000000000000000000000000000000000B9
:FFB98F00000000000000000000000000000000000000000000000000000000000000000000000000000000000000000000000000000000000000000000000000000000000000000000000000000000000000000000000000000000000000000000000000000000000000000000000000000000000000000000000000000000000000000000000000000000000000000000000000000000000000000000000000000000000000000000000000000000000000000000000000000000000000000000000000000000000000000000000000000000000000000000020308090000000000000000000100000000000000000000000000000000000000000000000000000000A2
:FFBA8E0000000000000000000000E9E7E6E5B2A292A3904856D2000000000000000010270000010000005CBF01000200000092BF01000300000094BF010001010000000000000000000000000000000000000407020001FF04040404000A00000100010000011007020001FE04040404000400000000010000011C07020001F004040404000E03000100010100018E08020002FE04040404000A0300000001010001000000000000000000000000010100000000090004000000000000000000000000000000000000000000000000000000000000000000000000000000000000000000000000000000000000000000000000000000000000000000000000000000003A
:FFBB8D000000000000000000000000000000000000000000000000000000000000000000000000000000000000000000000000000000000000000000000000000000000000000000000000000000000000000000000000000000000000000000000000000007040000000000000000000000000000000000000000000000000000000000000000000000000000000000000000000000000000000008C2360200783202001086360200EC320200204A3602005E330200400E360200D033020080D2350200423402000000000000000000000000000000000000000000000000000000000A0000000000000000000000000000000000000000000000000000000000000047
:FFBC8C00000000000000000000000000000000000000000000000000000000000000000000000000000000000000000000000000000000000000000000000000000000000000000000000000000000000000000000000000000000000000000000000000000000000000000000000000000000000000000000000000000000000000000000000000000000000000000000000000000000000000000000000000000000000000000000000000000000000000000000000000000000000000000000000000000000000000000000000000000000000000000000000000000000000000000000000000000000000000000000000000000000000000000000000000000000B9
:FFBD8B00000000000000000000000000000000000000000000000000000000000000000000000000000000000000000000000000000000000000000000000000000000000000000000000000000000000000000000000000000000000000000000000000000000000000000000000000000000000000000000000000000000000000000000000000000000000000000000000000000000000000000000000000000000000000000000000000000000000000000000000000000000000000000000000000000000000000000000000000000000000000000000000000000000000000000000000000000000000000000000000000000000000000000000000000000000B9
:FFBE8A00000000000000000000000000000000000000000000000000000000000000000000000000000000000000000000000000000000000000000000000000000000000000000000000000000000000000000000000000000000000000000000000000000000000000000000000000000000000000000000000000000000000000000000000000000000000000000000000000000000000000000000000000000000000000000000000000000000000000000000000000000000000000000000000000000000000000000000000000000000000000000000000000000000000000000000000000000000000000000000000000000000000000000000000000000000B9
:FFBF8900000000000000000000000000000000000000000000000000000000000000000000000000000000000000000000000000000000000000000000000000000000000000000000000000000000000000000000000000000000000000000000000000000000000000000000000000000000000000000000000000000000000000000000000000000000000000000000000000000000000000000000000000000000000000000000000000000000000000000000000000000000000000000000000000000000000000000000000000000000000000000000000000000000000000000000000000000000000000000000000000000000000000000000000000000000B9
:FFC08800000000000000000000000000000000000000000000000000000000000000000000000000000000000000000000000000000000000000000000000000000000000000000000000000000000000000000000000000000000000000000000000000000000000000000000000000000000000000000000000000000000000000000000000000000000000000000000000000000000000000000000000000000000000000000000000000000000000000000000000000000000000000000000000000000000000000000000000000000000000000000000000000000000000000000000000000000000000000000000000000000000000000000000000000000000B9
:FFC18700000000000000000000000000000000000000000000000000000000000000000000000000000000000000000000000000000000000000000000000000000000000000000000000000000000000000000000000000000000000000000000000000000000000000000000000000000000000000000000000000000000000000000000000000000000000000000000000000000000000000000000000000000000000000000000000000000000000000000000000000000000000000000000000000000000000000000000000000000000000000000000000000000000000000000000000000000000000000000000000000000000000000000000000000000000B9
:FFC28600000000000000000000000000000000000000000000000000000000000000000000000000000000000000000000000000000000000000000000000000000000000000000000000000000000000000000000000000000000000000000000000000000000000000000000000000000000000000000000000000000000000000000000000000000000000000000000000000000000000000000000000000000000000000000000000000000000000000000000000000000000000000000000000000000000000000000000000000000000000000000000000000000000000000000000000000000000000000000000000000000000000000000000000000000000B9
:FFC38500000000000000000000000000000000000000000000000000000000000000000000000000000000000000000000000000000000000000000000000000000000000000000000000000000000000000000000000000000000000000000000000000000000000000000000000000000000000000000000000000000000000000000000000000000000000000000000000000000000000000000000000000000000000000000000000000000000000000000000000000000000000000000000000000000000000000000000000000000000000000000000000000000000000000000000000000000000000000000000000000000000000000000000000000000000B9
:FFC48400000000000000000000000000000000000000000000000000000000000000000000000000000000000000000000000000000000000000000000000000000000000000000000000000000000000000000000000000000000000000000000000000000000000000000000000000000000000000000000000000000000000000000000000000000000000000000000000000000000000000000000000000000000000000000000000000000000000000000000000000000000000000000000000000000000000000000000000000050000000000000000000000000000000000000000000000000000000000000000000000000000000000000000000000000000B4
:FFC58300000000000000000000000000000000000000000000000000000000000000000000000000000000000000000000000000000000000000000000000000000000000000000000000000000000000000000000000000000000000000000000000000000000000000000000000000000000000000000000000000000000000000000000000000000000000000000000000000000000000000000000000000000000000000000000000000000000000000000000000000000000000000000000000000000000000000000000000000000000000000000000000000000000000000000000000000000000000000000000000000000000000000000000000000000000B9
:FFC6820000000000000000000000000000000000000000000000000000000000000000000000000000000000000000000000000000000000000000000000000000000000000000000000000000000000000000000000000000000000000000000000000000000000000000000000000000000000000000000000000000000000000000000000000000000000000000000000000000000000000000000000000000000000000000000000000000000000000000000000000000000000000000000000000000000000000000000000000000000000000000000000000000000000000000000000000000000000000000000000EAA202000A00000024A202000A000000B49B
:9BC78100A202000A00000024A402000A00000030A502000A00000054A502000A00000024A202000000000000000000000000000101010101010101020202020202020200000000000000000000000000000000000000000000000000000000000000000000000000000000000000000000000000000000000000000000000000000000000000000100000101020203030404050506060707000000010000009B
:FFC81C00265701007F00865701007F00E65701007F00463F00007F00663F00007F00663F01007F0027160010202E00F04511A711262F0100E511E22F2213661701007F004016DFFE221759C0E22F0700C62AE2570500C652E2170300C6125F12603AE22DC6395F3AE639A12D405EDFFE2B5F8DC0EB39C9255F4A66499A25602ACA05002A01528515CA295F2AE651EB05E539CB0501520A28F505EA39B1F5E62991F5002A04526242DA05602AAA0D04527F006142DA05E239BB05612AAA0504527F008007210E06A007A826063000A1FFBFFF34FF0AB026063400A1FFBFFF28FFB6510A3E0400163014401548BFFF58FF6452ED57045340063F0E265701004751EA39F258
:FFC91B00055F42AAFD015269570100B505690701007F0082072100203EB3004036A2FFBFFFF4FE4016DFFE221759C0E2170100E81744022246120020161300E24782020348803E008026068000A1FF265701004751EA39F2055F42AAFD015269570100B50569070100231701006012ED17145342063F008007210026068000A1FFBFFF84FECA060040F20D26061000A1FFBFFF7AFE5052820D203E100026061000A1FFBFFF74FE203E50004036A2FFBFFF68FE40063F00800721006032AA0D203E880026061400A1FFBFFF4EFE40063F00203E9900F5F58007210807A0BFFF28FE74570100005240063F088207210C06A00338260670020301BFFFDEFF0AAE0000EA0D33
:FFCA1A00231701002236C800BFFFFAFDCA52220600FCFF03425174570100155042063F0C840721CF4016DFFE221759C0E2A70100233E0400260618020301BFFF9AFF23AF050088AA6052EA073101D516FF00020601FFE2072501233E0400260638020301BFFF74FF220640420F0023B70500E2B7FE026052FA0D233E0400260634020301BFFF54FF220640420F0023BF0500E2BFFE02950063AADB3D6052BA0D23AE04002606640203011538BFFF2CFF15AF00006052FA0D233E0400260674020301BFFF16FF220640420F0023C70500E2C7FE026052FA050338260670020301BFFFF8FE0AC860CAEA45231701002236D400BFFF14FD2206FFFFFF00425122063031306A
:FFCB190000E2514016DFFE8A3525060060C6FFF52D6052BA0D23AE04002606640203011538BFFFB4FE15AF01006052FA0D233E0400260678020301BFFF9EFE390640420F0023C70500F9C7FE026052B2050AC89515390658C0DEFE393E3800260688020301BFFF74FEC5F52506002CC6FF622F91C060CAC205195044063FCFF6A1B105F7A1B305035295FDD516FF00020601FFA20D9500D5A180C6FFFFD8A1D400F5A7820214C0383E001EC7002606E400A1FFBFFF6CFC95E501527F0000527F008207210C06A60000CA1526068000A1FFBFFF36FCCA060070B205BFFF9EFD343E00AAC70026068400A1FFBFFF34FCE52526068400A1FFBFFF1CFC63570200E31703008A
:FFCC1800C20601009A25E3170300E2A1E215343E00AAC70026068400A1FFBFFF02FC00AA26063000A1FF1538BFFFFAFB26063400A1FF1538BFFFEEFB4016DFFE62A79CC0005242063F0C055242063F0C8207210C06A035068400A1FF1530BFFFB6FB635702001530BFFFACFB63570200E3170300E2A1EA57000042063F0C840721002606D400A1FFBFFF86FB43570300C3C70300D2154016DFFE221781C0221701006212DA0D2606D800A1FFBFFF5CFB4016DFFE625789C0095244063F0026068000A1FFBFFF44FB6357050023170500C2060010B2050752D52523170500C2060020B2050852E51D23170500C2060001B20D4016DFFE221781C0221701006112BA050155
:FFCD170052F50D23170500C2060002920D4016DFFE221781C0221701006012A2F5005244063F00820721EF06A007A808B009B826063000A1FFBFFFEEFAD6A9153EFFFF26063400A1FFBFFFDEFA40AEA2FF203EE8001530BFFFCAFA16C081C2D83EFFFF1530BFFFBCFA01AA00CAF51D14360100BFFF9CFA0AD01430BFFF94FAC8D21A380A394036A2FFBFFF98FA26068000A1FFBFFF76FA6357010023170100C2060004EDAF14AB41CA42A2F8C991E561AA8A0D1EAA163855391730BFFF0CFB0AA861AAAA0D203ED0004036A2FFBFFF54FA155042063FEFBFFF44FB6052F557245342063FEF8007210E061007A008A809B026063000A1FF0238BFFF2EFA26063400A1FFB0
:FFCE16001438BFFF22FA4036A2FF1538BFFF0CFA043A1630BFFFB0FA61520AA0AA0D203ED0004036A2FFBFFFF2F9145040063F0EBFFFE8FA6052F457245340063F0E800721CF06A007A808B034BF010040C6DFFE383791C04832013ABFFFC0F9381791C022361400BFFFA8F90AC8381791C02236140000C21838BFFFA2F957BE20FFC2B2D7B11730BFFF82F915300A38BFFF98F94016DFFE223791C04432BFFF6CF96052921DCA060200F20557C6E00074C701000CC2850D60C2EA0557C6E00074C701000BC24016DFFE223791C04832013ABFFF4AF944AA44BA6CC2B205F6B9B1D54016DFFE221791C0223614001938BFFF2CF9185040063FCF8207210806A0260680BC
:FFCF150000A1FFBFFF04F9635701002317010061A2FA05C2060001A20D005242063F08C2060003C205005242063F08015242063F088207210026068000A1FFBFFFCCF863570100231701008B12C256010042063F0080072100203EB0004036A2FFBFFFC2F840063F008207210026068000A1FFBFFF98F86357010023170100C2060003EA57000042063F0080072100203ED0004036A2FFBFFF8CF840063F008207210026068000A1FFBFFF62F86357010023570100CA008F5242063F008207210026068000A1FFBFFF44F8635701002206AA400200232F01006229B2050D52950D23170100C2064000BA050052A505055242063F00800721004016DFFE2217B9C063127D
:FFD014009A1D4016DFFEE2379DC0BFFF46FC6052BA454016DFFEE2179DC0020680FF9A15803E00AA26068400A1FFBFFFF6F7042AF51D6412EA0D0032BFFF18FC6052CA2D4016DFFE052A622FB9C0005240063F0061129A0D220658C0DEFE62076500022A622F6100BFFF38FF61529A0D032A4016DFFE622FB9C0015240063F00BFFFB6FE6152AA0DBFFFCEFE01524016DFFE6257BDC040063F00015240063F00800721004016DFFE2217B9C06512FA154016DFFEE2179DC0020680FF8A2D803E80AA26068400A1FFBFFF5CF74016DFFE062A622FB9C0015240063F006612B2050652B51D20368000BFFF6CFB6052B2050152B5154016DFFE2217BDC06112FA05BFFF6A56
:FFD11300FE6152BA05BFFF84FE4016DFFE012A622FB9C0005240063F008007210E00A2350658C0DEFE06B0F505003A1530BFFFEEF641A241AA20166800E2A1F1F54016DFFE6207B5C060B2822D220658C0DEFE62B7010062072500620729006207510062075500620759006207440062072D00012A622F610022170100E22F0300602AC20DE2370500E2170700C231C600412AE531B9050052A505035260528A0D4016DFFE250654555555622FB5C040063F0E8207210806126317010006A60000A26D4016DFFE221781C060129A5580FFD40A6152DA4D4016DFFE2217B5C0250654555555E511DA153417010065128A4520368000BFFFD2F96357010060528A3D0112DD
:FFD2120063170100402EDFFE651785C08535250655555555E511C20D250657555555E511EA254016DFFE2217A9C060128A253417010065129B1DC112E20650D20300E505D505A50D950D8515D50D34370100BFFFACFC6152CA0D01420338143080FF4808E5050612A5050A1263170100231701006112EA054016DFFE62A781C0F505740711004016DFFE620785C0231701007417150042063F08800721084016DFFE2217A9C0611206A0B2050152D5454016DFFEE2379DC0BFFF9EF96052B2050052B53D4016DFFEE2179DC0020680FFFA15BFFF4EF66052B2050D12A5150032BFFFE8F8220658C0DEFE0E2A622F4D0001527457010009A262A72D00D5050E12741701BA
:FFD31100000052220658C0DEFE620751006207550062075900250655555555622F5D00221725006012820D0E2A622F15004016DFFE62077DC040063F08800721004016DFFE2217ADC06112CA15BFFFECFB61528A15BFFF04FC220658C0DEFE62075500250656555555622F5D00005240063F00015240063F00800721004016DFFE221781C06012B2050152C57D4016DFFE2217B1C061129AFD220658C0DEFE62075900221749006112CA1520368000BFFF1AF86052FA1D220658C0DEFE052A622F2D00250655555555622F5D000152D5356012EA25220658C0DEFE222F150022171D00E229D91D20368000BFFFDEF76052820D4016DFFE22177DC062571500C51D220673
:FFD4100058C0DEFE062A622F2D00015262574900250655555555622F5D00E50D220658C0DEFE250655555555622F5D00221749006617010000524016DFFE2217B5C0250657555555E511D21D220658C0DEFE222F2500622F290001326537150062072500222F1500622F0500222F1900622F0900222F1D00622F0D00222F2100622F110040063F008007210E06A0BFFF34FB0AAE0000A21DBFFFEAF400B21630BFFF2AF71630BFFFB2F76152AA0D220658C0DEFE092A622F2D0062AF4D0001AA74AF0100005240063F0E015240063F0E8007210C06A0BFFFB0F774570100BFFFA4F44016DFFE2217ADC06112BA0D220658C0DEFE62075500250656555555622F5D004037
:FFD50F0016DFFE2217B5C0250656555555E511EA3D34170100402EDFFE6517A1C000AA1530BFFFA6F61530BFFF2EF760529A15021274170100340658C0DEFE341729007417250022065755555574175D00950D0112741701004016DFFE082A622F85C0220658C0DEFE222F0500622F1500222F0900622F1900222F0D00622F1D00222F1100622F2100005240063F0C015240063F0C8207210C4016DFFE221781C022170100262F0100602A06A0C205015242063F0C250658C0DEFE25370500252F0D00E531D9F5350658C0DEFE6112DA1D044263470100354F1100353F050035370900BFFF4CF77457010035170500232F0100C5117517050035170900232F0100C511CA
:FFD60E0075170900E5356012AA1535370500354F1100263E3F0020462000BFFFD0F7745701003517050022164000952535170500352F0D00412AA229632F0100353F05000330BFFFF0F135370500354F1100233F0100C6395F3A20467100BFFF90F77457010035170500232F0100C51175170500341701006112BA050052A59D00AA1530BFFF48F51530BFFFD0F56152EAF5220658C0DEFE092A622F2D00342F0100622F4D0001127417010085ED8007210C4016DFFE221785C0601206A0B2056712BA050152C50D4016DFFEE2379DC0BFFF8AF5745701006052C205005240063F0C4016DFFE221785C05F126812BBEDC212E20602D70300800724008007580080079A94
:FFD70D00008007DA008007360180073601BF07B4FF8007520180073E014016DFFE223781C0261701006512FA0DBFFFF8F10AA80032BFFF98F460AABA454016DFFE022A622F85C0E5450042143880FF600340063F0C0032BFFF6EF2BFFF6EF47457010060529A1520368000BFFF62F47457010060529A0D0112741701004016DFFE032A622F85C034A7010061A282AD0132BFFF34F2005240063F0CBFFF8AF10AA8BFFFE4F10032BFFF26F40132BFFF18F260AAFA054016DFFE042A622F85C0A50D220658C0DEFE092A622F2D000D2A622F4D00011274170100005240063F0CBFFFE6F3745701006152EA1D220658C0DEFE22363400BFFF04F2745701006052BA152206D0
:FFD80C0058C0DEFE222F0100E52F0300221735008612E229CB05BFFF18F2A5050352745701006052FA07B7FE40A6DFFE2206555555557417B5C0005240063F0CBFFF54F74016DFFE072A622F85C001527457010040063F0C220658C0DEFE62072D0022174D0085BD021274170100220658C0DEFE222F2900622F2500250657555555622F5D00BF0758FE8207210801126317010080FF16046152DA554016DFFE221781C06012DA0D4016DFFE2217B1C06112F2054016DFFE2217A9C06112BA450330BFFFDEF96152BA05BFFF78FA6152CA050330BFFFAAFA6152CA050330BFFFD2FD6152BA05BFFFC2F66152CA050330BFFF9CFB6152CA050330BFFFDAFB6152CA05030D
:FFD90B0030BFFF94FC6152FA1500A21430BFFFBEF21430BFFF46F36152EA0D220658C0DEFE092A622F2D00232F0100622F4D00011263170100233701006132B20580FF180342063F082A06FCDC03007F008007210080FF56036152CA254016DFFE221781C06012E21D4016DFFE22177DC060128A1D4016DFFE2217B5C0250655555555E511FA0D4016DFFE2217A9C060129A0D4016DFFE012A622FADC0005240063F00065240063F008007210080FFFE0261528A1D4016DFFE2217B5C0250657555555E511FA0D4016DFFE2217A9C060129A0D4016DFFE012A622FB1C0005240063F00065240063F00800721004016DFFE2217B5C06012D20D4016DFFE2217B9C065120B
:FFDA0A00F2056612D205BFFFF6F540063F00065240063F0080072100BFFF8EF640063F008007210080FF84026152B2050652D53D4016DFFE2217B5C0250654555555E511E2F54016DFFE2217A9C060128AF54016DFFE2217B5C0250657555555E511CA0D4016DFFE221781C06012EA0520368000BFFF5CF1B5154016DFFE2217B5C0250655555555E511B2050052850D4016DFFE221781C060129AFD06526052EA054016DFFE012A622FA9C040063F008507E1FF2617090063170500E6A70D0026AF010026B7110026BF0500012A672F010060AA08C007C806D0DA0DC612631705002016400063170100C6A220DE200001BA951DC2A262AABA0D63A7010003300238BF43
:FFDB0900FF38ED20DE710001BAC50D61AAFA0504DA63DF010020DEE800C50563A7010000DA2337050023E70100C6E11CEEFFFF61C2B20501F2D50D60BABA050452E505044A14381640BFFF0EED7957010000F2391701006112EA7D63AAAA1DD70603009A1514408242233604001738BFFFE0F27957010023A705007AA709001E504506FFFF04A279A701001E504506FFFF61C28A1D20368000BFFF38F07957010060528A1520368000BFFFB6F0795701006052BA0501F2E5054016DFFE012A622F85C061F28A4D60AAB20562AABA0D233705001D381B401648BFFF1AF279570100A51523470100233F050017301648BFFF46F17957010023170100C2B94016DFFE62BF13
:F2DC080061C0391701006112CA15390658C0DEFE071279172D0079E7050023170500D4115F1279170D0079B711001E504506FFFF00F21E30BFFF9AEF39170100250658C0DEFE65174D00091265172D000112791701001E504506FFFF4016DFFE222F81C065371500221781C0221701006212CA0D6932AA0D220658C0DEFE222F310022172900622F0900220658C0DEFE222F2900650711006207290062072D006D32DA054016DFFE6207B5C07F004016DFFE2217B5C02506ACAAAAAAC229622AB10D250656555555E511E205250657555555E511FA054016DFFE2217B9C06112B20500527F0001527F0080072100BFFF3AF440063F00BC
:13DCFC00444838353054303178787878787856323133007B
:00000001FF
