:02000004FEDE1E
:10400000E002DC5D00000000000000000000000095
:104010001F00E002505D00000000000000000000F2
:10402000E002465D0000000000000000000000000B
:10403000E0023A5D00000000000000000000000007
:10404000E0024E5D000000000000000000000000E3
:10405000E002425D000000000000000000000000DF
:10406000E0020E5D00000000000000000000000003
:104070001F00E002245D00000000000000000000BE
:10408000E002F25C00000000000000000000000000
:10409000E002E65C000000000000000000000000FC
:1040A000E002DA5C000000000000000000000000F8
:1040B000E002CE5C000000000000000000000000F4
:1040C000E002C25C000000000000000000000000F0
:1040D000E002B65C000000000000000000000000EC
:1040E0001F00E002F85C000000000000000000007B
:1040F0001F00E002985C00000000000000000000CB
:104100001F00E002985C00000000000000000000BA
:104110001F00E0028C5C00000000000000000000B6
:104120001F00E002805C00000000000000000000B2
:104130001F00E002745C00000000000000000000AE
:104140001F00E002685C00000000000000000000AA
:104150001F00E0025C5C00000000000000000000A6
:104160001F00E002505C00000000000000000000A2
:104170001F00E002445C000000000000000000009E
:104180001F00E002385C000000000000000000009A
:104190001F00E0022C5C0000000000000000000096
:1041A0001F00E002205C0000000000000000000092
:1041B0001F00E002145C000000000000000000008E
:1041C0001F00E002085C000000000000000000008A
:1041D0001F00E002FC5B0000000000000000000087
:1041E0001F00E002F05B0000000000000000000083
:1041F0001F00E002E45B000000000000000000007F
:104400003E52DEFE4052DEFE4252DEFE4452DEFEF0
:104410004652DEFE4852DEFE4A52DEFE4C52DEFEC0
:104420004E52DEFE5052DEFE5252DEFE5452DEFE90
:104430005652DEFE5852DEFE5A52DEFE5C52DEFE60
:104440005E52DEFE6052DEFE6252DEFE6452DEFE30
:104450006652DEFE6852DEFE6A52DEFE50C2DEFEAC
:104460006E52DEFE52C2DEFE7252DEFE7452DEFE7E
:104470007652DEFE7852DEFE7A52DEFE7C52DEFEA0
:104480007E52DEFE8052DEFE8252DEFE8452DEFE70
:104490008652DEFE8852DEFE8A52DEFE8C52DEFE40
:1044A0008E52DEFE9052DEFE9252DEFE9452DEFE10
:1044B0009652DEFE9852DEFE9A52DEFE9C52DEFEE0
:1044C0009E52DEFEA052DEFEA252DEFEA452DEFEB0
:1044D000A652DEFEA852DEFEAA52DEFEAC52DEFE80
:1044E000AE52DEFEB052DEFEB252DEFEB452DEFE50
:1044F000B652DEFEB852DEFEBA52DEFEBC52DEFE20
:10450000BE52DEFEC052DEFEC252DEFEC452DEFEEF
:10451000C652DEFEC852DEFECA52DEFECC52DEFEBF
:10452000CE52DEFED052DEFED252DEFED452DEFE8F
:10453000D652DEFED852DEFEDA52DEFEDC52DEFE5F
:10454000DE52DEFEE052DEFEE252DEFEE452DEFE2F
:10455000E44CDEFEE852DEFEEA52DEFEEC52DEFE07
:10456000EE52DEFEF052DEFEF252DEFEF452DEFECF
:10457000F652DEFEF852DEFEFA52DEFEFC52DEFE9F
:10458000FE52DEFE0053DEFE0253DEFE0453DEFE6C
:104590000653DEFE0853DEFE0A53DEFE0C53DEFE3B
:1045A0000E53DEFE1053DEFE1253DEFE1453DEFE0B
:1045B0001653DEFE1853DEFE1A53DEFE1C53DEFEDB
:1045C0001E53DEFE2053DEFEAAC4DEFE2453DEFEB2
:1045D0002653DEFE2853DEFE2A53DEFE2C53DEFE7B
:1045E0002E53DEFE3053DEFE3253DEFE3453DEFE4B
:1045F0003653DEFE3853DEFE3A53DEFE3C53DEFE1B
:104600003E53DEFE4053DEFE4253DEFE4453DEFEEA
:104610004653DEFE4853DEFE8453DEFE8653DEFE46
:104620008853DEFE8A53DEFE8C53DEFE8E53DEFEA2
:104630009053DEFE9253DEFE9453DEFEAA53DEFE5E
:10464000AC53DEFEAE53DEFEB053DEFEB253DEFEF2
:10465000B453DEFEB653DEFEB853DEFEBA53DEFEC2
:10466000BC53DEFEBE53DEFEC053DEFEC253DEFE92
:10467000C453DEFEC653DEFEC853DEFECA53DEFE62
:10468000CC53DEFECE53DEFED053DEFED253DEFE32
:10469000D453DEFED653DEFED853DEFEDA53DEFE02
:1046A000DC53DEFEDE53DEFEE053DEFEE253DEFED2
:1046B000E453DEFEE653DEFEE853DEFEEA53DEFEA2
:1046C000EC53DEFEEE53DEFEF053DEFEF253DEFE72
:1046D000F453DEFEF653DEFEF853DEFEFA53DEFE42
:1046E000FC53DEFEFE53DEFE0054DEFE0254DEFE10
:1046F0000454DEFE0654DEFE0854DEFE0A54DEFEDE
:104700000C54DEFE0E54DEFE1054DEFE1254DEFEAD
:104710001454DEFE1654DEFE1854DEFE1A54DEFE7D
:104720001C54DEFE1E54DEFE2054DEFE2254DEFE4D
:104730002454DEFE2654DEFE2854DEFE2A54DEFE1D
:104740002C54DEFE2E54DEFE3054DEFE3254DEFEED
:104750003454DEFE3654DEFE3854DEFE3A54DEFEBD
:104760003C54DEFE3E54DEFE04C7DEFE4254DEFE56
:104770004454DEFE4654DEFE4854DEFE4A54DEFE5D
:104780004C54DEFE4E54DEFE5054DEFE5254DEFE2D
:104790005454DEFE5654DEFE5854DEFE5A54DEFEFD
:1047A0005C54DEFE5E54DEFE6054DEFE6254DEFECD
:1047B0006454DEFE6654DEFE6854DEFE6A54DEFE9D
:1047C0006C54DEFE6E54DEFE7054DEFE7254DEFE6D
:1047D0007454DEFE7654DEFE7854DEFE7A54DEFE3D
:1047E0007C54DEFE7E54DEFE8054DEFE8254DEFE0D
:1047F0008454DEFE8654DEFE8854DEFE8A54DEFEDD
:104800008C54DEFE8E54DEFE9054DEFE9254DEFEAC
:104810009454DEFE9654DEFE9854DEFE9A54DEFE7C
:104820009C54DEFE9E54DEFEA054DEFEA254DEFE4C
:10483000A454DEFEA654DEFEA854DEFEAA54DEFE1C
:10484000AC54DEFEAE54DEFEB054DEFEB254DEFEEC
:10485000B454DEFEB654DEFEB854DEFEBA54DEFEBC
:10486000BC54DEFEBE54DEFEC054DEFEC254DEFE8C
:10487000C454DEFEC654DEFEC854DEFECA54DEFE5C
:10488000CC54DEFECE54DEFED054DEFED254DEFE2C
:10489000D454DEFED654DEFED854DEFEDA54DEFEFC
:1048A000DC54DEFEDE54DEFEE054DEFEE254DEFECC
:1048B000E454DEFEE654DEFEE854DEFEEA54DEFE9C
:1048C000EC54DEFEEE54DEFEF054DEFEF254DEFE6C
:1048D000F454DEFEF654DEFEF854DEFEFA54DEFE3C
:1048E000FC54DEFEFE54DEFE0055DEFE0255DEFE0A
:1048F0000455DEFE0655DEFE0855DEFE0A55DEFED8
:104900000C55DEFE0E55DEFE1055DEFE1255DEFEA7
:104910001455DEFE1655DEFE1855DEFE1A55DEFE77
:104920001C55DEFE1E55DEFE2055DEFE2255DEFE47
:104930002455DEFE2655DEFE2855DEFE2A55DEFE17
:104940002C55DEFE2E55DEFE3055DEFE3255DEFEE7
:104950003455DEFE3655DEFE3855DEFE3A55DEFEB7
:104960003C55DEFE3E55DEFE4055DEFE4255DEFE87
:104970004455DEFE4655DEFE4855DEFE4A55DEFE57
:104980004C55DEFE4E55DEFE5055DEFE5255DEFE27
:104990005455DEFE5655DEFE2206105EF8FF620715
:1049A0000DB3072A622FF9B2202EC044622FFDB248
:1049B000022A622F09B326060040F8FF203EA50018
:1049C000663F01C001426247F1B21E4A624FF1B236
:1049D0006247F1B22257F5B2CA060400BA050000D8
:1049E000A5FD622F09B2663F01406247F148624F60
:1049F000F1486247F1482257F948CA56030061520C
:104A0000B205000095FD2A063B0301006257F9310B
:104A1000663F01406247F131624FF1316247F13147
:104A20002257F531CA060400BA050000A5FD663F0D
:104A300001400352625701421C5A625F01426257B1
:104A4000014222670942CC6603006362B20500009E
:104A500095FD663F01406257F141625FF141625747
:104A6000F1412267F9416362B2050000B5FD663F7E
:104A70000140206611006267F142206EEEFF626F16
:104A8000F1426267F1422267F9420C06EFFFB2057C
:104A90000000A5FD663F01C06247F1C1624FF1C150
:104AA0006247F1C12267F9C16162B2050000B5FD3C
:104AB000622F09C2663F01C06247F1C2624FF1C274
:104AC0006247F1C22267F9C26162B2050000B5FD1A
:104AD000663F01C06247F1C3624FF1C36247F1C351
:104AE0002267F9C36162B2050000B5FD622F09C4F7
:104AF000663F01C06207F1C41F626267F1C46207CA
:104B0000F1C4226FF9C4606AB2050000B5FD663FCA
:104B100001C06207F1C56267F1C56207F1C522678E
:104B2000F9C56062B2050000B5FD663F01C062478D
:104B3000F1C6624FF1C66247F1C62267F9C66162EB
:104B4000B2050000B5FD663F01C06247F1C7624F84
:104B5000F1C76247F1C72267F9C76162B205000079
:104B6000B5FD622F09C8663F01406247F145624FBB
:104B7000F1456247F1452267F9456162B2050000DF
:104B8000B5FD663F01406247F149624FF149624716
:104B9000F1492267F9496162B2050000B5FD622F53
:104BA000094A663F01406247F143624FF143624761
:104BB000F1432267F9436162B2050000B5FD663F2B
:104BC00001406247F144624FF1446247F144226779
:104BD000F9446162B2050000B5FD663F01406257CD
:104BE000F14A625FF14A6257F14A2257F94A635229
:104BF000B2050000B5FD622F094B663F01406247D8
:104C0000F14B624FF14B6247F14B2257F94B615226
:104C1000B2050000B5FD622F094C663F01406247B6
:104C2000F14C624FF14C6247F14C222FF94C612A52
:104C3000B2050000B5FD663F01406247F14D624F8D
:104C4000F14D6247F14D222FF94D612AB205000066
:104C5000B5FD2217F141402EDFFE651781731F005D
:104C6000800704007F004016D7FF012A422F18005A
:104C7000C03FA8B0C0A7A9B0C037A8B0E02FA9B066
:104C8000C52EC600602FA8B042072000202E6F1747
:104C9000622F010082172100402EDFFE651781730D
:104CA0001F0080074000C0A7A9B0C0BFA8B0011274
:104CB00080074D1100AE7F00011280078D1100AEFC
:104CC000C03FA8B0C0A7A9B04016DFFEA007852945
:104CD00000AE622F81731F007F0080070F3000AE8F
:104CE0007F007F00231EE0FF630F090063170D00A4
:104CF000632F110063371500A3078F410000E747BA
:104D00004000E64F4000A3070F4000004016DFFEC2
:104D1000222F6939412A622F69394016DFFE01329C
:104D2000423778390A12E22F822A602A8A0D401609
:104D3000DFFE222F355D412A622F355DA307094032
:104D40000000E83F2000E9372000A3078941000068
:104D500023371500232F110023170D00230F0900FF
:104D6000231E2000E00748014016CEFF42070E2018
:104D7000C03F44B0C0A745B0C03F46B0C0A747B091
:104D8000C03F48B0C0A749B0C03744B0E02F45B0DD
:104D9000C52EC300602F44B0C03746B0E02F47B0E7
:104DA000C52EC300602F46B0C03748B0E02F49B0D1
:104DB000C52EC300602F48B0202E6000422F012076
:104DC000202E7600622F0220012A422F08200C326A
:104DD00042370D2042070920422F0E2082170F2054
:104DE000402EDFFE651781731F004016C1FFE22FC2
:104DF0002940C52EFFFD622F2840E22F2941C52EF4
:104E0000FFFD622F2841222F2803852E0002622FEA
:104E10002803E22F2904C52EFFFD622F2804E22F6C
:104E20002905C52EFFFD622F2805222F2806852E75
:104E30000002622F2806222F280A852E0002622FE8
:104E4000280A222F2804852E0002622F2804E22F30
:104E50002940C52EFFFB622F2840E22F2941C52E95
:104E6000FFFB622F2841222F2803852E0004622F8A
:104E70002803E22F2904C52EFFFB622F2804222FCE
:104E80002805852E0004622F2805E22F2906C52E4D
:104E9000FFFB622F2806E22F290AC52EFFFB622F97
:104EA000280A222F2804852E0004622F2804E22FCE
:104EB0002903C52EFFFB622F28038007FC00800713
:104EC0000512409C8216030080070D12409CC0A76B
:104ED00045B0C0BF44B0C0A747B0C0BF46B0C0A730
:104EE00049B0C0BF48B07F00C03F44B0C03F46B0EB
:104EF000C03F48B04016CEFF822F2120C52EFC00B7
:104F0000422F2020822F0F204036DFFE662F817334
:104F10001F00C0A745B0C0A747B0C0A749B08217BF
:104F20000F20661781731F007F00603A20568100B2
:104F3000F2054016CEFFC2EF1220B20500527F00EC
:104F40004016DFFE620790734016DFFE623F9273E9
:104F50004016DFFE62378D73A5F5603A205681005A
:104F6000A22D4016DFFE62378573402EDFFE653FBF
:104F700088734036CEFFC6E7122020568000BA1D47
:104F8000C03F44B0C0A745B02237857386370100C3
:104F9000A0074D32409C22378573413262378573BA
:104FA000251788735F1265178873C0A745B0C0BF07
:104FB00044B000527F007F00231EB4FF630F09003E
:104FC00063170D00632F1100A3074F310000A307E3
:104FD000CF410000A3074F520000A307CF6200009B
:104FE000A3074F730000A307CF830000A3074F94CC
:104FF0000000E7474000E64F4000A3070F400000D5
:10500000800721004016DFFEA007672A409CE23798
:105010009173403EDFFEE7479373E641931D4036B0
:10502000DFFE26478D73482F0000262F8D73412AFF
:10503000662F8D73222F9073412A622F9073E2178F
:105040009173E72F9373E229BA0580FF5801400658
:105050002000A30709400000E83F2000E9372000B6
:10506000A30749940000A307C9830000A30749735D
:105070000000A307C9620000A30749520000A3076C
:10508000C9410000A30749310000232F1100231755
:105090000D00230F0900231E4C00E0074801231ECA
:1050A000E0FF630F090063170D00632F11006337E2
:1050B0001500A3078F410000E7474000E64F40007E
:1050C000A3070F4000004016DFFE22178D73402E0D
:1050D000CEFF253726204237000005171320A517DD
:1050E0001320C216820045171320A30709400000B1
:1050F000E83F2000E9372000A3078941000023375B
:105100001500232F110023170D00230F0900231E64
:105110002000E0074801231EE0FF630F090063172A
:105120000D00632F110063371500A3078F410000A6
:10513000E7474000E64F4000A3070F40000040163D
:10514000DFFEE22F8973602AFA15A30709400000E9
:10515000E83F2000E9372000A307894100002337FA
:105160001500232F110023170D00230F0900231E04
:105170002000E0074801402EDFFE25378573863783
:105180000100A0074D32409C2537857341326537B9
:105190008573222F88735F2A622F8873F5D57F006D
:1051A0007F00013A4016DFFE423F7539260674390A
:1051B000DFFEBF0778FDC03F50B0C0A751B0C03779
:1051C00050B0E01751B0C216C100601750B02016A1
:1051D0004F008007CD1000DA4016DFFEA007C5287B
:1051E00000DA622F81731F00C0A751B0C0BF50B05A
:1051F000800710002016ACFF80070D1000DA7F003A
:105200007F00231EECFF630F0900A307CF400000BF
:10521000E7474000E64F4000A3070F400000A30708
:1052200009400000E83F2000E9372000A307C940FB
:105230000000230F0900231E1400E00748017F002F
:105240007F007F007F007F007F007F007F007F0066
:105250007F007F007F007F007F007F007F007F0056
:105260007F007F007F007F007F007F007F007F0046
:105270007F007F007F007F007F007F007F007F0036
:105280007F007F007F007F007F007F007F007F0026
:105290007F007F007F007F007F007F007F007F0016
:1052A0007F007F007F007F007F007F007F007F0006
:1052B0007F007F007F007F007F007F007F007F00F6
:1052C0007F007F007F007F007F007F007F007F00E6
:1052D0007F007F007F007F007F007F007F007F00D6
:1052E0007F007F007F007F007F007F007F007F00C6
:1052F0007F007F007F007F007F007F007F007F00B6
:105300007F007F007F007F007F007F007F007F00A5
:105310007F007F007F007F007F007F007F007F0095
:105320007F007F007F007F007F007F007F007F0085
:105330007F007F007F007F007F007F007F007F0075
:105340007F007F007F007F00231EECFF630F0900BA
:10535000A307CF400000E7474000E64F4000A30707
:105360000F400000A30709400000E83F2000E93794
:105370002000A307C9400000230F0900231E1400CA
:10538000E00748017F007F007F007F007F007F00F3
:105390007F007F008007071200828216DFFFA216BF
:1053A0002000A0070D1200827F007F007F007F0099
:1053B0007F007F007F007F007F007F007F007F00F5
:1053C0007F007F007F007F007F007F007F007F00E5
:1053D0007F007F007F007F007F007F007F007F00D5
:1053E0007F007F007F007F007F007F007F007F00C5
:1053F0007F007F007F007F007F007F007F007F00B5
:105400007F007F007F007F007F007F007F007F00A4
:105410007F007F007F007F007F007F007F007F0094
:105420007F007F007F007F007F007F007F007F0084
:105430007F007F007F007F007F007F007F007F0074
:105440007F007F007F007F007F007F007F007F0064
:105450007F007F007F007F007F007F007F007F0054
:105460007F007F007F007F007F007F007F007F0044
:105470007F007F007F007F007F007F007F007F0034
:105480007F007F007F007F007F007F007F007F0024
:105490007F007F007F007F007F007F007F007F0014
:1054A0007F007F007F007F007F007F007F007F0004
:1054B0007F007F007F007F007F007F007F007F00F4
:1054C0007F007F007F007F007F007F007F007F00E4
:1054D0007F007F007F007F007F007F007F007F00D4
:1054E0007F007F007F007F007F007F007F007F00C4
:1054F0007F007F007F007F007F007F007F007F00B4
:105500007F007F007F007F007F007F007F007F00A3
:105510007F007F007F007F007F007F007F007F0093
:105520007F007F007F007F007F007F007F007F0083
:105530007F007F007F007F007F007F007F007F0073
:105540007F007F007F007F007F007F007F007F0063
:105550007F007F007F007F007F0080072100E00741
:105560006001BFFF36F4BFFF50FCBFFFFCF680FFB9
:10557000447780FF204B4006200080070A608007A8
:105580002100E0876001BFFF20F780FFA24680FF77
:10559000CC65400620008007F042800721EF40A63E
:1055A000DFFE40AEDFFE360608D4DEFE40BEDFFE84
:1055B00040C6DFFE40CEDFFE01D29417853960126F
:1055C000FA4580FFEE5D951779396012F2F55507BF
:1055D0007839BFFF22FC96170500B62F0500C82AB0
:1055E0000229F71783390230E537823260329A1583
:1055F00096170100B62F0100C82A0229961703004A
:10560000B6370300C8320231D0320531EA1D00122C
:1056100041127717823998171D5A6112DAD5391756
:10562000215A41127917215A0206CEFFDACD5807C6
:105630001C5A7907215A54D78439E007600180FF4A
:10564000B86A80FF4A00A5BDE6C760F995E5400647
:105650003FEF80072100800709100003802EFFFF25
:10566000E511BA0540063F00220600800100402EE9
:10567000DFFE6517957300320638E2C760F9B5F5AD
:105680004016DFFE012A422F84397F002016A50034
:1056900080070F1000F04016F8FF012A622F050A5C
:1056A0001E326237050A622F050A7F008607210035
:1056B0002016010563170900630705006307010051
:1056C000084A28067939DFFE0032063880FF346A3E
:1056D00046063F00860721002016020563170900D1
:1056E0006307050063070100084A28067939DFFED1
:1056F0000032063880FF0C6A46063F00860721000C
:1057000020160305631709006307050063070100FE
:10571000084A28067939DFFE0032063880FFE4693E
:1057200046063F008607210020160405631709007E
:105730006307050063070100084A28067939DFFE80
:105740000032063880FFBC6946063F00860721000C
:1057500020160505631709006307050063070100AC
:10576000084A28067939DFFE0032063880FF94693E
:1057700046063F008607210020160605631709002C
:105780006307050063070100084A28067939DFFE30
:105790000032063880FF6C6946063F00860721000C
:1057A000201607056317090063070500630701005A
:1057B000084A28067939DFFE0032063880FF44693E
:1057C00046063F00860721002016080563170900DA
:1057D0006307050063070100084A28067939DFFEE0
:1057E0000032063880FF1C6946063F00860721000C
:1057F0002016090563170900630705006307010008
:10580000084A28067939DFFE0032063880FFF4683E
:1058100046063F0086072100201610056317090081
:105820006307050063070100084A28067939DFFE8F
:105830000032063880FFCC6846063F00860721000C
:1058400020161105631709006307050063070100AF
:10585000084A28067939DFFE0032063880FFA4683E
:1058600046063F008607210020160106631709003F
:105870006307050063070100084A28067939DFFE3F
:105880000032063880FF7C6846063F00860721000C
:10589000201602066317090063070500630701006D
:1058A000084A28067939DFFE0032063880FF54683E
:1058B00046063F00860721002016030663170900ED
:1058C0006307050063070100084A28067939DFFEEF
:1058D0000032063880FF2C6846063F00860721000C
:1058E000201604066317090063070500630701001B
:1058F000084A28067939DFFE0032063880FF04683E
:1059000046063F008607210020160506631709009A
:105910006307050063070100084A28067939DFFE9E
:105920000032063880FFDC6746063F00860721000C
:1059300020160606631709006307050063070100C8
:10594000084A28067939DFFE0032063880FFB4673E
:1059500046063F0086072100201607066317090048
:105960006307050063070100084A28067939DFFE4E
:105970000032063880FF8C6746063F00860721000C
:105980002016080663170900630705006307010076
:10599000084A28067939DFFE0032063880FF64673E
:1059A00046063F00860721002016090663170900F6
:1059B0006307050063070100084A28067939DFFEFE
:1059C0000032063880FF3C6746063F00860721000C
:1059D000201610066317090063070500630701001E
:1059E000084A28067939DFFE0032063880FF14673E
:1059F00046063F008607210020161106631709009E
:105A00006307050063070100084A28067939DFFEAD
:105A10000032063880FFEC6646063F00860721000C
:105A200020161206631709006307050063070100CB
:105A3000084A28067939DFFE0032063880FFC4663E
:105A400046063F008607210020161306631709004B
:105A50006307050063070100084A28067939DFFE5D
:105A60000032063880FF9C6646063F00860721000C
:105A70002016140663170900630705006307010079
:105A8000084A28067939DFFE0032063880FF74663E
:105A900046063F00860721002016150663170900F9
:105AA0006307050063070100084A28067939DFFE0D
:105AB0000032063880FF4C6646063F00860721000C
:105AC0002016160663170900630705006307010027
:105AD000084A28067939DFFE0032063880FF24663E
:105AE00046063F00860721002016170663170900A7
:105AF0006307050063070100084A28067939DFFEBD
:105B00000032063880FFFC6546063F00860721000C
:105B100020161806631709006307050063070100D4
:105B2000084A28067939DFFE0032063880FFD4653E
:105B300046063F0086072100201619066317090054
:105B40006307050063070100084A28067939DFFE6C
:105B50000032063880FFAC6546063F007F007F00BC
:105B60002206B849DFFE2506C849DFFE0032023AA8
:105B70002806A873DFFE2906A839DFFE2A06D4739B
:105B8000DFFE2B06B041DFFE066005680270087874
:105B9000CC796D7F01000978C6796E7F01000A78A3
:105BA000CC796D7F05000B78C6796E7F0500486A59
:105BB0004872263604042C661600E7062D000032D3
:105BC0002706D849DFFE28068ECFDEFE044A20567F
:105BD00004046232A25D0658C35A03625F62E24D5A
:105BE0000268CB692D6F01000570CB712E7F01001B
:105BF0004F6F0A000D8098824F870D000D809082B4
:105C00004F870C00886A4F6F0B002E6F01004D4FBD
:105C100007004D5706002E6F01004D0703004D078A
:105C200002004D0701004D0700002E6F01004D07D7
:105C300005004D0704002E6F01004D0713002E6F65
:105C400001004D0715002E6F01004D0712002E6F49
:105C500001004D0711002E6F01004D0710002E6F3F
:105C600001004D0714002E6F01004D070F002E6F2D
:105C700001004D070E00445AA5B5674701002846AC
:105C80001600443A4132E5A522068839DFFEA22FEC
:105C9000030082370300A23F01008247010029066A
:105CA0009C73DFFE492F030049370200493F010082
:105CB00049470000A22F070082370700A23F0500D6
:105CC00082170500492F070049370600493F0500A4
:105CD000491704007F004016DFFE6237A5737F007E
:105CE0009707E1FF4016DFFE2217D9496012E2074D
:105CF000330A091223A61D0014285F12D205450796
:105D00000000412AB5FD40AEDFFE35B7355D00121B
:105D1000631711003706D849DFFE032A632F1500E9
:105D200003C201CA63170D00231715005F12631722
:105D30001500E207EF092206C849DFFE02D023174B
:105D40001100C2D125069839DFFE05D8C2D944DA40
:105D500023170D00C2E6FF00181063170900231770
:105D600009005F1263170900E207A3093A1701004F
:105D7000A22F0F00602AE2078F09A2370100C83264
:105D8000823F01000731A23F0300C83A8247030067
:105D90000839D03A0639B639EC076D095F2A642A0A
:105DA000EB07650945009F04A50405001702D4020E
:105DB00082170F006112EA072D02201631005417D6
:105DC00000003717010082B70D00A22F0D00C82A6E
:105DD000162982B70F00A2170F00C8121611D01291
:105DE000051102170C00541701003717010082B784
:105DF0000D00A22F0D00C82A162982B70F00A21786
:105E00000F00C8121611D012051102170D005417F9
:105E100002003717010082B70900A22F0900C82A23
:105E2000162982B70B00A2170B00C8121611D01248
:105E300005116317190043C71C0042A23717010060
:105E4000A21715006012C205081243171C0035176F
:105E5000355D37B70100962F0D00B6370D00C832FB
:105E60000531962F0F00B6B70F00C8B205B1D0B2FA
:105E700006B1962F0100B6370100C8320531962FC2
:105E80000300B6B70300C8B205B1D0B206B1C2B1C3
:105E90003A17010042B700001628982A422F030043
:105EA0001628902A422F020088B242B70100BB3761
:105EB00001009B17010023B7290063B7050023B732
:105EC000250063B70100C8320231234F2100234768
:105ED0001D00233F190080FF2C3735B7355D3A1779
:105EE0000100822F0100A2370100C8320531822F44
:105EF0000300A23F0300C83A0539D03A0639B63943
:105F0000603AB7458A006152FA3502B7110041B2D2
:105F100042B7110035B7355D37170100822F0D00EC
:105F2000A2370D00C8320531822F0F00A2170F00D3
:105F3000C8120511D0120611822F0500A2370500E4
:105F4000C8320531822F0700A2170700C8120511B9
:105F5000D0120611D6113A2F010045170000023069
:105F600098324537030002309032453702008812DC
:105F700045170100C5156552AA1542070E003A17CC
:105F8000010042070F00B50DA23F05008217050072
:105F9000C83A02391C30194080FFC8103717010079
:105FA000822F0D00A2370D00C8320531822F0F005D
:105FB000A2170F00C8120511D012061182170F0088
:105FC0003A2F0100A5371100E231E1073B07A53F59
:105FD000050085170500C83A0239071202408007FC
:105FE0002007201630005417000037170100A2B711
:105FF0000B00822F0B00A23709008217090043C74C
:106000001C00C8320231C8B205B1D0B206B163B7C4
:10601000190037170100A21715006012C2050812F7
:1060200043171C003717010082B70D00A22F0D0087
:10603000C82A162982B70F00A2170F00C81216111E
:10604000D012051102170C00541701003717010078
:1060500082B70D00A22F0D00C82A162982B70F00A3
:10606000A2170F00C8121611D012051102170D0049
:10607000541702003517355D37B70100962F0D0014
:10608000B6370D00C8320531962F0F00B6B70F0096
:10609000C8B205B1D0B206B1962F0100B6370100E3
:1060A000C8320531962F0300B6B70300C8B205B158
:1060B000D0B206B1C2B13A17010042B700001628AB
:1060C000982A422F03001628902A422F020088B2F5
:1060D00042B70100BB3701009B17010023B729001D
:1060E00063B7050023B7250063B70100C83202314A
:1060F000234F210023471D00233F190080FF063551
:1061000035B7355D3A170100822F0100A237010033
:10611000C8320531822F0300A23F0300C83A053977
:10612000D03A0639B63942A2603AE70713028A002C
:106130006152EA07FB01420711003A17010002B25F
:1061400042B70F003717010082B70D00A22F0D00D4
:10615000C82A162982B70F00A2170F00C8121611FD
:10616000D012051102170C003AB7010056171300A0
:106170003717010082B70D00A22F0D00C82A16297B
:1061800082B70F00A2170F00C8121611D012051106
:1061900002170C003AB70100561715003717010017
:1061A000822F0D00A2370D00C8320531822F0F005B
:1061B000A2170F00C8120511D0120611822F090074
:1061C000A2370900C8320531822F0B00A2170B003D
:1061D0008007E6042016320054170000371701002C
:1061E00082B70D00A22F0D00C82A162982B70F0012
:1061F000A2170F00C8121611D012051102170C00B9
:10620000541701003717010082B70D00A22F0D00AF
:10621000C82A162982B70F00A2170F00C81216113C
:10622000D012051102170D00541702003717010094
:10623000A2B70B00822F0B00A237090082170900BA
:1062400043C71C00C8320231C8B205B1D0B206B192
:1062500063B7190042A237170100A2171500601298
:10626000C205081243171C003517355D37B701000A
:10627000962F0D00B6370D00C8320531962F0F004E
:10628000B6B70F00C8B205B1D0B206B1962F010063
:10629000B6370100C8320531962F0300B6B70300A8
:1062A000C8B205B1D0B206B1C2B13A17010042B7C7
:1062B00000001628982A422F03001628902A422F01
:1062C000020088B242B70100BB3701009B170100F2
:1062D00023B7290063B7050023B7250063B7010082
:1062E000C8320231234F210023471D00233F1900EC
:1062F00080FF123335B7355D3A170100822F010058
:10630000A2370100C8320531822F0300A23F0300EB
:10631000C83A0539D03A0639B639603A87158A0045
:106320006152DA0542070F008007DC036552EA0775
:10633000D70342070E003A170100D5F5A23F05002A
:1063400082170500C83A023919408007B4030217C2
:106350001200821620005417000037170100A2B760
:106360000B00822F0B00A23709008217090043CFD0
:106370001C00C8320231C8B205B1D0B206B163B751
:1063800019003A17010082B70900A2EF0900C8EA14
:1063900016E982B70500A22F0500C82A162905B6FE
:1063A000070041A2A2470D00C842F6E982B70D00DE
:1063B000E7077B011641D042A2EF0B0082170B00CA
:1063C000C8EA02E91D41C54114300712023880FFB6
:1063D00082352316180002170400471243171C00C9
:1063E0003517355D372F010085B70D00A5EF0D007E
:1063F000C8EA16E985B70F00A52F0F00C82A16298D
:10640000D02A1D2985B70100A5EF0100C8EA16E9C9
:1064100085B70300A52F0300C82A1629D02A1D29F5
:10642000C2293A170100422F000005B098B242B7C6
:10643000030005B090B242B70200882A422F010043
:10644000BB3701009B170100232F2900632F050094
:10645000232F2500632F0100C8320231234F210072
:1064600023471D00233F190080FF9A3135B7355D62
:106470003A170100822F0100A2EF0100C8EA05E9E6
:10648000822F0300A2370300C8320531D0321D31FC
:10649000B6316032E707CF018A006152EA07B501E1
:1064A000022F1200412A422F12003A170100822FB8
:1064B0001300C52E0F00422F12003A170100822F41
:1064C000050002B70500C8B205B147B242B70400E3
:1064D00088B242B705003A170100A22F1500602AC2
:1064E000820DA22F1300602AC2055F2A422F1300DB
:1064F0003A170100822F1500050610FFD705C52E9B
:106500000F00E52E640035B7355DD629422F000017
:1065100005E898EA42EF030005E890EA42EF02003E
:10652000882A422F0100800744011641D042A23739
:106530000B0082170B00C83202310641C541A5E9A4
:10654000DDF6FF0014301E3880FF083423161800D3
:1065500002170400DD1143171C0037170100A217B2
:1065600015006012C205081243171C003517355D6F
:1065700037B70100962F0D00B6370D00C832053130
:10658000962F0F00B6B70F00C8B205B1D0B206B152
:10659000962F0100B6370100C8320531962F03004F
:1065A000B6B70300C8B205B1D0B206B1C2B13A174E
:1065B000010042B700001628982A422F030016282F
:1065C000902A422F020088B242B70100BB37010077
:1065D0009B17010023B7290063B7050023B72500E7
:1065E00063B70100C8320231234F210023471D0049
:1065F000233F190080FF0E3035B7355D3A17010093
:10660000822F0100A2370100C8320531822F03001A
:10661000A23F0300C83A0539D03A0639B639603A84
:1066200097258A006152DA151C300012023880FF6B
:10663000C80A3A170100822F050002370500C83248
:106640000531DE3142370400883242370500E50D5E
:106650006552CA0D42070E003A17010042070F00AB
:10666000D5051C30193880FF900A3A170100A22F77
:106670001500602A824DA22F1300602ACA4542CF1E
:106680000F0037170100822F0D00A2370D00C8320E
:106690000531822F0F00A2170F00C8120511D0126A
:1066A0000611822F0500A2370500C8320531822F5E
:1066B0000700A217070035B7355DC8120511D012C3
:1066C0000611D6113A2F010045170000023098320A
:1066D00045370300023090324537020088124517D3
:1066E000010095151C300212023880FF0C0AB50D0E
:1066F000A23F050082170500C83A023918401C3035
:1067000080FF600944D2BF0758F6231711004812D2
:106710006317110044BA23170D004112BF0708F692
:106720005706FFFF840721EF4307070043070600D2
:106730004307050043070400430703004307020023
:10674000430701004307000043070000683A401672
:10675000DFFE2217D949EA073F066012E207390631
:1067600000A22206D849DFFED42EFFFF612A404E48
:10677000DFFEFF25C22AC229252F0100855701000F
:10678000A55F0100C85A0A5985570300A567030091
:10679000C8620A61D0620B61EC31E215A5570500B1
:1067A000C852855F05000B51A55F0700C85A852FA9
:1067B00007000559D05A0A59EB31920D41A2D5D59F
:1067C00000A214A8D505012A492FE04907AAD40040
:1067D00061A2EF07C30514B0C3B22506C849DFFEA6
:1067E000C5B1362F0100852F0F00612AE207A905E8
:1067F000002A0530C556FFFFE751D90DC656FFFFE9
:106800000358CA59085700004B570000412A41322B
:10681000414295F5362F0100A5370F006532E2079A
:106820007705833F0100C7BE0F00613223C6010018
:10683000FA05C746F0000806D0FFEA075B05C73E29
:10684000F000A21D503A40CEDFFEC26D503AE20782
:10685000D902503AEA074105362F0500A5370F0047
:106860006132EA07330562BAEA07BD0145070F0046
:10687000083A8007C80160BAE2071D059500F5B91E
:10688000EB0715056032B20DA53F05008517050021
:10689000C83A02390642143080FFC8073617010093
:1068A00042070500420704000012C22EFFFFF7292D
:1068B000362F0100B92DA5370B00C832854F0B00CC
:1068C0000931A54F0D00C84A85AF0D001549D04AC2
:1068D0000649A5370500C832852F05000531C64990
:1068E000182F0000492F0000362F010085370500C2
:1068F000054F0500C84A0649414A454F0400884AE9
:10690000454F0500411241C295D5A53F05008517A9
:106910000500C83A02390042143080FF460780075C
:1069200076048917E1496112DA054907E0498007D1
:106930006604C8BAA3D7010017D1D516FF00E2D16B
:10694000E30755045FAA6032B20DA53F0500851725
:106950000500C83A02390642143080FF0607361790
:10696000010042070500420704003617010042D724
:10697000080088D242D709003617010042071100EB
:1069800036170100822F090002370900C83205318D
:10699000C600822F0700024F0700C84A0549C900F8
:1069A000E931E30D420703004207020042070100FC
:1069B0004207000036170100042A80076401950091
:1069C000001241C2C22EFFFFF529362F0100E90750
:1069D0005903A5370B00C832854F0B000931A54F6D
:1069E0000D00C84A85BF0D001749D04A0649A53792
:1069F0000500C832852F05000531C649182F000053
:106A0000492F0000362F010085370500054F05008E
:106A1000C84A0649414A454F0400884A454F050087
:106A2000411285D58937E1496132DA0D4907E049DC
:106A3000362F050045070F00053A143080FFBA06CF
:106A40008007540361BABA35C2A2C2A13917355DB5
:106A50003437010086A70D00A6AF0D00C8AA14A9FF
:106A600086A70F00A6370F00C8321431D032153177
:106A700086A70500A6AF0500C8AA14A986A7070027
:106A8000A6370700C8321431D0321531C23145372C
:106A900000000610981245170300061090124517C3
:106AA00002008832453701008007EC0260BADAC57F
:106AB0003917355D4517000002309832453703001D
:106AC000023090324537020088124517010003104A
:106AD000022F010036370500462F1500022F010056
:106AE00036370500462F130002170200362F050027
:106AF0004517140083170300A22E80002036710072
:106B0000E629D105202EFA00E511F105361705001A
:106B1000202E7F00422F140036170500052A422F31
:106B20000F00800772026232EA076D028537130098
:106B3000F731EA07E301413245371200362F0100F1
:106B400085371300C6360F0045371200362F010077
:106B500085370900053F0900C83A0639C70085375F
:106B60000500052F0500C82A062995000530D531F6
:106B7000C600E731C500E9072101002AC536FFFF3D
:106B8000F531D92D36370100863F0B00A6470B00A3
:106B9000C8420741863F0D00A64F0D00C84A07496D
:106BA000D04A0849863F0500A6370500C83207319C
:106BB000C649183700004937000036370100863FC4
:106BC000050006470500C842074141424647040008
:106BD000884246470500412A41C295D5C2A2C2A1BA
:106BE000392F355D34A7010094C70D00B4170D008F
:106BF000C812181194C70F00B4A70F00C8A218A19B
:106C0000D0A202A194C70900B4170900C812181134
:106C100094C70B00B4A70B00C8A218A1D0A202A170
:106C2000C5A1362F010045A7000014C098C245C772
:106C3000030014C090C245C7020088A245A7010006
:106C4000362F0100A5A7150060A2E2074B01A5A7FA
:106C5000130060A2C2055FA245A71300362F0100F2
:106C6000A5A7130060A2EA072F0103A245A70F0002
:106C7000392F355D36A70100542F000005B098B2BA
:106C800054B7030005B090B254B70200882A542FBD
:106C90000100800702013617010082370900023F18
:106CA0000900C83A0639C700C536FFFFE731B92DDC
:106CB000A2370B00C832823F0B000731A23F0D0004
:106CC000C83A82470D000839D03A0639A237050084
:106CD000C832821705000231C6391817000047175D
:106CE00000003617010082370500023F0500C83A50
:106CF0000639413A423F0400883A423F0500412AA2
:106D000041C2A5CDA23F0500822F0500C83A053932
:106D1000BF0706FCA53F050085170500C83A0239E4
:106D20000442BF07F6FB4016DFFE2217A573A547F6
:106D30000D0085370D00A5AF0B0085BF0B00A54FDB
:106D40000900852F0900C8AA17A9C8420641D042E8
:106D50001541C84A0549053A1430E2C760F93617AB
:106D60000100032A422F0F0036170100012A422F8B
:106D700012003917355D362F01004517000002302B
:106D800098324537030002309032453702008812AE
:106D90004517010044063FEF8E0721CF0610C312AE
:106DA0003406C849DFFEC2A13417050044A2A21769
:106DB0000F00601206A806B0EA07A5020912232EEA
:106DC0000D005F12D20545070000412AB5FD15B838
:106DD000C2BA2206D849DFFEC2B9371701006012D5
:106DE000E2077D0234170100423F0A000728982A73
:106DF000422F0D000728902A422F0C00883A423F6C
:106E00000B0034170100424708000828882A422F47
:106E10000900341701004207050042070400341737
:106E20000100420715003417010042071300341710
:106E3000010001324237120037170100A23F0B0058
:106E4000824F0B00A25709008217090043370C003C
:106E5000C8520251C83A0939D03A0A39633F090089
:106E600034170100823F0900A2170900C812071158
:106E700067128F1543470D00082E0100432F0C00A9
:106E8000372F0100A52F1500602A23360E009A1512
:106E9000B51585161000C2161F0043170D00434795
:106EA0000E003417010042370F00064223360F0050
:106EB000081243170C0034170100A22F0D00823F67
:106EC0000D00A24F0B0082170B00C84A0249C82AC6
:106ED0000729D02A0929C8C6FF001838054080FFB5
:106EE000722A34170100822F050002370500C832CC
:106EF0000531D8314237040088324237050040CE90
:106F0000DFFE3917355D372F010085370D00A53FAE
:106F10000D00C83A063985370F00A52F0F00C82A83
:106F20000629D02A072985370100A53F0100C83A64
:106F3000063985370300A52F0300C82A0629D02A61
:106F40000729C22934170100422F0000053098326A
:106F5000423703000530903242370200882A422F20
:106F60000100C3AA22069839DFFED511A237050019
:106F700082170500232F1900632F0500232F15000A
:106F8000632F0100C8320231234F110023470D0047
:106F9000233F090080FF6E263917355D342F01002D
:106FA00085370100A53F0100C83A0639853703003F
:106FB000A5470300C8420641D0420741A2416042B2
:106FC000A74D8A0061528A4505A70900C8A2851706
:106FD000090002A1D400F4C1893539A7355D37B75E
:106FE000010096170D00B6370D00C8320231961712
:106FF0000F00B6B70F00C8B202B1D0B206B19617F3
:107000000500B6370500C832023196170700B6B73B
:107010000700C8B202B1D0B206B1D4B145B7000082
:1070200016A098A245A7030016A090A245A70200AB
:1070300088B245B70100D505003A163080FFBA0086
:1070400001524E063FCF45070F0034B701005607E7
:107050000E00D505013A163080FF9E000052A5F5BE
:107060008007210C6042074806A03506C849DFFEAC
:107070004016DFFEEA151428C32AD529252F010062
:10708000A5470D0085370D00A53F0B00852F0B0090
:10709000C83A0539C8420641D0420741013AF51DB8
:1070A0006442920D6142F2056642D2056742B20522
:1070B0006342AA1D1428C32AD529252F0100A547FC
:1070C0000D0085370D00A53F0B00852F0B00C83A3A
:1070D0000539C8420641D0420741023A2217A5733A
:1070E0001430E2C760F9C3A2D5A1341701004207EA
:1070F0000F0040063F0C8007210C603A06A03506C1
:10710000C849DFFE4016DFFEAA1D1428C32AD52970
:10711000252F0500A5470D0085370D00A53F0B0065
:10712000A54F070085570700852F0B00C83A053982
:10713000C8420641D0420741033A9525653AF20517
:10714000613AD205683AB205623A8A251428C32A00
:10715000D529252F0500A5470D0085370D00A53F32
:107160000B00A54F070085570700852F0B00C83A75
:107170000539C8420641D0420741043A2217A57397
:10718000C84A0A491430E2C760F9C3A2D4A9351726
:10719000050042070F0040063F0C8407210043070B
:1071A00007004307060043070500430704004307A1
:1071B00003004307020043070100430700004307A1
:1071C000000087170500022E010027370100453A0D
:1071D00003405F2A820D074F0000484F00004142E4
:1071E000413A85FD03400238BFFF3CF544063F00AD
:1071F0002206F859DFFE2506085ADFFE0032023A61
:1072000028060074DFFE2906E549DFFE2A063874E9
:10721000DFFE2B06ED51DFFE06600868CC69656F66
:1072200001000968C669626F01000A68CC69656F70
:1072300005000B68C669626F0500482A48122636A9
:1072400004042C661C00E7062D007F00C2322206D3
:10725000085ADFFEC611C611C23AC711222F01001B
:1072600045070300450702004507010045070000E8
:10727000222F010045071000222F010045071100B1
:10728000222F010045071200222F0100450713009D
:10729000222F010045071400222F01004507150089
:1072A00022170100420716007F0080072100BFFF60
:1072B00042FF00122506085ADFFE2606F859DFFEB7
:1072C000403EDFFE0240C342034A5F4AF26505507A
:1072D000C8512A5F01004B0703004B0702004B0710
:1072E00001004B0700002A5F01004B0707004B0716
:1072F00006004B0705004B0704002A5F01004B07FF
:107300000D004B070C002A5F01004B070F004B07D5
:107310000E000658C8592B5F01002A6701004C5F18
:1073200008000B68986A4C6F0B000B68906A4C6FF2
:107330000A00885A4C5F09002A5F01004B071000C1
:107340002A5F01004B0711002A5F01004B07120062
:107350002A5F01004B0713002A5F01004B0714004E
:107360002A5F01004B0715002A5F01004B0716003A
:107370002A570100275F355D2B5E88134A5F18008E
:107380000B6098624A671B000B6090624A671A00A4
:10739000885A4A5F19004442959D41126212BA957B
:1073A00026062077DEFE40062000BF072CE9800776
:1073B000E1FF00A23506085ADFFE40B6DFFE01BA43
:1073C00006C240CEDFFE05D204DAD4E6FF0061E259
:1073D000EF07D1011CE8C3EAD5E93D1701006012AF
:1073E000E207C1013D2F0500602AE207B701A22F85
:1073F0001100602ABA1DA22F1300612AFA0542C7A4
:1074000011003D170100420713003D170100822FB4
:107410001300612ABA0542BF11003D170100A22FD7
:107420001500612ABA05420715003D170100A22F79
:107430001100612A9A2DA22F1300612ABA0D42C7AA
:1074400011003D170100420713003D1701004207DC
:1074500012003D170100A22F1500612ADA1542071C
:1074600015003D170100420712003D1701004207B9
:1074700011003D17010042070300420702004207C6
:107480000100420700003D170500A22F1700612AE6
:10749000BA0DA22F1100652AF20542DF11003D1737
:1074A0000500420717003D170500A22F1100642AAE
:1074B000AA3DA23F0B00822F0B00A2370900A24772
:1074C0000F00824F0F0082170900C8320231C83AFC
:1074D0000539D03A0639C84209411C30BFFFBCF813
:1074E0008A009917E549E251EA053D17050042D7A0
:1074F0001100951D1617185A41125617185A820076
:1075000065129A153D170500420711003D17050049
:107510004207030042070200420701004207000041
:107520005607185A3D170500A22F1100652AEA35A3
:107530005607185A822F1500612AEA1D42071400C7
:107540003D170100822F1100612AAA0D3D17050089
:10755000420711003D17010042C71100D50D420737
:1075600003004207020042070100420700001C30EE
:107570001738BFFFDAFC3D170500821717006112AC
:10758000DA0D3D170100822F1100612ABA0542076A
:1075900010001C301738BFFFB6FC41A2BF072EFEFB
:1075A0004006FFFF8007210806A0BFFFB2E5C3A287
:1075B0002206085ADFFEC2A134170100012A422F19
:1075C000120034170100A22F1500612ABA054207E4
:1075D000150040062008BF0788E58007210C06A09B
:1075E00007A8BFFF7AE5C3A22206085ADFFEC2A1A0
:1075F00034170100012A422F130034170100A22F73
:107600001500612ABA0542071500BFFF54E534177B
:10761000010042AF0C0088AA42AF0D004016DFFE09
:107620002217355D342F010026069C73DFFEA63F2E
:10763000030086470300A64F010086370100453F3F
:10764000070045470600454F050045370400342F25
:10765000010085370500A53F0500C83A0639853782
:107660000700A5470700C8420641D0420741C24172
:1076700045470000081098124517030008109012A3
:107680004517020088424547010040063F0C80072D
:10769000210806A0BFFFC8E4C3A22206085ADFFEE5
:1076A000D41122170500012A422F14004006200899
:1076B000BF07AEE48007210806A0BFFFA2E4C3A273
:1076C0002206085ADFFED41122170500012A422F94
:1076D000160040062008BF0788E48007210806A09E
:1076E000BFFF7CE4C3A22206085ADFFEC2A1341702
:1076F0000100012A422F150034170100A22F1300A8
:10770000612ABA054207130034170100822F1300C3
:10771000612ABA054207120040062008BF0742E46A
:107720008007210C5F3A643A09A006A89B1D470018
:10773000050019001E002300280020160404F51778
:1077400020022606E549DFFEC231143880FF0422FC
:10775000D536FF0014384006200CBF0780FE4006D7
:107760003F0CD536FF004006200C85BDD536FF0006
:107770004006200CD58DD536FF004006200CB59D67
:10778000D536FF004006200CBF071CFE80072108ED
:1077900006A060A2820D80FF6A0B7451CA050052D8
:1077A00040063F080152D5FD8007210080FFC40339
:1077B000AA0040063F00800721004016DFFE620756
:1077C000255A80FF640380FF440B80FFF0114006C0
:1077D00020008007AE524016DFFE2257255A7F0058
:1077E0004016DFFE6237255A7F008007BC0A40162C
:1077F000DFFE6207215A7F002806A874DFFE203EC4
:10780000110000328007AA2163329A0D2806A8745D
:10781000DFFE203E110000328007A2227F0000120E
:107820002506445ADFFEC246FF000848E74F4402DF
:10783000C54989570300A95F0300C85A0A598957E7
:107840000500A9670500C8620A61D0620B61EC31CE
:10785000FA15A9570B00C852895F0B000B51A95F9D
:107860000D00C85A894F0D000959D05A0A59EB39F1
:10787000FB05402EDFFE4517B05A01527F00411232
:10788000080601FF92D500527F000332E5BD800754
:107890007C0A880721FF40A6DFFE94176D5A60120C
:1078A00006A8402EDFFE4036DFFE40B6DFFE9A150A
:1078B000153F0800453F7D5A353F0100A73F0100B5
:1078C000C7467F0046477C5AC73E8000563F7E5AD7
:1078D000611240BEDFFE40C6DFFE20CE7F0020D614
:1078E0001000CA1D372F715A3837355DE629B91592
:1078F00054076C5A032A752F0A00352F050045CF0F
:107900000000352F050045D70100352F050045D76C
:1079100002009545045280074A01A5177D5A62125C
:10792000EA07B50186377D5A2706785ADFFE80FFC1
:10793000CC0160529A1503A275A70A0035A705006D
:1079400054CF000035A7050054D7010035A7050026
:1079500020AE1200E51D40DEDFFE3B17795AA2374C
:10796000070082170700C832023180FF060260520A
:10797000CA1503A275A70A0035A7050054CF000059
:1079800035A7050054D7010035A7050020AE7E00BD
:1079900054AF02000252D5653B17795A822F01007D
:1079A000A2370100C8320531822F0300A21703005D
:1079B000C8120511D0120611B205E2C760F94016CF
:1079C000DFFE822F755A612ABA154207745A03A244
:1079D00075A70A0035A7050054CF000035A705009C
:1079E00054D7010035A7050020AE2200A5D596CFBB
:1079F0007F5A190680FF3906755ADFFE3A06F1FFF5
:107A0000FF00201686F1BA1D3BA7795A14A708007B
:107A100059A7000043D703004317020001D243D700
:107A200004004307050002D243D7060023360200B4
:107A3000193880FFFC27BFFF58FEA515402EDFFE3A
:107A4000A5376D5A6132FA0D45076D5A01CA54CFF8
:107A50006C5A38CF355D39CE881377CF715A0352BF
:107A600048063FFF052A752F0A003B2F795A052F3C
:107A70000800592F000043D703004317020001D22A
:107A800043D70400430705000212431706002336BC
:107A90000200193880FF9A2719CF0000351705001A
:107AA00042CF010035CF05005907020035CF050050
:107AB000201696FF5917030035CF05002016320017
:107AC0005917040035AF050055070500BFFFC2FD7B
:107AD0001A50F5C5031275170A003517050042CF75
:107AE00000003517050042D7010035170500202E8C
:107AF0001300422F0200BF079EFE00122506B0D3DE
:107B0000DEFEC246FF006242DF0DE942C541884FFA
:107B10000900E931B2054112D5F56747010001526C
:107B20007F0000527F00880721004016DFFEA21769
:107B3000755A6112BA0548063F002706755ADFFEDE
:107B40000112471700002506F1FFFF00432F030035
:107B5000202E86F1432F020043170400430705003F
:107B60000212431706002336020080FFC426C5E533
:107B70004016DFFEA217755A002A2706B0D3DEFE94
:107B8000C546FF006242BF15E942C741884F090060
:107B9000E911B205412AD5F588170500082F05001F
:107BA000C82A02296629B20501527F0000527F00CF
:107BB0008807210843070F002206F1FFFF00431743
:107BC0000200201686F1431701000112431703003B
:107BD0004307040002124317050023A60F002336B3
:107BE0000100143880FFB62514170000402EDFFE78
:107BF0004517755A48063F088007A1FF40A6DFFEDB
:107C00009417815A601206A8402EDFFE4036DFFE30
:107C100040B6DFFE9A15153F0800453F915A353FA3
:107C20000100A73F0100C7467F004647905AC73E64
:107C30008000563F925A611240BEDFFE40C6DFFE12
:107C400020CE7F0020D6110020DE100040E6DFFEAF
:107C50009A35372F855A3837355DE629A915032A15
:107C6000752F0A00352F050045CF0000352F050080
:107C700045D70100352F050045DF020080071601BA
:107C8000402EDFFEA52F895A612A0452EA073701E8
:107C9000352F050045D700003C2F8D5A052F0400D5
:107CA00035370500462F0100015275570A0080073D
:107CB0001401A517915A6212EA072B018637915ACF
:107CC00027068C5ADFFE80FF40016052BA1503A2DE
:107CD00075A70A0035A7050054CF000035A7050099
:107CE00054D7010035A7050020AE120054AF0200A2
:107CF00095553C178D5AA2370500BFFF92FA605286
:107D00009A1503A275A70A0035A7050054CF0000F5
:107D100035A7050054D7010035A7050020AE330074
:107D2000E5E53C178D5A822F0100A2370100C832C9
:107D30000531822F0300A2170300C8120511D012CB
:107D400006119A15031275170A003517050042CF60
:107D500000003517050042D701003517050042DF46
:107D60000200851DE2C760F94016DFFE8217895ABE
:107D70006112AA1503A275A70A0035A7050054CF02
:107D8000000035A7050054D7010035A7050054DFD2
:107D900002000252F51540CEDFFEB9CF815A61CA0A
:107DA000BA0D01AA54AF805A38AF355D35AE88138D
:107DB00077AF855AE50596CF935A190680FFCA0515
:107DC00003524006BFFF35CF050059D700003CCF16
:107DD0008D5A19CF040035D705005ACF0100BF07CF
:107DE000CAFE031275170A003517050042CF0000BE
:107DF0003517050042D7010035170500202E130066
:107E0000422F0200F5C500122506CCD3DEFEC24685
:107E1000FF000848E64F4002C549894F0500E93197
:107E2000820D4112C246FF006242A3F500527F005C
:107E3000E642C829672F010001527F004016DFFE8D
:107E4000822FAB74612AEA054207AA740332BF0786
:107E5000BAF97F008307E1FFE617090061122617D0
:107E60000100A2A7010006A820B67F00BF1503A24B
:107E700075A70A0035A7050054B7000035A705000F
:107E800020B6270054B7010035A7050020AE130027
:107E9000853500123706E0D3DEFEC2C6FF0061C2A0
:107EA0009F15EEC2D7C1982F0900F429E205412A97
:107EB000F429D2054112A5F500CAA50501CA001290
:107EC000C505011200C218C8A2160100EA1503A2D6
:107ED00075A70A0035A7050054B7000035A70500AF
:107EE00020B6270054B7010035A7050020AE1200C8
:107EF00054AF020080078E03B837050098170500BD
:107F0000C8320231BFFF6CFC6052BA1503A275A7DC
:107F10000A0035A7050054B7000035A7050020B6B4
:107F2000100054B7010035A7050020AE7E0095E58E
:107F300017160800002A033205D05F32B20D983FB1
:107F4000090082470100E839AA0505D04E12412AEE
:107F5000D5F59A003B06BC74DFFE1BE0DAE19C1706
:107F600001006312202E2400EB0743023D06C27479
:107F7000DFFE3E06D074DFFE420004002F002A011F
:107F8000490160CAEA072702F52F0900622AEA07B9
:107F9000F501352F050020B6270045B70000352F25
:107FA000050045A70100402EDFFE252FFDD3B83F79
:107FB00009003537050042321D40E5C760F9B82F8A
:107FC0000900412A752F0A00DED15A07000001522C
:107FD0005C57000080077C024016DFFE221701D4A8
:107FE0006012CA15031275170A003517050042B74B
:107FF000000035170500202E2700422F01003517FD
:108000000500202E35008007780261CAEA079F012B
:10801000152F08005E2A850098470B00E829EA071B
:108020006501982F0900B84F090035370100632F0B
:10803000010042323906BE74DFFE1938E2C760F92A
:10804000982F0B000012C236FF00E531E95D1938A8
:10805000C639873F0100DD3186370100E639BA05B0
:108060004112A5F5DAF11E2F0000412A5E2F000013
:10807000032A752F0A00352F050045B70000352F5C
:10808000050020A6270045A701009E2F0100B8A7E4
:108090000D00F429B91DB82F0100C82A98A70100C6
:1080A0001429B8A70300C8A298B7030016A1D0A24C
:1080B00005A1342F0100C2D23406D474DFFED4D11E
:1080C0007A2F010020A63500C56D5C070000352F12
:1080D000050020A6360045A70200B82F0B00612A34
:1080E000EA07A301C2D22506C874DFFEC5D1402E1F
:1080F000DFFE252F355D7A2F010002525C5700000C
:108100005E07000080074C01982F090003B21BC0D6
:108110005FB2E0B704B3920D98CF010062CAB20516
:108120005807000041C2D5F5D6C6FF0061C2CF1D79
:10813000F8CE0E00D7C999D70900FA29B20541B285
:10814000C5F5992F070019B70700C8B205B140CE91
:10815000DFFE79B7945A40B6DFFE562FA874D8D9FF
:10816000032A5B2F0000352F050020B6270045B7F6
:108170000000352F050045A70100015275570A0080
:10818000856D032A752F0A00352F050045B70000BD
:10819000352F050020A6270045A7010020A61300C3
:1081A000352F050045A70200D56D03A275A70A006B
:1081B00035A7050054B7000035A7050020B62700F5
:1081C00054B7010035A70500542F0200B55D032AFE
:1081D000752F0A00352F050045B70000352F050023
:1081E00020A6270045A70100352F050020A637004F
:1081F00045A70200C2D22506C874DFFEC5D1402EB5
:10820000DFFE252F355D7A2F0100C53D60CAF517C9
:1082100009009A25202E27006212EA35351705003D
:10822000422F00003517050042A70100B8170900CA
:108230004112352F0500422A5F12D2054507000082
:10824000412AB5FDB8170900411275170A000152FD
:108250004306FFFF98370B00033A753F0A00353F8E
:10826000050047B70000353F050020462700474777
:1082700001005E128200E61135170500AA15422F93
:1082800002000252E5E5031275170A0035170500D2
:1082900042B7000035170500422F010035170500D1
:1082A000202E1300D5ED00122506BC74DFFE260635
:1082B000C874DFFE403EDFFE2806D474DFFE0248AD
:1082C000624AE21D0550C9518A5F0100625ADA15FF
:1082D0000658C2592767355D2B5F0100EB61C90560
:1082E0002B58CB61A505AB610858C2592B5F010023
:1082F000EB61B1054A0700004412414AA5E57F0041
:108300004016DFFEE257955A7F00800721CF4016C6
:10831000DFFE620731734016DFFE620735733406F5
:10832000D074DFFE3506BC74DFFE03B240BEDFFE54
:1083300040C6DFFE03CA5FB2F21595170100621254
:10834000821555070000F717955A6012A20D77079E
:10835000945A5807A874540700001930BFFFACF4B2
:1083600041AA41A295ED40063FCF80072100220699
:10837000BC74DFFE2506C874DFFE2606D474DFFE5B
:10838000033A5F3AB20D6607010065070100420734
:1083900000004432442A4112D5F54016DFFE821710
:1083A000A9746012D205402EDFFE6517945A40165C
:1083B000DFFE221705D46012BA0540063F00E2C76F
:1083C00060F9C5FD8107E1FF4016DFFEA22FAB7407
:1083D000612A06A040AEDFFE20B63100EA2D342F20
:1083E0000100A5370300052F0200C82A05317537A3
:1083F0009A5A4207AB7403BA1730BFFF0EF4341712
:10840000050042B7000034B7050056BF0100F5AFC4
:108410009B5A15B088B23417050042B7020034B732
:10842000050056AF030034AF05005507040004AA49
:1084300074AF0A008007180540BEDFFE9717995AEF
:10844000601240C6DFFE40CEDFFEDA15142F0800B2
:10845000582FA15A342F0100A5370100C6368000DD
:108460005937A05AA5370300052F0200C82A053145
:1084700075379A5A611240D6DFFE20DE7F0020E673
:108480007200EA070F013A479D5A88C70B0060C285
:10849000D2055EC2A21D61C2E22D34AF050055DFD8
:1084A000000034AF050055B7010034AF050055E7B3
:1084B000020003AA74AF0A005707985A3AA79D5AB8
:1084C0005407140080074403A8AF030088B70300D3
:1084D000A8BF010088C7010034370100C8BA18B925
:1084E000C8AA16A9D0AA17A94432033AF5C760F959
:1084F00080073C02A8C7030088CF0300A8DF010063
:1085000088E7010034370100C8DA1CD9C8C219C194
:10851000D0C21BC14432033AF8C760F934C7050022
:1085200058B7000034B7050001C256C70100F5AFC7
:108530009B5A15B088B234C7050058B7020034B74B
:10854000050056AF030000AA3AB79D5AB6C70F0000
:10855000D5CEFF00F8C9B90D34C70500D9C1D6C9B9
:1085600019B70D0058B7040041AAF5EDB6AF0900E0
:10857000D8A95FAA74AF0A005707985A3AA79D5A1C
:10858000540714003AA79D5A54070A008007C003F5
:10859000B817A15A631220EE1300EB0D34AF05009B
:1085A00055DF000034AF050055B7010034AF0500BA
:1085B00055EF0200D52DF5379B5A27069C5ADFFE52
:1085C00080FFB8036052821D3A179D5A822F010026
:1085D000A2370100C8320531822F0300A23F0300F9
:1085E000C83A0539D03A0639821DA2370B00BFFFC1
:1085F000BAF16052AA1534AF050055DF000034AF60
:10860000050055B7010034AF050055B7020003AAB5
:1086100074AF0A008007F4013A179D5A82370D00A3
:10862000BFFF6CF16052CA0D34AF050055DF00008A
:1086300034AF050055B7010020B63300D5E5343717
:108640000100A6170100C2167F005F126212FB35FF
:10865000202E24003A479D5A42000300BE001C0110
:10866000B8C7A15A88170700E2C1EA070F0288C7F6
:108670000B0060C2EA077701A82F0100C82A88C74B
:1086800001001829A8C70300C8C288EF03001DC154
:10869000D0C205C120EE2200AA2534C7050058DF4C
:1086A000000034C7050058B7010034C7050058EF73
:1086B000020003C274C70A0080075001342F05006E
:1086C00045DF0000342F050045B70100342F0500B9
:1086D00020AE120045AF020080072A01443201F2A9
:1086E0001E38F8C760F9402EDFFE852FDF74602A40
:1086F000EA07890140EEDFFE9DEFDD7460EAFA5D76
:1087000040EEDFFEBDEFDD7460EA9A4D3AEF9D5A10
:108710009D2F0B00622AEA0D9DEF130061EAAA0D5E
:1087200034EF01005DB7000057F7985A04528007F4
:10873000200299EFA15A1D0680FFE2073B0234EFA9
:1087400005005DB7000034EF05005DF70100F5EFAF
:108750009B5A1D28882A34AF0500552F0200342F5C
:10876000050045EF030000EA3A2F9D5AA5AF0F0020
:10877000DDB6FF00F5B1B90D34AF0500D6A9C5B11E
:10878000162F0D00552F040041EAF5EDA5EF090065
:10879000D5E95FEA74EF0A008007B40134EF050001
:1087A0005DDF000034EF05005DB7010034EF050028
:1087B0005DE7020003EA74EF0A00F52534EF0500D7
:1087C0005DDF000034EF05005DB7010034EF050008
:1087D0005DB7020085F5B8C7A15AA8170700E2C126
:1087E000CA4D88C70B0060C2BA1534AF050055DF0B
:1087F000000034AF050055B7010034AF0500552F18
:108800000200032A742F0A00025280074401992FA4
:10881000A15A050680FFE2075F01A82F030088C761
:108820000300A8CF010088DF0100C8CA1BC9C82AFD
:108830001829D02A1929443202C21838E5C760F92C
:10884000342F050045B70000342F050045C701004F
:10885000F52F9B5A05A888AA34B7050056AF020029
:1088600034AF0500552F03003A2F9D5AA52F09005C
:108870005F2A742F0A00B56D342F050045DF000014
:10888000342F050045B70100342F050045EF0200E5
:1088900095BDB817A15A883F0900E711BA5D88EF66
:1088A0000B0060EAFA0D34AF050055DF000034AF6D
:1088B000050055B7010034AF0500552F0200BF0772
:1088C00050FD99DFA15A1B0680FFD255A8DF030097
:1088D00088EF0300A8170100882F0100C8120511B6
:1088E000C8DA1DD9D0DA02D9443203EA1D38FBC7F1
:1088F00060F934DF05005BB7000034B7050056EFC0
:108900000100F5B79B5A16D888DA34EF05005DDF11
:10891000020034DF05005BB7030000B23ADF9D5A66
:10892000BBEF1100D616FF00FD11B90D34EF0500A5
:10893000C2E9DB1102DF0D005DDF040041B2F5ED9D
:10894000BBB70900DDB15FB274B70A00015241063E
:10895000FFFF3417050042DF00003417050042B75F
:1089600001003417050042EF0200031274170A00D9
:10897000BF0798FE0352C5ED001225063C73DFFECB
:10898000C246FFFF0848F54F4002C5498957050018
:10899000094F0500C84A0A49C900E931820D411250
:1089A000C246FFFF6242D3ED00527F00F54740020E
:1089B000C829672F010001527F0022063C73DFFEA9
:1089C0004A12032A4207000022161500E506090094
:1089D0004016DFFE4207DE744016DFFE4207DC74FD
:1089E0004016DFFE4207DD744016DFFE4207985A4C
:1089F0007F008A072108430713004307120043073B
:108A000011004307100043070F0043070E00430700
:108A10000D0043070C0043070C004016DFFEA22F99
:108A2000AB74612ADA1D4207AB7403A21430BFFF96
:108A3000DAED2206047101FE63170D0063A7110031
:108A40002016F1076317090063070500630701009B
:108A5000084A23460C00013A003280FFA6364A0637
:108A60003F088107E1FF40A6DFFE3417AD5A6012D0
:108A700006A84016DFFE40B6DFFE40BEDFFE40C661
:108A8000DFFE40CEDFFEEA15952F0900622FBC5AAB
:108A9000352F0100053701005637BE5A852F0300D8
:108AA000572FBF5AC5360F00842A582FC05A59373E
:108AB000C15A2217BC5A5B12C200671220D67F002F
:108AC00020DE3400C10D35A7050054D7000035A7BE
:108AD000050054DF010020B61300E51501E21C304B
:108AE000BFFFACEC60529A1D0232BFFFA2EC605295
:108AF000CA1535A7050054D7000035A7050054DF77
:108B0000010020B6330035A7050054B7020003A2C8
:108B100075A70A008007A80102EA1D30BFFF8CEC90
:108B2000605220F63100CA0D35A7050054D7000069
:108B300035A7050054F7010020B62200D5E59617A9
:108B4000BF5A6012EA075B01B717BF5A202E4500D3
:108B5000E511A9353417AD5A6012EA073F0198179D
:108B6000C15A002A0530E229A20D353F0100C5395E
:108B7000A73F0300C8320731412AE5F540A6DFFED2
:108B80005407B05AB92FC15A4312003A07B0E53919
:108B9000C20D0240C741354F0100C8498947010055
:108BA000C8B208B1413AC5F51638BFFF74EC60523F
:108BB000B20560B2EA0D35A7050054D7000035A70D
:108BC000050054DF010035A7050054F7020085A514
:108BD000BFFF06EC6252FA4D16D08AD2D606FF03CA
:108BE000E0D7B4D340F6DFFE7ED7A55A35D70500CF
:108BF0005ADF000035D7050020DE20005ADF0100D3
:108C000035D7050004DA5ADF020035D705005AEFE0
:108C10000300033275370A00BFFFC8EB40AEDFFE2A
:108C20007507C95A40AEDFFE7507A95A40AEDFFE90
:108C300055E7E87494AFB15AF5AE27003A06445AA6
:108C4000DFFED5D19AAF0700BADF0700C8DA15D921
:108C50009AAF0900BAD70900C8D215D1D0D21BD11A
:108C600040AEDFFE75D7B55A40AEDFFE75B7B95AD4
:108C70001C50C51535F705005ED7000035D7050037
:108C80005ADF010035D7050020DE70005ADF0200F0
:108C900003D275D70A00B51503524106FFFF3517F9
:108CA000050042D700003517050042DF01003517E7
:108CB000050042F70200031275170A000252E5EDA3
:108CC0008007E1FF40A6DFFE3417C55A601206A8F0
:108CD00040B6DFFE40BEDFFE40C6DFFEEA0DF51700
:108CE00009007617CC5A5E127717F1743517010018
:108CF000021701005817EC743617CC5A5D12C200E7
:108D0000202E0004E51120CE7F0020D63600C115AC
:108D100020B6130035A7050054CF000035A7050085
:108D200054D7010035A7050054B7020003A275A768
:108D30000A0080071E0101DA1B30BFFF52EA6052B1
:108D40009A0D0232BFFF48EA6052CA0520B63300CE
:108D5000A5E5BFFF84EA6352EA0727019817ED747F
:108D600040E6DFFE9C2FE974E511DA75373FF174B8
:108D700040EEDFFE3D37B55A35470100424280FFE5
:108D800044268A006252BA0D74DFC55A35170500B1
:108D900042D7000075070A000452A54D7407C55A52
:108DA000635220167100EA45402EDFFE252FD55D67
:108DB000612A8A45372FF1744036DFFE263FA95AD3
:108DC000C539663FA95A3D37B55AC5317D37B55AC1
:108DD000402EDFFE2537C95AF63FCD5AC7315E32E5
:108DE0006537C95A1C37E87441325C37E874353747
:108DF000050046D7000018C7EC743537050046C794
:108E0000010075DF0A0040C6DFFE3837A55A5F3221
:108E10007837A55ACA0D40C6DFFE38C7B95A252F84
:108E2000C95AE5C1FA050432BFFFB8E9015240064C
:108E3000FFFF35C7050058CF000035C7050058D7DC
:108E4000010035C7050058170200031275170A0004
:108E50000252E5ED352F050045CF000035CF050066
:108E600059D7010035CF050020D6730059D702002D
:108E700003CA75CF0A0041125817EC74A5ED3517D7
:108E8000050042CF00003517050042D70100351715
:108E90000500202E2400422F020085DD8007210ED0
:108EA00086170900611206A020AE7F0020B63700A9
:108EB000BB056012BA153417050042AF000034AF8D
:108EC000050055B7010020B6130034AF050055B7B3
:108ED000020003AA74AF0A00B54D0132BFFFB0E82B
:108EE00060529A150232BFFFA6E86052CA0D3417CD
:108EF000050042AF000034AF050055B7010020B6B1
:108F00003300C5E5BFFFD2E8645220162400BA350D
:108F1000402EDFFE252FB95A4036DFFE2637A95AEC
:108F2000E629FA154016DFFE4207E8744016DFFE18
:108F30008217ED5DE21627003406445ADFFEC2A117
:108F40000612541712000532BFFF98E8015295151A
:108F5000342F050045AF000034AF050055B70100C0
:108F600034AF050055170200031274170A000252AD
:108F700040063F0E342F050045AF0000342F05009A
:108F800045B70100342F050045170200E5ED8107C4
:108F9000E1FF4016DFFE2217355D012A3406007519
:108FA000DFFE3506085ADFFE0332013A1540144849
:108FB0005F32E235285701008A5F1900AA6719005D
:108FC000C8620B618A5F1B00AA571B00C8520B5175
:108FD000D0520C51EA11811D493F00002857010071
:108FE000405EDFFE2B5F355D2B5E88134A5F180005
:108FF0000B6098624A671B000B6090624A671A0018
:10900000885A4A5F1900C506FF00E205892F010052
:10901000602A0728AA05002A4842414AA5CDC5066C
:10902000FF00BA753606D65ADFFE00BA3806F47469
:10903000DFFE40CEDFFE01D200DA17E062E2E20797
:109040000F0435170100A21711006612EA07F30397
:1090500060E2BA0559D7E0494016DFFE2217D15A1F
:109060006012E31704130250E207B901352F010023
:1090700085370900A53F0900C83A063985370B0036
:10908000A52F0B00C82A0629D02A0729782F01000E
:1090900035370500863F0900A6470900C842074149
:1090A000863F0B00A6370B00C8320731D03208319B
:1090B0007837050078070A0035370100863F0D0034
:1090C00006370D00C8320731783708002606D45A13
:1090D000DFFE06E8DCE99D3701006032DA05052F86
:1090E0000000562F00001B28C5F6FF0069F2EF07AD
:1090F000C701C4F20230DE31863F0100964701000D
:10910000E741D20D412A95F5BFFFAEE603B214B890
:109110005FB2928D5707000041BAB5FD9917E1493A
:109120006112FA05A6170D006012BA050352E56D2B
:10913000261709006012B2FD86370D00BFFF6CE6EE
:109140006052CA2538F7050020167F005E17000020
:1091500038F70500162F00005E2F010038F70500D4
:109160005E17020003F278F70A0002524016DFFE93
:109170002217F974821703000206EDFF922D99174A
:10918000E1496112E3570453B5254016DFFE22176B
:10919000D15ADE11221709001830E2C760F90A1609
:1091A000FFFF6312DB1542000400E2FF130016000C
:1091B000381701000217000022164000382F050062
:1091C0004517000038170A00411278170A005D079A
:1091D0000000C51D38170500202E7F00422F00001B
:1091E00038170500382F0100052F0000422F01001D
:1091F00038170500202E7800422F020038170A0089
:10920000431278170A005DD700004016DFFE2217D0
:10921000FE74352F050045170E00881245170F0004
:109220000AE835170500822F0900A2370900C83265
:109230000531822F0B00A2170B00C8120511D012A6
:109240000611822F0100050681FFCA0D8217030057
:109250000206EFFFE21D020681FFB21D020688FF33
:10926000821D35170100402EDFFE252F355D252E8E
:109270008813422F18000530983242371B00053002
:10928000903242371A00882A422F190054070000F2
:109290001D16FFFF61129B35D736FFFF1B38BFFF3E
:1092A000AEDF35170500A22F1100652ABA2542D777
:1092B0001700B5259917E14960128A1D3817050076
:1092C000202E7F00422F000038170500162F0000C7
:1092D000422F010038170500202E1100422F0200F6
:1092E000031278170A00025295955907E049BF0703
:1092F0003EFE042A422F110063EAEA05D736FFFF3B
:109300001B38BFFF4ADF5907E04964EA4016DFFE19
:1093100022F7355DFA4D35170100821711006012F2
:109320009A4DD736FFFF1B38BFFF24DF35170100EA
:1093300042D710003517010025069C73DFFEA537C4
:109340000700853F0700A5470500852F0500423728
:109350000700423F060042470500422F0400351730
:109360000100822F0500A2370500C8320531822F87
:109370000700A23F0700C83A0539D03A0639DE395E
:10938000423F00000728982A422F03000728902A0E
:10939000422F0200883A423F010035170500A22FF4
:1093A0001100652ACA0542D71700C505042A422FB5
:1093B000110035170100822F0100A2370100C832C9
:1093C0000531822F0300A23F0300C83A0539D03A85
:1093D0000639E7F1D135822F1100612A9A2D64EA0E
:1093E000FA2DA22F0500C82A823705000629A237C8
:1093F0000700C832823F07000731D0320531DE3125
:10940000423700000628982A422F03000628902A97
:10941000422F02008832423701003517010042070F
:10942000110035170500042A422F1100950D42073F
:10943000030042070200420701004207000048AA59
:1094400041BA41E241A241B2BF07F4FBBFFF9EE334
:109450004106FFFF4016DFFE6237D15A7F00220629
:10946000085ADFFE222F090085370900A53F0900B1
:10947000C83A063985370B00A52F0B00C82A0629E4
:10948000D02A07292606F474DFFE662F0100221772
:109490000D00822F0900A23F0900C83A0539822F2A
:1094A0000B00A2170B00C8120511D0120711661786
:1094B0000500660709007F008007210E40A6DFFE39
:1094C0002206BCCFDEFE7417D15ABFFF2EE3BFFFCA
:1094D00090FF00AA0BB25FB2D20D3417D15AD5114A
:1094E000221705006012B205E2C760F935AE100020
:1094F000B5F50332BFFF14E340063F0EBF07BAE2E3
:1095000022060475DFFE25065CD0DEFE07325F32E0
:10951000D215A53F0100C83A854701000839A54783
:109520000300C842854F03000941D042074162470A
:109530000100252E20004412B5ED26064495DEFEDE
:10954000800712168E0721000012232F21002A0601
:109550005CD0DEFE2B060475DFFEC236FF006232F1
:10956000FF4D0660C562CA618C6F0500AC770500CF
:10957000C8720D718C6F0700AC7F0700C87A0D7937
:10958000D07A0E7949790668C26ACB692D6F0100DD
:10959000ED79B2054112A5E58C170900E2418A3543
:1095A000634F0900433F0C00413A23160D005F3A18
:1095B000820D0547000042470000412A411285FD07
:1095C0008C171900AC2F1900C82A02298C171B0010
:1095D000AC571B00C8520251D052055192152317A7
:1095E0001900631705002317150063170100234FA7
:1095F000110023470D00233F0900EAC760F94E061A
:109600003F00541A633F0100A3074F400000840746
:109610002100C53222065CD0DEFEC611A22F030057
:10962000A23F1100824F0300A2570100825F010098
:1096300082671100A26F0F0082770F00A2370B0024
:10964000827F0B00A287090082170900834711005F
:10965000C8520B51C82A0929D02A0A29632F0500AC
:10966000C86A0E69C83A0C39D03A0D39633F010017
:10967000C8820281C8320F31D0321031004A233EF5
:10968000110080FF6425CA06FF00E257000044066F
:1096900020004C1A7F00541A633F0100A3074F407B
:1096A0000000015246061F0022064CD1DEFE822F2A
:1096B000070002170700C8120511402EDFFE6517CC
:1096C000305B7F008A0721CF00A23506245BDFFED6
:1096D00036061CD1DEFE04BA38065CD0DEFE20CE93
:1096E00014005FBAD26DB6170100C812962F0100A0
:1096F0000511C512D811822F1D00A2371D00C832D6
:109700000531822F1F00A2171F00C8120511D012A9
:109710000611922D822F1700602AD22503281930B6
:10972000C5310238F5052747010065470100443A75
:10973000442AE5319AFD42071600B6170900C812FF
:10974000962F09000511B62F0B00C82A96370B007B
:109750000629D02A0229D22DD436FFFF0338E5C7C7
:1097600060F9F52535170100411275170100B62F74
:109770000500C82A963705000629B6370700C83203
:10978000963F07000731D0320531E611C315B617F1
:109790000D00C812962F0D000511B62F0F00C82A14
:1097A00096370F000629D02A0229B205E5C760F9CD
:1097B0007507010036B6100044AA41A2B5952206ED
:1097C0004CD1DEFE822F0500A2370500C8320531DC
:1097D00040A6DFFEF42F315B0538E63F823A603A5F
:1097E0009A15822F0900A2370900C8320531822F4D
:1097F0000B00A2170B00C8120511D0120611FA05B2
:10980000002A412A742F305B4A063FCFE2C760F935
:1098100085FD541A633F0100A3074F400000C53285
:1098200022065CD0DEFEC611A22F1F0082371F0069
:10983000A23F1D0082171D004046DFFE284F205B1F
:10984000414A684F205BC83A0239C82A0629D02A03
:1098500007290310BA0546061F0020361400C5313B
:109860000538F50522470100674701004412443AD4
:10987000E7319AFD01124517160025171400411211
:109880006517140095ED80072100BFFF76FCBFFF30
:109890001AFEBFFFCEC2BFFF14DA40062000BF078A
:1098A0001AFC800721004016DFFE2217355DBFFF3E
:1098B00016FEBFFF2EC4BFFFF8DABFFFD4F6BFFF0E
:1098C000F0DA40062000BF071AC44016DFFEE21798
:1098D000375B601208502206345BDFFEDA1D002A77
:1098E000C546FFFF080601FFFF150548C84A095A8B
:1098F0005F5ACB06FF00A20D0960CC61C90600804B
:109900000C48F2F5AC4E2110C5F5C841C241684F74
:109910000000412AE5E5413A5F3AF20DCA2EFFFF09
:10992000882A864701002541C841C241282F0000EE
:10993000C8522551413295F5CA007F00413200528C
:109940005F32E20587170100C251413AA5FD7F0051
:109950006042D20D6032B20D413A5F3A820D081773
:109960000000461700004132414285FD7F00001291
:10997000E811B90D862F0100874F0100E929FA058A
:109980004112413A4132D5F50152A50500527F00FE
:10999000603AD20D6032B20D41425F42820D07172C
:1099A000000046170000413A413285FD7F00001259
:1099B0002506385DDFFEC24EFFFF624AFF75095083
:1099C000FA574002C5518A5F1700AA671700C8629C
:1099D0000B61005ACB6EFFFFEC69E965AA770900BD
:1099E000C8728A7F09000F71AA7F0B00C87A8A8724
:1099F0000B001079D07A0E79C26A0D70CF718E8704
:109A000001000E770100C8721071CE00EE31B20570
:109A1000415A95E50910FA174002C511A21719001D
:109A2000FA4F4002C9296112CA25CD798F17030068
:109A3000AF370300C83202314C2A0012E711D23D81
:109A4000A54F0100C84A855701000A49A5570300E0
:109A5000C852855F03000B51D05209510648C249D4
:109A6000C9510A4F0000484F000041124142F5E53C
:109A700025161000002AE7298225A2370100C832E6
:109A8000824F01000931A24F0300C84A82570300E8
:109A90000A49D04A0649C54909370000483700003D
:109AA000412A414295ED4112F585413A5F3AD2058E
:109AB000480700004142B5FD7F008007218F06A0C6
:109AC0003506385DDFFE44AA04B208B807C05FB2AD
:109AD000E2075901B5171300C812952F130005119D
:109AE000002A0530E231E9073B01B53F0500C83ADD
:109AF000954705000839B5470700C842954F07004C
:109B00000941D04207410538C839874F0100073F56
:109B10000100C83A0939C700E7A1C205442A413209
:109B2000A5E5C600C232C64188170300A82F03006E
:109B3000C82A022900121738B5470900C8429537CC
:109B400009000641B5370B00C832954F0B000931AB
:109B5000D0320831F811B20D0540C241C831074773
:109B60000000464700004112413AF5E5B53F0300C9
:109B700095170300B52F010095470100C82A082951
:109B8000C83A0239D03A05395C3A44328046FFFF80
:109B9000BFFF3AFDB5170900C812952F090005113E
:109BA000B52F0B00C82A95370B000629D02A0229A9
:109BB0000A10881245170200B5170900C812952F20
:109BC00009000511B52F0B00C82A95370B0006298F
:109BD000D02A022945570300B5470B00B53F0300C3
:109BE00095170B00B52F0900954F0300B5570100DD
:109BF000955F090095670100B5371100956F110059
:109C0000C82A0B29C8420241D0420541C8520C5112
:109C1000C83A0939D03A0A39C8320D3180FFEE1AF4
:109C200035AE1A00BF07AAFE40063F8FBE0721CF00
:109C3000231E88FE2016F40100A20328C511C505C5
:109C400045A70000412AE511CAFD4307000035067B
:109C5000385DDFFE44AA04B201BA5FB2825DB53F4F
:109C6000030095170300B52F010095470100B53794
:109C70001100954F1100C82A0829C83A0239D03A74
:109C80000539C832093103C0184080FF8C1B1410FD
:109C9000B52F0900C82A953709000629B5370B00EA
:109CA000C832953F0B000731D0320531B52F010086
:109CB000C82A953F01000729B53F0300C83A9547D8
:109CC00003000839D03A0539C72EFFFFC246FFFF0F
:109CD000E541990DC831D841082F0000462F0000FA
:109CE0004112F5D5A6C7030006CF02005C3A443204
:109CF0008046FFFFBFFFD6FBC8CA18C9D900EAC912
:109D0000BA0555BF150035AE1A0085AD231E780182
:109D10007E063FCF00527F0000527F0000527F003E
:109D20008007210080FFFE014016DFFE42571C75B0
:109D30008A0040063F00800721002806607ADFFE87
:109D40002016AAFF48170000202E5500482F0100BA
:109D500048170200482F030080FF90028A00400647
:109D60003F00BF074AB9BF076EB9BF0792B9BF0727
:109D7000B6B9BF07DAB9BF07FEB9BF0722BABF0736
:109D800046BABF076ABABF078EBABF07B2BABF07E3
:109D9000D6BABF07FABABF071EBBBF0742BBBF0791
:109DA00066BBBF078ABBBF07AEBBBF07D2BBBF073F
:109DB000F6BBBF071ABCBF073EBCBF0762BCBF07EC
:109DC00086BCBF07AABCBF07CEBCBF07F2BCBF079B
:109DD00016BDBF073ABDBF075EBD85050008001070
:109DE00000180020002800300038004000480050D3
:109DF00000580060006800700078008000880090C3
:109E0000009800A000A800B000B800C000C800D0B2
:109E100000D800E000E800F000F8E0072000E0874C
:109E2000200080FF140026060044DEFE80FF320082
:109E3000E002460000001F700032003A80FF14006C
:109E400026060040DEFE003A80FF08000EF87F0084
:109E5000C505660701004432E639CBFD7F00E627E1
:109E600020082A0600EAFEFFCA370000CA370200AF
:109E7000CA3704007F0023064881DFFE2406000065
:109E800000003E0600000000260630D5DEFE270654
:109E90003CD5DEFE28063CD5DEFE290644D5DEFE96
:109EA000FF02E02F0000E6574008D5529E52E20D17
:109EB000E5574000405E01000B51EA2F2000405E54
:109EC0000200EB372000E03F2000E5574000EA1F8A
:109ED00020003F06E69EDEFE2A062AA1DEFEEA17E5
:109EE0002000E0074A0185058A07210080FF0073F2
:109EF0004016DFFE6207407625062076DFFE083238
:109F0000203EAA00653F0100442AE6060700082A11
:109F1000622F407663070100033080FFB2864A0655
:109F20003F008A07210E06A007A880FFC2724016D4
:109F30000100E2A1E91D1528D42914B08DB2E2294F
:109F40009B0D20160020E2A9E1AF06ABA3258DAA48
:109F50008525D42EFF1FD205203600E046A1A5A9F5
:109F6000002A1430C531E2319915252E00E0A5FDF7
:109F700054B6FFFF8FB248B215108F12D506FF7F7F
:109F8000BA0502A8E5054112D5FDD5298D2A05A8F7
:109F900001A263A7010063B7090063AF0C0003309F
:109FA00080FF2C86231711006012A21D0612631772
:109FB0000100033080FF1886231711006012FA0D8C
:109FC00001126317010063B7090063AF0C0003308F
:109FD00080FFFC85231711006012A20500A280FFFC
:109FE000507214504A063F0E8A07210E07A088A21D
:109FF000C706FF0008A806B0A20541A280FFF071C5
:10A0000002126317010063AF050063B7090063A77D
:10A010000C00033080FFB88523171100601201A2E5
:10A02000A20500A280FF0A7214504A063F0E840760
:10A03000210C06A007A843070700430706004307B3
:10A0400005004307040043070300430702004307DA
:10A0500001004307000043070000203E0004BFFF4B
:10A06000C4FE6052D2150012042A0330E2AF8238D7
:10A07000463F000048124132E5060D000340043A15
:10A080001430BFFF66FF6052B20544063F0C005219
:10A09000D5FD80072108E007600140A6DFFE0D1214
:10A0A00074174576260690D2DEFE80FFE070745766
:10A0B00045766052DA0580FF2C6F7457457640165E
:10A0C000DFFE42578D5D80FF267134064876DFFE45
:10A0D00074070100143080FFF68434171100402EFD
:10A0E000DFFE45178C5D4016DFFE222F5976612A70
:10A0F000D2FD015240063F08823A413A5F3AC2150A
:10A1000026170100002A054A08505F4AA20DC55EC5
:10A11000F807EB1782584A5F0000482A4152E5F5DC
:10A1200044424432C5ED01527F008A07210F08A244
:10A1300023AE0C002206A8D2DEFE1428D529153045
:10A14000F505023F0000463F000041124132E6297A
:10A150009AFDBFFF08B4BFFF28B420B6660663B7F8
:10A160000900630705006307010000BA17301738BC
:10A170001540144880FF8C1F63B709006307050072
:10A1800063070100023A17301540144880FF741F1E
:10A19000BFFF0AB4BFFFF8B4C5FD8007210F340626
:10A1A000B8D4DEFE0DAA07B006B85FAAE23D1417C8
:10A1B0000500C812942F05000511C200172F0100D9
:10A1C000C82A973701000629C500E511CA2D97173F
:10A1D000050062129A15B73F030097170300B437C2
:10A1E0000900942F0900C83A0239C83205311640D7
:10A1F000BFFFBEF7851DB43F030094170300B42FC3
:10A200000100B747030097370300944F0100C82AA5
:10A210000929C83A0239D03A0539C84206411630F0
:10A22000BFFF70F74AA2A5C5005240063F0F820744
:10A23000210E430703000012074006A02506B8D4EC
:10A24000DEFEC236FFFF6B32DF4D0638EA3F4002CA
:10A25000C539874F0500073F0500C83A0939C700CF
:10A26000144F0100C84A945701000A49C900E9394E
:10A27000FA35943F0500623ABA35EA374002C629FA
:10A28000A537090085170900B43F0300942F030088
:10A29000C8320231C83A0539BFFF22F8141701004D
:10A2A000C812942F01000511C200802E99F1E5110A
:10A2B00001529A1D23A6030001AA0AB216301538CE
:10A2C0001440BFFFECF614170000411243170300BF
:10A2D000163015381440BFFFE4F71550C50541127C
:10A2E00095B5005242063F0E8007A1FFE617090010
:10A2F000022EFDFF40A6DFFE742F905D262F010089
:10A3000085AF0300A52F0100C82A05A9631206B076
:10A3100020BE7F0020C62E0020CE13009F1536A73A
:10A32000050054BF000036A7050054C7010036A73A
:10A33000050054CF020003A276A70A00A55D001213
:10A340003A0610D4DEFEC2DEFFFF6BDA20E63100F3
:10A35000AF2D1B28EE2F4002DA2985370100052F8B
:10A360000100C82A0629C500E5A9B2054112C5EDBC
:10A37000EEDF4002DAD99B370B00BFFF2ED46052CC
:10A380000012BA153617050042BF00003617050047
:10A3900042C701003617050042E702000312761794
:10A3A0000A00F525011200DA6012DAED1B1703002E
:10A3B000C8129B2F03000511C200F42F915DE22902
:10A3C0009A6D9B370D00BFFFC6D36052DA1536AFCA
:10A3D000050055BF000020BE330036AF050055C74D
:10A3E000010036AF050055BF020003AA76AF0A0090
:10A3F00002524006BFFF00CAD916FFFF6B12AF3DE5
:10A40000EE174002DA11822F010002170100C81274
:10A410000511C2001B2F0100C82A9B370100062925
:10A42000C500E511B20541CA85ED1BCF09005ECA22
:10A43000990061CAFB1D363F0100433A1B30BFFF44
:10A44000F0FD60528A0D36AF050055BF000020BEFA
:10A450007200C5C502BA76BF0A0015B888BA36C7F9
:10A46000050058BF010036B7050056AF0200015283
:10A4700095C536CF050059BF000036BF050057C748
:10A48000010036BF050057E7020003BA76BF0A0095
:10A4900085B53617050042BF00003617050042C7D4
:10A4A00001003617050042CF0200BF07F2FEE61793
:10A4B0000900621220163E00202E7F009A2D263FB2
:10A4C0000100A73F0100070680FFBA0503527F0085
:10A4D000603A263F0500BA0D471700002617050011
:10A4E00042070100015266570A007F00472F000013
:10A4F000262F050045170100202E12002617050003
:10A50000422F0200031266170A0002527F00263F04
:10A510000500472F0000262F050045170100202EBB
:10A520001300D5ED7F008507E1FF63070600630791
:10A53000040063070200630700006307000040A6F1
:10A54000DFFE01AA74AF955DE61709002506FFFF3F
:10A550000100C229812A023EFDFF663A06B020BEF4
:10A560007F00EB079501C2060100E2078D01001292
:10A57000C236FFFFC5C6FFFFF831E915C63103C07B
:10A58000C6C1363F010086460100C74108470000AA
:10A59000C84278470000C731863703000641784734
:10A5A00000004112E5E500CA3A0610D4DEFE19109B
:10A5B00019D8D92EFFFFF829E9070D01C52903E0B5
:10A5C000C5E1FCEF0100002AC5F6FFFF6BF29F1DFD
:10A5D000EEF74002DAF19E3701001E3F0100C83A53
:10A5E0000639C700E7E9B205412AF5EDBE370B0091
:10A5F000BFFFB8D16052002AEA0541CA1E10A5DD8E
:10A60000012A02F0A516010092FDBE370D00BFFF22
:10A610007ED1605236DF0500C2253417955DC2D960
:10A6200088EA5BEF000036DF0500C2D91C2F00006E
:10A630005B2F010042127417955D363F0500C23949
:10A640001E30BFFF58FBBEDF0300C8DA9E170300B1
:10A6500002D93417955DDB117417955D15D8E5CDDA
:10A660005BBF000036DF0500201622005B170100EB
:10A6700036DF0500201633005B17020003DA76DFB1
:10A680000A0034DF955D20160304E2D9D11536DFC8
:10A6900005005BBF000036DF050020A622005BA797
:10A6A000010036DF050020A614005BA7030003DAD3
:10A6B00076DF0A00E51D5FDA76DF0A007407955D34
:10A6C0000152851DDB06FF00DADD3617050042BFAB
:10A6D000000036BF0500201622005717010036BFC4
:10A6E0000500201631005717020003BA76BF0A0092
:10A6F00002524506FFFF3617050042BF000036171D
:10A700000500202E2200422F010036170500202EC2
:10A710001300422F0200031276170A00A5ED7F00F6
:10A720007F007F007F007F000112002A26065C79EF
:10A73000DFFE27065C78DFFEC546FF00C6414817EE
:10A7400000000240C841C2068000B205A8461B00B6
:10A7500022418200C711422F0000412AC516FF0086
:10A76000020601FF08109AED061700004617FF00C9
:10A770004016DFFE42075C787F006032BA05005267
:10A780007F0022065C78DFFEC61182170100202EB2
:10A79000FF00A22922065C79DFFEC5118257010065
:10A7A0007F0080072100BFFFD4FF05120A285F1237
:10A7B000820D0A30C6318A00875206512A2985FD4A
:10A7C000A55663008A0040063F000112E717C0004B
:10A7D000062F00006042CA0522104229A505022961
:10A7E000462F00007F00E7378000C65601007F003B
:10A7F000820721FF4337030000A206A808B205BA6A
:10A8000014C068C2D24D183E0200F63F803A87005D
:10A810001530BFFFD4FFD4CEFF0023D603001A307B
:10A8200019380A40BFFFA6FFA33703001938BFFF3E
:10A83000B8FF0AD8183E0500F63F803A8700153069
:10A84000BFFFA6FF0A403B411A301938BFFF7EFF09
:10A85000A33703001938BFFF90FF0AD8183E07003E
:10A86000F63F803A87001530BFFF7EFF0A403B412C
:10A870001A301938BFFF56FFA33703001938BFFF3E
:10A8800068FF0AD817301938BFFF5EFF0A403B4106
:10A890001A301938BFFF36FF41A241C2B5B5A33700
:10A8A0000300BFFFD8FE42063FFF8007218F06A0AE
:10A8B00007A800B220BE180004C2F7A782308600A5
:10A8C000BFFFE2FEF757C000D65158BA0AB0F806EB
:10A8D0001500355140063F8F8007210F07A026A1A4
:10A8E00000AA20B6180004BAF6A782308600BFFF7F
:10A8F00002FFF657C000D55158B20AA8F706150056
:10A9000040063F0F8007210C07A062A206A8EF0DAA
:10A91000BFFF18FEC2A22206985DDFFED411223FBF
:10A92000010015304006200C85DD005240063F0C2A
:10A930008007210C07A062A206A8EF0DBFFFECFD67
:10A94000C2A22206985DDFFED411223F010015301D
:10A950004006200CB5AD005240063F0C8007210098
:10A960002616FF008200C3122506A45DDFFEC22961
:10A97000A517070085370700A54F0500852F05009F
:10A98000C84A0549C8120611D01209110730083803
:10A99000E2C760F940063F008007210F261701003B
:10A9A000A22F0100C5A68000E63F0900633A821786
:10A9B000030006A820367F00203E2800BA656012FA
:10A9C000D24D6312BF4DC5B67F0063B2DB2D40365A
:10A9D000DFFE403EDFFE40BEDFFE402EDFFE404E8B
:10A9E000DFFE56000400160019001C000647BC5D7F
:10A9F000073FBD5D0230BFFF66FF013275370A00B9
:10AA0000353F050047B7010057B79873003AF51D69
:10AA10000547BE5DE5ED0647BC5DB5050547BE5D76
:10AA2000093FBF5D85ED031275170A003517050054
:10AA30004237000035370500463F01003537050035
:10AA4000203E1200463F02000232013A60A2E2AF0D
:10AA500000001539E3370453B515031275170A00C2
:10AA6000351705004237000035370500463F010025
:10AA700035370500203E3100463F020002524006B5
:10AA80003F0F031275170A00351705004237000003
:10AA900035170500423F010035170500202E130031
:10AAA000422F0200C5ED01320638BF077CFC261795
:10AAB0000100A2170100C22E8000E63F0900623AA1
:10AAC000203E7F00204685FFAA35C2167F00611216
:10AAD000E2156212A21D26170500423F0000263F24
:10AAE000050047470100263F050020461200474762
:10AAF0000200033A663F0A00023AF50D26470500B8
:10AB0000013A483F0100F505263F0500024247474C
:10AB10000100013A663F0A00613AE2470000602AFC
:10AB2000EA1700006241E33F14537F002617050037
:10AB3000423F000026170500424701002617050086
:10AB4000202E1300422F0200031266170A00025241
:10AB50007F004016DFFE62375D7A7F0082072100AA
:10AB60004016DFFE22175D7A6012232F0900BA0516
:10AB700042063F00632F0100E2C760F9A5FD800790
:10AB8000210F5F3A623A08A0EB072F024016DFFE62
:10AB9000402EDFFE3506445ADFFE40B6DFFE40BEE3
:10ABA000DFFE47000300C600D0002247C15D053A22
:10ABB00006485F3AF20589570100C8420A41414AF6
:10ABC00095FD6247C15D253FC55D443205125F12A8
:10ABD000F205864F0100C83A0939413295FD653FBB
:10ABE000C55D94170B00002A05306212E13704336B
:10ABF000E2072101C54EFF000950E7574402D55135
:10AC00008A5F0300AA670300C8620B618A5F0500C0
:10AC1000AA570500C8520B51D0520C51EA419A7DF7
:10AC2000E9162700D511824F0B00A2570B00C8521E
:10AC30000951824F0D00A25F0D00C85A0959D05A20
:10AC40000A59EB39DB6DA2372300824F2500C84A31
:10AC50000649A237250082572700C8520651D05214
:10AC600009518A371900AA4F1900C84A06498A377C
:10AC70001B00AA571B00C8520651D052095140363A
:10AC8000DFFE6657617E82370700A24F0700C84A81
:10AC9000064982370900A25F0900C85A0659D05AEE
:10ACA00009594036DFFE665FDD5DA2371B00824F2B
:10ACB0001D00C84A0649A2371D00825F1F00C85AFE
:10ACC0000659D05A09594036DFFE665FCD5D562FD2
:10ACD000EC5D022A422F12004A071000083080FF64
:10ACE000DE0054570A003717D15D54171400635221
:10ACF000823D64529A6582006112BA4D0232BFFFF2
:10AD0000E2CA015254570D0054070E000312D52D0C
:10AD1000C54EFF00412A090601FFF207D1FEC60613
:10AD2000FF00DADD01524016DFFE4257DC74D545E4
:10AD300094170B0063128A450152545713005407AD
:10AD40000A00B53D253FC55D2237C15D80FF70001B
:10AD500054570A003717D15D5417140063528A0DF7
:10AD6000015254570D00021254170A00E52564528F
:10AD7000BA2582006112DA0D0232BFFF66CA0152A3
:10AD800054570D0054070E0003AA54AF0A00D515FE
:10AD900054070D0054070E00031254170A009617AB
:10ADA000ED5DE2162700C2A901A255A71200BFFF60
:10ADB000DCCA1450A505015240063F0F8007210E42
:10ADC00040A6DFFE9417ED5DE22E27003506445ABB
:10ADD000DFFED52985571300625207B0D2056352B2
:10ADE000C21D40063F0E6012FA05043A26060060B6
:10ADF0000100BFFF2EEF4016DFFE62B7E15D941742
:10AE0000ED5DE2162700C2A9035255571200401605
:10AE1000DFFE6207D15DE5E50352C5E58007218FBE
:10AE200040A6DFFE9417575A63128A6540AEDFFED4
:10AE3000801600807517F15D2206445ADFFEA22FAE
:10AE4000230082372500C8320531A22F2500821742
:10AE50002700C8120511D0120611822F0100A23757
:10AE60000100C8320531822F0300A2170300C81267
:10AE70000511D012061140B6DFFE363FE15D802E8F
:10AE80000180E53940BEDFFE3737DD5D40C6DFFEBD
:10AE9000A11D803E0080E2C760F96152F2050412F4
:10AEA0005417565A02127817D15D3517F15D36A73F
:10AEB000E15DA2A176A7E15D37A7DD5DC2A177A71D
:10AEC000DD5DC515E2C760F961529A0D00000412FC
:10AED0005417565A01A278A7D15D850D00000412BF
:10AEE0005417565A02127817D15D40063F8F480713
:10AEF0000D0048070A004016DFFE4207DC744016CA
:10AF0000DFFE4207DD7401527F008007E1FF40163B
:10AF1000DFFE4207DE745F3A623A08A0EB079B034C
:10AF20003506DF74DFFE3606445ADFFE40BEDFFE24
:10AF300040C6DFFE40CEDFFE40D6DFFE40DEDFFE55
:10AF400040E6DFFE4700030021012D01051206281F
:10AF50005F12B215953F0300B5470100954F010000
:10AF600085570100553F030055470200554F01002A
:10AF700055570000412AD5ED06160400052A5F2A20
:10AF8000B215953F0700B5470500954F050082575C
:10AF90000100553F070055470600554F050055571E
:10AFA00004004112D5ED95170100B52F0100C82A04
:10AFB000022995170300B53F0300C83A0239D03A79
:10AFC00005390012C22EFF000540E7474402D64172
:10AFD000884F0300A8570300C8520951884F050045
:10AFE000A8470500C8420941D0420A41E839C20DCC
:10AFF0004112050601FFF2E5015240A6DFFE54575B
:10B00000DC748007B602E52E2700D629A547090083
:10B01000853F0900A54F070085570700553F0200EF
:10B020005557000055470300554F0100C84A0A49CB
:10B03000C8420741D0420941853F0B00A54F0B0094
:10B04000C84A0749853F0D00A5570D00C852075152
:10B05000D0520951953F0500B54F0500C84A074930
:10B06000955F0700B53F0700C83A0B39D03A093958
:10B07000EA39BBC5404E0010E941B90D404EDFFE34
:10B080006947DD5D404EDFFE205600046957F55DDF
:10B09000A54F1B0085571D00C8520951A54F1D0023
:10B0A000852F1F00C82A0929D02A0A29404EDFFE11
:10B0B000692FCD5D5717EC5D4016DFFE01EA42EFC8
:10B0C000985A06170800C812A62F0900051178170C
:10B0D000FE5D083080FFE80154570A0039CFD95D82
:10B0E00054CF140067529A0D54EF0D0002AA54AFCA
:10B0F0000A001D508007C4016852EA07BD015A07C3
:10B10000DD7494CF150061CABA35FBCFFB5DF8C77B
:10B11000FF5DF8C9DA2D3CC7617E58CF040088CAAC
:10B1200058CF05005807070058070600B5CF07009D
:10B1300095D70700B5DF050095AF050058CF030090
:10B1400058D7020058DF010058AF00000332BFFF9C
:10B15000BAC697AFED5DF5AE2700D5B15607120020
:10B1600054EF0D0054070E0054070A00B5C597AF01
:10B17000ED5DF5AE2700D5B156EF120054EF0D008E
:10B1800054EF0E008007100194AF0B0062AAEA078B
:10B19000290101525457130054070A0080071C016B
:10B1A000B53F0700B537030095170700B52F050019
:10B1B00095470300B54F010095570500955F0100C5
:10B1C000C82A0A29C83A0239D03A0539C84A0B496F
:10B1D000C8320831D032093180FFE40054570A00E8
:10B1E0003917D95D5417140067528A0D015254570C
:10B1F0000D0002AA54AF0A0085656852DA5D5A074D
:10B20000DD74941715006112AA4DFB17FB5DF82F32
:10B21000FF5DE511CA353C2F617E45170400881299
:10B22000451705004507070045070600B517070045
:10B2300095370700B53F0500954705004517030002
:10B2400045370200453F01004547000003AA15307D
:10B25000BFFFB8C597BFED5DF7BE2700D7B1560752
:10B260001200015254570D0054070E0054AF0A004B
:10B2700040A6DFFE05B254B7F85DF51D97BFED5D42
:10B28000F7BE2700D7B101BA56BF120054BF0D0058
:10B2900054BF0E0054070A000052F50D9717ED5DDC
:10B2A000E2162700C2B101125617120054170D0002
:10B2B00054170E0085F501524006FFFF4016DFFED1
:10B2C0008217ED5DE21627002506445ADFFEC229EB
:10B2D00085571300665225161200402EDFFE4036B9
:10B2E000DFFE4046DFFE404EDFFE820D6752BA05AC
:10B2F00007527F000A06E3FFDA0D653FE15D66074E
:10B30000E95D0752425700001F126817FA5D69078E
:10B31000D95D7F00800721EF40A6DFFE9417575AC2
:10B320006712DA4540AEDFFE3517E15D601240B6C8
:10B33000DFFE8A0D08125417565A01127617D95D8E
:10B34000E53540BEDFFE373FF55DE71140C6DFFE65
:10B35000F847FB5D40CEDFFE3937DD5D40D6DFFECE
:10B36000F315BFFF68E57857FA5D3717F55D39A724
:10B37000DD5DC2A179A7DD5D35A7E15DA2A175A75D
:10B38000E15D3AA7E95DC2A17AA7E95D85150238BA
:10B39000BFFF3AE57857FA5D08125417565A011262
:10B3A0007617D95D7507E15D7A07E95D40063FEFE5
:10B3B00080072100BFFF68FA80FFD200400620000E
:10B3C000A5AD4016DFFE2257C95D60528A5D402E52
:10B3D000DFFE852FED5DE52E27002906445ADFFEAE
:10B3E000C549052A492F120002526257C95D40160D
:10B3F000DFFE623FE15D4016DFFE6207E55D40165D
:10B40000DFFE6207D55D202E0004E539CB15071657
:10B4100001002506607ADFFE5F12820D084F0000F2
:10B42000454F00004142412A85FD4016DFFE623F44
:10B43000FC5DD505022A622FD55D0352401600102F
:10B44000E2314016DFFE402EDFFEF905013A623F91
:10B45000CD5D6537DD5D7F00463E00F0404600046F
:10B46000E839F905653FDD5D022A622FCD5D7F0079
:10B47000463600406537DD5D032A85FD6252BA0518
:10B4800002527F006207C95D7F008007218F40A6BE
:10B49000DFFE3417C95D6212AA4D4016DFFE620757
:10B4A000FC5D4016DFFE2217CD5D61128A4540AE7D
:10B4B000DFFE3517E55D2806607ADFFEC24140B643
:10B4C000DFFE363FE15D20160104E23940BEDFFEBB
:10B4D0003737DD5D40C6DFFE8125203E0004BFFF1B
:10B4E0000AEB6152F20503127417C95D02A278A734
:10B4F000D55D36A7E15D34A600FC76A7E15D35A7F2
:10B50000E55D34A6000475A7E55D37A7DD5D34A6CB
:10B51000000477A7DD5DB50DBFFFD0EA03127417F5
:10B52000C95D6152EA0501127817D55D40063F8F6B
:10B530000212B5FD8007210000122506445ADFFEE5
:10B54000C236FF000638E73F4402C539873F130083
:10B55000603A9A154112060601FFB2F5011248172A
:10B560000D0048070E00043A260600600100BFFFE8
:10B57000C8E7E505011248170D0048170E000052F4
:10B5800040063F008C0721EF0F1280070D11308B12
:10B590002606B8D2DEFE80FFB8836052EA07690152
:10B5A0000512631701006307090063070C006307B6
:10B5B0001100033080FF627A231715006112CA055B
:10B5C00080FF287BA5FD231715006012EA073901CB
:10B5D0003406045FDFFE94170100B42F0100C82A6F
:10B5E000022994170300B4370300C8320231D03265
:10B5F000053140160100E231E9070D0106108E12F7
:10B600003506647EDFFE55170100061086125517B9
:10B610000000942F0500143F0500C83A0539C62ED6
:10B620003F00C729C500862AC700C639C7063F00A4
:10B63000A205412A552F0400C5110538883A553F07
:10B640000500551702000238883A553F03000538B7
:10B65000823A553F0700C62A552F0600C20002064F
:10B6600000FC9F55C6B6C0FF00BA02C201CA9517BA
:10B670000700152F0700C82A0229C500D716FFFFAB
:10B68000E511F93563C7010016D0D7D1DA0063D7C9
:10B69000090063CF0C0063CF1100033080FF7A797B
:10B6A000231715006112CA0580FF407AA5FD2317F4
:10B6B00015006012FA1563CF010063D7090063CF4C
:10B6C0000C00141606006317050063CF1100033049
:10B6D00080FF46792317150061129A1580FF0C7AB6
:10B6E000A5FD231715006012A205000044BA85C508
:10B6F0004016DFFE42CF6C7E1950E505231715007A
:10B700006012D2F500524C063FEF8C0721FF08A0D3
:10B710002206647EDFFE822F010002470100C8423C
:10B720000541C80006A886AAE8A907B0916DC6BE63
:10B730003F0017C0D6C186C21628C629C6CEC0FF94
:10B74000C5063F00A20541C2822F0300A2170300D5
:10B75000C8120511D82EFFFF1530C531E2318F55C3
:10B76000622AEF4D1838C63AC7003A06845EDFFEFB
:10B7700019301A4080FFA200DAB918D8C4DA0012D2
:10B78000C22EFF00F629AE0D1430C5310637000079
:10B79000D729453700004112C5F56307010063AFA3
:10B7A000090063C70C0001A263A71100033080FFEA
:10B7B0006878231715006112CA0580FF2E79A5FD50
:10B7C000231715006012CA1D63A7010063CF09008B
:10B7D00063DF0C0063D7050063A71100033080FF0F
:10B7E0003878231715006112CA0580FFFE78A5FD81
:10B7F000231715006012CA0501524C063FFF005284
:10B80000D5FDC632C7314016DFFE6237717E08387B
:10B810000940BF07A8E28C07218F08A04016DFFE71
:10B8200082176D7E601207A8DA0500B216504C062A
:10B830003F8F3606647EDFFE96170100162F01004B
:10B84000C82A0229C50006108612E511F1ED9617E7
:10B850000300B6B70300C8B202B1C6B20610D511D4
:10B86000F611CFE5C6BE030006B0B7B11528D7293B
:10B87000C2060300D205D5311C120231A629C5002B
:10B88000050680FFBFD503126317010063B70900E7
:10B89000822A632F0C003806045EDFFE63C70500B2
:10B8A00001B263B71100033080FF6E7723171500D4
:10B8B0006112CA0580FF3478A5FD231715006012B8
:10B8C000DAB5D8B90012C22EFF00F5298EB51730AF
:10B8D000C53106370000D429453700004112C5F5AF
:10B8E000C632C7314016DFFE6237717E7F008C079B
:10B8F00021CF3406845EDFFE2016410014285F123B
:10B90000D20545070000412AB5FD07A8C6A901B226
:10B9100020BE100006C0D8CEFFFF190600FCEF3590
:10B92000F5C9CE356307010063CF090063B70C008A
:10B9300063B71100033080FFE076C6CA23171500F5
:10B940006112CA0580FFA477A5FD231715006012B8
:10B95000DA1D63B70100D916C0FF6317090063BF82
:10B960000C0063A7050063B71100033080FFAA76BF
:10B97000231715006112CA0580FF7077A5FD2317F4
:10B9800015006012BA0541C2F5C500524C063FCF02
:10B990009E07210E2606B8D2DEFE80FFB47F6052DD
:10B9A000EA0783013406105FDFFE20160005250636
:10B9B000443322111430662F01004432E20607009E
:10B9C00005126317250063072D0063073000630726
:10B9D00035002336240080FF40762317390061129A
:10B9E000CA0580FF0677A5FD231739006012EA0714
:10B9F0003301021263172500041263172D0001AAF8
:10BA000063AF300063AF35002336240080FF0A7631
:10BA1000231739006112CA0580FFD076A5FD2317D0
:10BA200039006012B20D231739006912AA1D4016A1
:10BA300020FF221704006317020063072500630735
:10BA40002D0063AF300063AF35002336240080FF44
:10BA5000C875231739006112DA0580FF8E76A5FDBF
:10BA60008505231739006012BA5D63AF25006307AF
:10BA70002D0008B263B7300063A7290063AF35001B
:10BA80002336240080FF9275231739006112CA05FE
:10BA900080FF5876A5FD2317390060128A4503A25E
:10BAA00063A7250063072D0063B7300023B60400A9
:10BAB00063B7290063AF35002336240080FF5A7531
:10BAC000231739006112CA0580FF2076A5FD2317D0
:10BAD00039006012BA2563A72500201620006317DD
:10BAE0002D0063AF300063B7290063AF3500233604
:10BAF000240080FF2475231739006112CA0580FFD6
:10BB0000EA75A5FD231739006B12E20523173900EA
:10BB10006C12A20585055E063F0E85058505850527
:10BB200085058505E0FF2000E53F40002606747E80
:10BB3000DFFE663F01002036A0000731E62F20001F
:10BB40007F00E0FF20002606747EDFFE263F010016
:10BB5000E72F20007F007F007F008007210080FF0B
:10BB600028004016DFFE25062ABCDEFE622F2D735C
:10BB700028061073DFFE270690D3DEFE0032400653
:10BB800020008007C8008807210C43070100220617
:10BB9000F1FFFF00431703002016FFF143170200D7
:10BBA00001A243A704004307050002AA43AF060011
:10BBB000233E010023360200BFFFE2E5A317010088
:10BBC0005F126212AB0D420003000500070000AADD
:10BBD000C50514A8A50503AA95004016DFFE62AFAF
:10BBE000197348063F0C860721006232231715009F
:10BBF000232F1100085007408B0D46000300090059
:10BC0000150000320638E505005246063F00013AAD
:10BC1000003263170900632F0500634F01000A48D3
:10BC200080FFE004B5F5023AC5F582072100071050
:10BC300063470100232F110023370D00093802400C
:10BC40000548BFFF1AEF42063F008B07E1FF06A041
:10BC500007106317050008106317110080FF8A0D95
:10BC60000AAE0000E1A704A3E207870435178D00A0
:10BC7000C2060800CAFD3517890082160100192A7C
:10BC800045117517890035178D00C216070061121E
:10BC9000BAFD201600017517990035178500202E72
:10BCA000EFFF45117517850075079D00C3A2220699
:10BCB000A8D3DEFED4116317090035A6040763A7D5
:10BCC0000D0035160007352E0C1035360410353EA4
:10BCD000001015A6040063A701000042404E00803A
:10BCE0002A06FFFFFF1F2B06FFFFFF7F0860086883
:10BCF000087008A0C87EFF002387090090B70100E4
:10BD0000F679E9078F020F80C482238F0100D08962
:10BD10003197010092960100199A53917197010091
:10BD200031970100D29607006192BAFD0F88C38A4D
:10BD300023970500D191929F0100619AEA074F0273
:10BD4000929F0300F379EA074502239F1100D389EC
:10BD5000319F0100639AF60531BF050065BAE7A778
:10BD60001CA3FE5D639AEB0D5300040008000C0059
:10BD70001000330627800401C50D3306138004012B
:10BD8000850D330609800401C505330604800401CE
:10BD9000D581709F0100B28701006182AA45318779
:10BDA00005006682DB15500007000D001300190026
:10BDB0001F0025002A000F80C582310627001401CC
:10BDC000D52D0F80C582310613001401F5250F8093
:10BDD000C58231060900140195250F80C582310600
:10BDE00004001401B51D0F80C58231060100250134
:10BDF000D5150F80C582408E250185150F80C5821F
:10BE0000238F0D00D089319F010037060003080001
:10BE10001799719F0100408E1401C281708F01003B
:10BE2000B2870300CC8EFFFFD0891106FFFEE3A787
:10BE30001CA3EE075901C7B2F689E4A71EA3EF07BA
:10BE40004D016082CA0505A28007420132B7050094
:10BE500060B2A2FD627AAB154F0003000500070037
:10BE6000D882C505D082A505C88235B79D00168148
:10BE700075879D00B2B70300D661E37A487A01B2B4
:10BE8000EFB7C2B0007A0E80CE8EFFFF1106C1FF61
:10BE9000CF7D358F9900D09EFFFF1389758F990054
:10BEA0000F8E0100009A0FB8D3B90DC0D3C1D8CE00
:10BEB000FFFF6FCACB5D19D0C4D207D8DAD97B0790
:10BEC000010006E0DAE17C070100C5D17A07010034
:10BED000D7EEFFFFC4EA32F70500DDF13EF70D00B3
:10BEE00060F23BF701008A1D4BF17BF7010032F74E
:10BEF0000500DDF13EF70100DEF6FF073BFF010024
:10BF00001EF97BFF010032DF0500DDD93BDF0500B4
:10BF1000DBDEFF07D51509F17BF7010032F70500DD
:10BF2000DDF13EF701004AF13BFF01001EF97BFF06
:10BF3000010032DF0500DDD93BDF05004AD93CEFC7
:10BF400001001BE97CEF01003CDF010009D97CDF27
:10BF500001007AB7010011D0D3D1DA00B2DF0300BB
:10BF6000FBD1B205419A85A541C241BA50CABA0572
:10BF7000418200C2D76EFFFFB27F0300EF691868ED
:10BF8000C20541721778958510704142BF0768FD60
:10BF900035179900202EFFFE45117517990035BE03
:10BFA00018010012250670106000C236FF00F6313D
:10BFB00091150012250670116000C236FF00F6319F
:10BFC0008915E3374002C232D731662F050041128E
:10BFD000D5F5EC374002D731662F01004112E5E577
:10BFE00080FF7C0935178900182A451175178900CB
:10BFF00035178D00C2060700CAFD0012C236FF00C9
:10C00000F631E0171213FA371233C90DEC3740023C
:10C01000D731263F0100873E0300663F01004112F1
:10C02000E5EDC23EFF00F639E017121399250740EF
:10C03000C342234F0500C941884F0100614AEA15F8
:10C0400088470300E839AA15C43A23470100C839D4
:10C0500027470100884602004641674701002747FD
:10C060000100C84607006242BAFD4112B5DDC23682
:10C07000FFFF060601FFE0171C13CE05411285FDE8
:10C080004112C236FF00F631E01712138915E3376B
:10C090004002C232D731013A663F05000032C63E47
:10C0A000FFFF070602FFDFED4132A5FDC236FF00AC
:10C0B000F631E91D0638C33A23470500C8398747DA
:10C0C00001006142BA15873F0300E731FA0DC4321F
:10C0D000233F0100C731263F01004539663F01007B
:10C0E000263F0100C7060700CAFD411285E5D45668
:10C0F000FF004B06FFFF011280078D1001A07F009B
:10C10000800721CF06A007A808B009B880FFDA0889
:10C11000C3A22206A8D3DEFED411A22F0100F52867
:10C12000412A605223372500233F210023A71D0009
:10C13000E2570453C20D82170100E2A9E3571253DC
:10C14000E90560A2EA0569BAC10504528A00A5554D
:10C1500061A220AE4000BA05F5B98BFD0510C212F0
:10C16000C2C6FC03CAC138177901C2060200E157F2
:10C170001453DAEDC72AC516807F0AC8C2C939161A
:10C180000064613A9A0D402E008005312506FFFFBC
:10C19000FF9F4531B505C636FF07623701001730EE
:10C1A00080FF5600DC52795705643916086461A295
:10C1B0008A0D222F0100852E0600622F0100B50591
:10C1C0006207010039160C64022845070000412A65
:10C1D000F506070041BA5FBA820D162F0000422F04
:10C1E000000041B2411285FD2016FF007817D901E9
:10C1F000005240063FCF6832A32D6C32E937063338
:10C20000E32520161000E231EA3706338325201695
:10C210001400E231EB370633A31D20161800E2317B
:10C22000EC370633C31520162000E231ED37063314
:10C23000E30D20163000E231EE370633830D201671
:10C240004000E2310F32B30508527F0006507F00F4
:10C250007F00231EB4FF630F090063170D00632FD7
:10C260001100A3074F310000A307CF410000A3072F
:10C270004F520000A307CF620000A3074F730000D6
:10C28000A307CF830000A3074F940000E7474000B7
:10C29000E64F4000A3070F4000009707E1FF00A210
:10C2A00063A71100143080FF40072A16D8016317D6
:10C2B00029002A160C64631725002A1608646317E0
:10C2C00021002A16046463171D002A1600646317F0
:10C2D00019002A1678016317150020AEFF0040B63A
:10C2E000DFFE3706787EDFFE00C214C81410631725
:10C2F0000D004016DFFEA217A9D3232F1100C52E73
:10C30000FF00E229E907570123170D008200C5113C
:10C3100063170D00C212C2A6FC032317150002D03A
:10C32000D4D13A170100C2060800E2070B013A1700
:10C330000100172A45117A17010023170D00C712B3
:10C34000C2DE807F2317250002E0DBE123172100F6
:10C3500002E8DBE923171D0002F0DBF123171900C7
:10C36000C2D923172900C2A13A170100C206010051
:10C37000AA653B170100402E008065113B170100A4
:10C38000DA05C216FF071828E5052506FFFFFF1F7F
:10C390004511012A3B370100403E00406731CA0584
:10C3A0003ECF01009CCA3D370100C60604000032A2
:10C3B0008225D936FF0057326632AB1D4600070092
:10C3C00007000A000D0010001300160020CE100018
:10C3D000F50D20CE1400C50D20CE1800950D20CEF1
:10C3E0002000E50520CE3000B50520CE400001320A
:10C3F000003AC746FF00D94EFF00E941A20D174899
:10C40000C849DC410847000049470000413AA5F50A
:10C4100074AF010036572D736052F2A563170900FF
:10C42000632F050063370100183018381740EAC73A
:10C4300060F9B59D3A170100C2061000820D3A1747
:10C440000100202EEFFF45117A170100231711007C
:10C45000411263171100BF079CFE5706E0FFA307B8
:10C4600009400000E83F2000E9372000A307499475
:10C470000000A307C9830000A30749730000A307B6
:10C48000C9620000A30749520000A307C941000088
:10C49000A30749310000232F110023170D00230F9C
:10C4A0000900231E4C00E0074801231EB4FF630F60
:10C4B000090063170D00632F1100A3074F3100001F
:10C4C000A307CF410000A3074F520000A307CF628C
:10C4D0000000A3074F730000A307CF830000A3074A
:10C4E0004F940000E7474000E64F4000A3070F408D
:10C4F00000009707E1FF00A263A71100143080FF3E
:10C50000E8042A16D801631729002A160C64631759
:10C5100025002A160864631721002A16046463178D
:10C520001D002A160064631719002A167801631784
:10C530001500031263170D0040AEDFFE3606B87E0D
:10C54000DFFE01BA00C24016DFFEA217A9D3232FD7
:10C550001100C52EFF00E229E9075D0123170D0038
:10C560008200C51163170D00C212C2CEFC0323174F
:10C57000150002D0D9D13A170100C2060800E2071F
:10C5800011013A170100172A45117A1701002317E4
:10C590000D00C712C2DE807F2317250002E0DBE119
:10C5A0002317210002E8DBE923171D0002F0DBF16D
:10C5B00023171900C2D923172900C2C93A1701004D
:10C5C000C2060100DA653B170100402E00806511AC
:10C5D0003B170100DA05C216FF071828E5052506F6
:10C5E000FFFFFF1F4511012A3B370100403E00407D
:10C5F0006731CA053EA701009CA23D370100C6066F
:10C60000040000329225D436FF0057326632FB1503
:10C610004600070007000A000D0010001300170075
:10C6200020A61000C50D20A61400950D20A6180008
:10C63000E50520A62000B50520A630000132C5057D
:10C6400020A640001730003AC746FF00D44EFF0036
:10C65000E941A20D1648C849DC4108470000494796
:10C660000000413AA5F5203EFF00793F0100355713
:10C670002D736052C2A563170900632F050063374D
:10C680000100183017381640EAC760F9859D3A173F
:10C690000100C2061000820D3A170100202EEFFFA4
:10C6A00045117A1701002317110041126317110079
:10C6B000BF0796FE5706E0FFA30709400000E83FCA
:10C6C0002000E9372000A30749940000A307C9838D
:10C6D0000000A30749730000A307C9620000A30775
:10C6E00049520000A307C9410000A30749310000D7
:10C6F000232F110023170D00230F0900231E4C00C8
:10C70000E0074801231EB4FF630F090063170D0003
:10C71000632F1100A3074F310000A307CF41000092
:10C72000A3074F520000A307CF620000A3074F7377
:10C730000000A307CF830000A3074F940000E74742
:10C740004000E64F4000A3070F4000009707E1FFBD
:10C7500000A263A71100143080FF8E022A16D801B0
:10C76000631729002A160C64631725002A1608642B
:10C77000631721002A16046463171D002A1600643B
:10C78000631719002A16780163171500061263173C
:10C790000D0040AEDFFE3606F87EDFFE02BA00C2B4
:10C7A0004016DFFEA217A9D3232F1100C52EFF00CC
:10C7B000E229E9075B0123170D008200C511631709
:10C7C0000D00C212C2CEFC032317150002D0D9D12E
:10C7D0003A170100C2060800E2070F013A170100EC
:10C7E000172A45117A17010023170D00C712C2DE60
:10C7F000807F2317250002E0DBE12317210002E8F8
:10C80000DBE923171D0002F0DBF123171900C2D961
:10C8100023172900C2C93A170100C2060100CA65E0
:10C820003B170100402E008065113B170100DA051F
:10C83000C216FF071828E5052506FFFFFF1F451153
:10C84000012A3B370100403E00406731CA053EA740
:10C8500001009CA23D370100C6060400003282257B
:10C86000D436FF0057326632AB1D46000700070082
:10C870000A000D0010001300160020A61000F50D90
:10C8800020A61400C50D20A61800950D20A6200096
:10C89000E50520A63000B50520A640000132003A8B
:10C8A000C746FF00D44EFF00E941A20D1648C84913
:10C8B000DC410847000049470000413AA5F5203E09
:10C8C000FF00793F010035572D736052D2A56317E1
:10C8D0000900632F05006337010018301738164030
:10C8E000EAC760F9959D3A170100C2061000820D53
:10C8F0003A170100202EEFFF45117A170100231788
:10C900001100411263171100BF0798FE5706E0FFA0
:10C91000A30709400000E83F2000E9372000A307F3
:10C9200049940000A307C9830000A30749730000CE
:10C93000A307C9620000A30749520000A307C94129
:10C940000000A30749310000232F110023170D0019
:10C95000230F0900231E4C00E00748014016FFFF8B
:10C96000C23730EAC2BF30EAC2A731EAC23734EA7E
:10C97000C2BF34EAC2A735EAC23732EAC2BF32EADE
:10C98000C2A733EAC037E2B0C0BFE2B0C0A7E3B08D
:10C99000C037E6B0C0BFE6B0C0A7E7B0C037E4B06C
:10C9A000C0BFE4B0C0A7E5B0C037B2B1C0BFB2B13C
:10C9B000C0A7B3B1C037B6B1C0BFB6B1C0A7B7B199
:10C9C000C037B4B1C0BFB4B1C0A7B5B1C2372CEA4B
:10C9D000C2BF2CEAC2A72DEAC2372EEAC2BF2EEA96
:10C9E000C2A72FEA7F0060324016D0FFE017145331
:10C9F0007F0080072100BFFFC0AD005240063F000E
:10CA00004016DFFE4207A77400527F0000527F00ED
:10CA10008807210C43070F0040A6DFFE94171D5A1C
:10CA20006012AA2DBFFFCAAD01AA54AF1C5A22063C
:10CA3000A874DFFE420700004207010043070F0011
:10CA40002206F1FFFF0043170200201686F143176C
:10CA5000010043AF0300430704000212431705001F
:10CA6000233E0F0023360100BFFFC6D70332BFFFAE
:10CA70009AAD1550A505015248063F0C01527F00A2
:10CA80008007210C40A6DFFE94171D5A6012AA15DC
:10CA9000BFFF5EAD01AA54AF1C5A2206A874DFFE88
:10CAA00042070000420701000332BFFF5EAD155090
:10CAB000A505015240063F0C7F008007210880FF3A
:10CAC00080040AA080FF7A04D0A2145140063F08D7
:10CAD000800721CF06A008A83606A874DFFE963787
:10CAE0001100B6170F00962F0F00B63F0D00C82A91
:10CAF0000729C8320231D032053180FF36043706AB
:10CB0000387FDFFE04C217C880FF36045957000083
:10CB100054570000191700005517000041AA41A200
:10CB200041CAF8061B00B7170300972F0300B73759
:10CB30000100973F010056171000562F0F0056377F
:10CB40000E00563F0D000332400620CFBF07BCAC9D
:10CB50008007210E0012232F110007A02706E0D323
:10CB6000DEFEC2AEFF0061AAAF0DF5460E00C74162
:10CB700088470900E829B2054112C5F54016DFFED5
:10CB8000222F35732706387FDFFE07470000D84283
:10CB90000541A72F0100D02A082987470300C84272
:10CBA0000541A72F030005416247357340B6DFFEFC
:10CBB00036173173062F0000D82A0229762F3173D9
:10CBC000A6170100D012051176173173862F0300C6
:10CBD000C82A0229762F3173A61703000229762F5F
:10CBE0003173BFFF46DB363731731538BFFF18DDB1
:10CBF00020161800052A5F2A820DE257823054372A
:10CC00000000581241A285FD40063F0E4016C1FFAC
:10CC1000620700406207284062070041620728411E
:10CC20001F2A622F0003622F280362070004620795
:10CC3000280462070042620728422036A5006237B6
:10CC4000014C62070146622F0146620701466237C6
:10CC5000014C62070145622F0145620701456207E9
:10CC6000004162070000203EFFFD623F0003623783
:10CC7000294C62072946622F2946620729466237F6
:10CC8000294C62072945622F294562072945620719
:10CC9000284162072800202EFFFB622F2803E2179D
:10CCA0000103402EDFFE651781731F00800704001B
:10CCB0007F004016C1FFE22F2940C52EFEFF622FE4
:10CCC0002840E22F2941C52EFEFF622F2841222F46
:10CCD0002803852E0100622F2803E22F2904C52E88
:10CCE000FEFF622F2804E22F2942C52EFEFF622F8D
:10CCF0002842E22F2905C52EFEFF622F2805222F8C
:10CD00002806852E0100622F2806222F280A852E4C
:10CD10000100622F280A222F2804852E0100622F8D
:10CD20002804E22F2940C52EFDFF622F2840E22F64
:10CD30002941C52EFDFF622F2841222F2803852E71
:10CD40000200622F2803E22F2904C52EFDFF622F67
:10CD50002804E22F2942C52EFDFF622F2842222FF0
:10CD60002805852E0200622F2805E22F2906C52EF0
:10CD7000FDFF622F2806E22F290AC52EFDFF622F34
:10CD8000280A222F2804852E0200622F2804E22F71
:10CD90002903C52EFDFF622F2803E22F2940C52E4F
:10CDA000BFFF622F2840E22F2941C52EBFFF622F0F
:10CDB0002841222F2803852E4000622F2803E22FCE
:10CDC0002904C52EBFFF622F2804E22F2942C52E59
:10CDD000BFFF622F2842E22F2905C52EBFFF622F19
:10CDE0002805222F2806852E4000622F2806222F94
:10CDF000280A852E4000622F280A222F2804852E1B
:10CE00004000622F2804E22F2940C52E7FFF622FA9
:10CE10002840E22F2941C52E7FFF622F2841222F73
:10CE20002803852E8000622F2803E22F2904C52EB7
:10CE30007FFF622F2804E22F2942C52E7FFF622F39
:10CE40002842222F2805852E8000622F2805222FB8
:10CE50002806852E8000622F2806E22F290AC52E7B
:10CE60007FFF622F280A222F2804852E8000622F40
:10CE70002804E22F2903C52E7FFF622F28037F009D
:10CE8000E849C32528570100285F0500EA59C31D5A
:10CE9000CA760300A20D4A0700004152EA59CA7639
:10CEA0000300AAFDEA5982151C624B61EA61E305A1
:10CEB0006A0701004452EA61CBFDEA59D3054A07EB
:10CEC00000004152B5FD4842C5DDE639933526578D
:10CED0000100265F0500266709000C680A69CD7607
:10CEE0000100BA1DCD760200DA0D0B6EFCFFEA6977
:10CEF000910D2A7701006C77010044524462EA598F
:10CF0000FBF50B6EFEFFEA69810D2A7700006C7756
:10CF100000004252426285FDEA59830D0A6F00000B
:10CF20004C6F00004152416285FD4C32F5CD7F00CF
:10CF30001F7080FF34006A3701000EF87F001F70F9
:10CF400080FF26000A682D5701002B066D4EC64152
:10CF5000EB5722020A5639306D5701009052CA56DB
:10CF6000FF7F0EF87F002A067C73DFFE7F00000043
:10CF700014000000460000009100000000001014A2
:10CF80000000004600000091000000000010DF07D4
:10CF90000000F0060000F107000070CFDEFE000088
:10CFA00004000201DF070000F0070000F1070000A5
:10CFB00070CFDEFE0100030002010000100000003F
:10CFC000B07BDEFE9278DEFE1F0100001100000043
:10CFD00000000000F87BDEFE0E00000022000000D2
:10CFE00020A7DEFE26A5DEFE1F00000027000000B1
:10CFF0006A83DEFE547EDEFE0E0000002E0000007E
:10D0000000000000E8A2DEFE0E000000310000007B
:10D01000F289DEFEC483DEFE0E0000003400000054
:10D0200000000000628ADEFE020000003600000000
:10D0300000000000C08CDEFE02000000370000008F
:10D04000000000009C8EDEFE020000003E0000009A
:10D0500000000000AEA4DEFE07010000F0060000A4
:10D06000FF070000010000001000000000000000A9
:10D07000000100001298DEFED85ADFFEF007000023
:10D08000FF07000001000000100000000000000089
:10D09000000101001298DEFEF05ADFFEDF070000FB
:10D0A000FF07000001000000100000000000000069
:10D0B000000102001298DEFE085BDFFEF1070000AF
:10D0C000000000000100000010000000000000004F
:10D0D000000003000000000000000000080700003E
:10D0E0000000000000000000100000000000000030
:10D0F0000000040000000000000000000004000028
:10D10000000000000200000010000000000000000D
:10D11000000005000000000000000000000000000A
:10D12000010000009A71DEFE000000000100000016
:10D13000010000009A71DEFE000000000200000005
:10D14000010000009A71DEFE0000000005000000F2
:10D15000C800020000000000000000000000000005
:10D1600000000000000000000000000000000000BF
:10D1700000000000000000000000000000000000AF
:10D18000000000000000000000000000000000009F
:10D19000000000000000000000000000000000008F
:10D1A000000000000000000000000000000000007F
:10D1B000000000000000000000000000000000006F
:10D1C000000000000000000000000000000000005F
:10D1D000000000000000000000000000000000004F
:10D1E000000000000000000000000000000000003F
:10D1F000000000000000000000000000000000002F
:10D20000000000000000000000000000000000001E
:10D21000000000000000000000000000000000000E
:10D2200000000000000000000000000000000000FE
:10D2300000000000000000000000000000000000EE
:10D2400000000000000000000000000000000000DE
:10D2500000000000000000000000040001000500C4
:10D2600002000600030007000400080005000C008F
:10D2700006001000070011000800040009000D005E
:10D280000A0017000B0018000C0004000D00150028
:10D29000FFFFFFFFFFFFFFFFFFFFFFFFFFFFFFFF9E
:10D2A0000000BEFE780000000102000012122023E0
:10D2B000845EDFFE045EDFFE7800000400000000F4
:10D2C000F0070000FF070000010000000000000060
:10D2D000DF070000FF070000010000000000000061
:10D2E00001070000FF07000001000000000000002F
:10D2F00002070000FF07000001000000000000001E
:10D3000003070000FF07000001000000000000000C
:10D31000F0070000FF07000001000000000000000F
:10D32000DF070000FF070000010000000000000010
:10D3300002070000FF0700000100000000000000DD
:10D3400003070000FF0700000100000000000000CC
:10D35000F0070000FF0700000100000000000000CF
:10D3600001070000FF0700000100000000000000AE
:10D3700002070000FF07000001000000000000009D
:10D3800003070000FF07000001000000000000008C
:10D3900001010005C0D2DEFE0101010410D3DEFE52
:10D3A0000101020450D3DEFE0303080080000000E8
:10D3B000F2C9DEFE01001F000100CADEFE02000607
:10D3C00000020CCADEFE04000500030010CADEFEE7
:10D3D00001017CCADEFE020180CADEFE03010000FC
:10D3E0003873DFFE060001000104040101033873F5
:10D3F000DFFE04000200050404010103D0CADEFEC2
:10D4000050CBDEFEB8CADEFEA298DEFE01000000B0
:10D4100090F111000200000000030405030098F1E0
:10D420000900020000000003061F030099F10A0032
:10D43000020000000003061F03001E72010002002C
:10D4400000000003061F000086F10100020000003A
:10D450000003071F03008BF1200001000000000102
:10D46000020500008CF1200001000000000102050F
:10D47000000093F1200001000000000102050000FF
:10D4800095F120000100000000010205000087F175
:10D4900020000100000000010205000080F12000D2
:10D4A000010000000001021F000000000000000059
:10D4B00000000000000000000000000098F10100E2
:10D4C00008000000000099F10100090000000000C0
:10D4D0001E7201000A000000000086F101000B002E
:10D4E0000000000090F102000C0000000000FFF1BD
:10D4F00002000D00000800008BF1FFFFFFFF200875
:10D5000000008CF1FFFFFFFF4008000093F1FFFFD8
:10D51000FFFF0090010095F1FFFFFFFF8008000072
:10D5200087F1FFFFFFFFA008000080F1FFFFFFFF72
:10D5300044D5DEFE5C0FDFFE6839DFFE8073DFFE60
:10D54000487FDFFE0000000022221616161616166F
:10D5500000000000000102030405060708000000A7
:10D560000000000032000000B80B00003200000094
:10D57000881300000000000004000000010000000B
:10D580000300010000000000000000000000000097
:10D59000000000000000000000000000000000008B
:10D5A000000000000000000000000000000000007B
:10D5B000000000000000000000000000000000006B
:10D5C000000000000000000000000000000000005B
:10D5D000000000000000000000000000000000004B
:10D5E000000000000000000000000000000000003B
:10D5F000000000000000000000000000000000002B
:10D60000000000000000000000000000000000001A
:10D61000000000000000000000000000000000000A
:10D6200000000000000000000000000000000000FA
:10D6300000000000000000000000000000000000EA
:10D6400000000000000000000000000000000000DA
:10D6500000000000000000000000000000000000CA
:10D6600000000000000000000000000000000000BA
:10D6700000000000000000000000000000000000AA
:10D68000000000000000000000000000000000009A
:10D69000000000000000000000000000000000008A
:10D6A000000000000000000000000000000000007A
:10D6B000000000000000000000000000000000006A
:10D6C000000000000000000000000000000000005A
:10D6D000000000000000000000000000000000004A
:10D6E000000000000000000000000000000000003A
:10D6F000000000000000000000000000000000002A
:10D700000000000000000000000000000000000019
:10D710000000000000000000000000000000000009
:10D7200000000000000000000000000000000000F9
:10D7300000000000000000000000000000000000E9
:10D7400000000000000000000000000000000000D9
:10D7500000000000000000000000000000000000C9
:10D7600000000000000000000000000000000000B9
:10D7700000000000000000000000000000000000A9
:10D780000000000000000000000000000000000099
:10D790000000000000000000000000000000000089
:10D7A0000000000000000000000000000000000079
:10D7B0000000000000000000000000000000000069
:10D7C0000000000000000000000000000000000059
:10D7D0000000000000000000000000000000000049
:10D7E0000000000000000000000000000000000039
:10D7F0000000000000000000000000000000000029
:10D800000000000000000000000000000000000018
:10D810000000000000000000000000000000000008
:10D8200000000000000000000000000000000000F8
:10D8300000000000000000000000000000000000E8
:10D8400000000000000000000000000000000000D8
:10D8500000000000000000000000000000000000C8
:10D8600000000000000000000000000000000000B8
:10D8700000000000000000000000000000000000A8
:10D880000000000000000000000000000000000098
:10D890000000000000000000000000000000000088
:10D8A0000000000000000000000000000000000078
:10D8B0000000000000000000000000000000000068
:10D8C0000000000000000000000000000000000058
:10D8D0000000000000000000000000000000000048
:10D8E0000000000000000000000000000000000038
:10D8F0000000000000000000000000000000000028
:10D900000000000000000000000000000000000017
:10D910000000000000000000000000000000000007
:10D9200000000000000000000000000000000000F7
:10D9300000000000000000000000000000000000E7
:10D9400000000000000000000000000000000000D7
:10D9500000000000000000000000000000000000C7
:10D9600000000000000000000000000000000000B7
:10D9700000000000000000000000000000000000A7
:10D980000000000000000000000000000000000097
:10D990000000000000000000000000000000000087
:10D9A0000000000000000000000000000000000077
:10D9B0000000000000000000000000000000000067
:10D9C0000000000000000000000000000000000057
:10D9D0000000000000000000000000000000000047
:10D9E0000000000000000000000000000000000037
:10D9F0000000000000000000000000000000000027
:10DA00000000000000000000000000000000000016
:10DA10000000000000000000000000000000000006
:10DA200000000000000000000000000000000000F6
:10DA300000000000000000000000000000000000E6
:10DA400000000000000000000000000000000000D6
:10DA500000000000000000000000000000000000C6
:10DA600000000000000000000000000000000000B6
:10DA700000000000000000000000000000000000A6
:10DA80000000000000000000000000000000000096
:10DA90000000000000000000000000000000000086
:10DAA0000000000000000000000000000000000076
:10DAB0000000000000000000000000000000000066
:10DAC0000000000000000000000000000000000056
:10DAD0000000000000000000000000000000000046
:10DAE0000000000000000000000000000000000036
:10DAF0000000000000000000000000000000000026
:10DB00000000000000000000000000000000000015
:10DB10000000000000000000000000000000000005
:10DB200000000000000000000000000000000000F5
:10DB300000000000000000000000000000000000E5
:10DB400000000000000000000000000000000000D5
:10DB500000000000000000000000000000000000C5
:10DB600000000000000000000000000000000000B5
:10DB700000000000000000000000000000000000A5
:10DB80000000000000000000000000000000000095
:10DB90000000000000000000000000000000000085
:10DBA0000000000000000000000000000000000075
:10DBB0000000000000000000000000000000000065
:10DBC0000000000000000000000000000000000055
:10DBD0000000000000000000000000000000000045
:10DBE0000000000000000000000000000000000035
:10DBF0000000000000000000000000000000000025
:10DC00000000000000000000000000000000000014
:10DC10000000000000000000000000000000000004
:10DC200000000000000000000000000000000000F4
:10DC300000000000000000000000000000000000E4
:10DC400000000000000000000000000000000000D4
:10DC500000000000000000000000000000000000C4
:10DC600000000000000000000000000000000000B4
:10DC700000000000000000000000000000000000A4
:10DC80000000000000000000000000000000000094
:10DC90000000000000000000000000000000000084
:10DCA0000000000000000000000000000000000074
:10DCB0000000000000000000000000000000000064
:10DCC0000000000000000000000000000000000054
:10DCD0000000000000000000000000000000000044
:10DCE0000000000000000000000000000000000034
:10DCF0000000000000000000000000000000000024
:10DD00000000000000000000000000000000000013
:10DD10000000000000000000000000000000000003
:10DD200000000000000000000000000000000000F3
:10DD300000000000000000000000000000000000E3
:10DD400000000000000000000000000000000000D3
:10DD500000000000000000000000000000000000C3
:10DD600000000000000000000000000000000000B3
:10DD700000000000000000000000000000000000A3
:10DD80000000000000000000000000000000000093
:10DD90000000000000000000000000000000000083
:10DDA0000000000000000000000000000000000073
:10DDB0000000000000000000000000000000000063
:10DDC0000000000000000000000000000000000053
:10DDD0000000000000000000000000000000000043
:10DDE0000000000000000000000000000000000033
:10DDF0000000000000000000000000000000000023
:10DE00000000000000000000000000000000000012
:10DE10000000000000000000000000000000000002
:10DE200000000000000000000000000000000000F2
:10DE300000000000000000000000000000000000E2
:10DE400000000000000000000000000000000000D2
:10DE500000000000000000000000000000000000C2
:10DE600000000000000000000000000000000000B2
:10DE700000000000000000000000000000000000A2
:10DE80000000000000000000000000000000000092
:10DE90000000000000000000000000000000000082
:10DEA0000000000000000000000000000000000072
:10DEB0000000000000000000000000000000000062
:10DEC0000000000000000000000000000000000052
:10DED0000000000000000000000000000000000042
:10DEE0000000000000000000000000000000000032
:10DEF0000000000000000000000000000000000022
:10DF00000000000000000000000000000000000011
:10DF10000000000000000000000000000000000001
:10DF200000000000000000000000000000000000F1
:10DF300000000000000000000000000000000000E1
:10DF400000000000000000000000000000000000D1
:10DF500000000000000000000000000000000000C1
:10DF600000000000000000000000000000000000B1
:10DF700000000000000000000000000000000000A1
:10DF80000000000000000000000000000000000091
:10DF90000000000000000000000000000000000081
:10DFA0000000000000000000000000000000000071
:10DFB0000000000000000000000000000000000061
:10DFC0000000000000000000000000000000000051
:10DFD0000000000000000000000000000000000041
:10DFE0000000000000000000000000000000000031
:10DFF0000000000000000000000000000000000021
:10E000000000000000000000000000000000000010
:10E010000000000000000000000000000000000000
:10E0200000000000000000000000000000000000F0
:10E0300000000000000000000000000000000000E0
:10E0400000000000000000000000000000000000D0
:10E0500000000000000000000000000000000000C0
:10E0600000000000000000000000000000000000B0
:10E0700000000000000000000000000000000000A0
:10E080000000000000000000000000000000000090
:10E090000000000000000000000000000000000080
:10E0A0000000000000000000000000000000000070
:10E0B0000000000000000000000000000000000060
:10E0C0000000000000000000000000000000000050
:10E0D0000000000000000000000000000000000040
:10E0E0000000000000000000000000000000000030
:10E0F0000000000000000000000000000000000020
:10E10000000000000000000000000000000000000F
:10E1100000000000000000000000000000000000FF
:10E1200000000000000000000000000000000000EF
:10E1300000000000000000000000000000000000DF
:10E1400000000000000000000000000000000000CF
:10E1500000000000000000000000000000000000BF
:10E1600000000000000000000000000000000000AF
:10E17000000000000000000000000000000000009F
:10E18000000000000000000000000000000000008F
:10E19000000000000000000000000000000000007F
:10E1A000000000000000000000000000000000006F
:10E1B000000000000000000000000000000000005F
:10E1C000000000000000000000000000000000004F
:10E1D000000000000000000000000000000000003F
:10E1E000000000000000000000000000000000002F
:10E1F000000000000000000000000000000000001F
:10E20000000000000000000000000000000000000E
:10E2100000000000000000000000000000000000FE
:10E2200000000000000000000000000000000000EE
:10E2300000000000000000000000000000000000DE
:10E2400000000000000000000000000000000000CE
:10E2500000000000000000000000000000000000BE
:10E2600000000000000000000000000000000000AE
:10E27000000000000000000000000000000000009E
:10E28000000000000000000000000000000000008E
:10E29000000000000000000000000000000000007E
:10E2A000000000000000000000000000000000006E
:10E2B000000000000000000000000000000000005E
:10E2C000000000000000000000000000000000004E
:10E2D000000000000000000000000000000000003E
:10E2E000000000000000000000000000000000002E
:10E2F000000000000000000000000000000000001E
:10E30000000000000000000000000000000000000D
:10E3100000000000000000000000000000000000FD
:10E3200000000000000000000000000000000000ED
:10E3300000000000000000000000000000000000DD
:10E3400000000000000000000000000000000000CD
:10E3500000000000000000000000000000000000BD
:10E3600000000000000000000000000000000000AD
:10E37000000000000000000000000000000000009D
:10E38000000000000000000000000000000000008D
:10E39000000000000000000000000000000000007D
:10E3A000000000000000000000000000000000006D
:10E3B000000000000000000000000000000000005D
:10E3C000000000000000000000000000000000004D
:10E3D000000000000000000000000000000000003D
:10E3E000000000000000000000000000000000002D
:10E3F000000000000000000000000000000000001D
:10E40000000000000000000000000000000000000C
:10E4100000000000000000000000000000000000FC
:10E4200000000000000000000000000000000000EC
:10E4300000000000000000000000000000000000DC
:10E4400000000000000000000000000000000000CC
:10E4500000000000000000000000000000000000BC
:10E4600000000000000000000000000000000000AC
:10E47000000000000000000000000000000000009C
:10E48000000000000000000000000000000000008C
:10E49000000000000000000000000000000000007C
:10E4A000000000000000000000000000000000006C
:10E4B000000000000000000000000000000000005C
:10E4C000000000000000000000000000000000004C
:10E4D000000000000000000000000000000000003C
:10E4E000000000000000000000000000000000002C
:10E4F000000000000000000000000000000000001C
:10E50000000000000000000000000000000000000B
:10E5100000000000000000000000000000000000FB
:10E5200000000000000000000000000000000000EB
:10E5300000000000000000000000000000000000DB
:10E5400000000000000000000000000000000000CB
:10E5500000000000000000000000000000000000BB
:10E5600000000000000000000000000000000000AB
:10E57000000000000000000000000000000000009B
:10E58000000000000000000000000000000000008B
:10E59000000000000000000000000000000000007B
:10E5A000000000000000000000000000000000006B
:10E5B000000000000000000000000000000000005B
:10E5C000010000000000000000000000000000004A
:10E5D000000000000000000000000000000000003B
:10E5E000000000000000000000000000000000002B
:10E5F000000000000000000000000000000000001B
:10E60000000000000000000000000000000000000A
:10E6100000000000000000000000000000000000FA
:10E6200000000000000000000000000000000000EA
:10E6300000000000000000000000000000000000DA
:10E6400000000000000000000000000000000000CA
:10E6500000000000000000000000000000000000BA
:10E6600000000000000000000000000000000000AA
:10E67000000000000000000000000000000000009A
:10E68000000000000000000000000000000000008A
:10E69000000000000000000000000000000000007A
:10E6A000000000000000000000000000000000006A
:10E6B000000000000000000000000000000000005A
:10E6C000000000000000000000000000000000004A
:10E6D000000000000000000000000000000000003A
:10E6E000000000000000000000000000000000002A
:10E6F000000000000000000000000000000000001A
:10E700000000000000000000000000000000000009
:10E7100000000000000000000000000000000000F9
:10E7200000000000000000000000000000000000E9
:10E7300000000000000000000000000000000000D9
:10E7400000000000000000000000000000000000C9
:10E7500000000000000000000000000000000000B9
:10E7600000000000000000000000000000000000A9
:10E770000000000000000000000000000000000099
:10E780000000000000000000000000000000000089
:10E790000000000000000000000000000000000079
:10E7A0000000000000000000000000000000000069
:10E7B0000000000000000000000000000000000059
:10E7C0000000000000000000000000000000000049
:10E7D0000000000000000000000000000000000039
:10E7E0000000000000000000000000000000000029
:10E7F0000000000000000000000000000000000019
:10E800000000000000000000000000000000000008
:10E8100000000000000000000000000000000000F8
:10E8200000000000000000000000000000000000E8
:10E8300000000000000000000000000000000000D8
:10E8400000000000000000000000000000000000C8
:10E8500000000000000000000000000000000000B8
:10E8600000000000000000000000000000000000A8
:10E870000000000000000000000000000000000098
:10E880000000000000000000000000000000000088
:10E890000000000000000000000000000000000078
:10E8A0000000000000000000000000000000000068
:10E8B0000000000000000000000000000000000058
:10E8C0000000000000000000000000000000000048
:10E8D0000000000000000000000000000000000038
:10E8E0000000000000000000000000000000000028
:10E8F0000000000000000000000000000000000018
:10E900000000000000000000000000000000000007
:10E9100000000000000000000000000000000000F7
:10E9200000000000000000000000000000000000E7
:10E9300000000000000000000000000000000000D7
:10E9400000000000000000000000000000000000C7
:10E9500000000000000000000000000000000000B7
:10E9600000000000000000000000000000000000A7
:10E970000000000000000000000000000000000097
:10E980000000000000000000000000000000000087
:10E990000000000000000000000000000000000077
:10E9A0000000000000000000000000000000000067
:10E9B0000000000000000000000000000000000057
:10E9C0000000000000000000000000000000000047
:10E9D0000000000000000000000000000000000037
:10E9E0000000000000000000000000000000000027
:10E9F0000000000000000000000000000000000017
:10EA00000000000000000000000000000000000006
:10EA100000000000000000000000000000000000F6
:10EA200000000000000000000000000000000000E6
:10EA300000000000000000000000000000000000D6
:10EA400000000000000000000000000000000000C6
:10EA500000000000000000000000000000000000B6
:10EA600000000000000000000000000000000000A6
:10EA70000000000000000000000000000000000096
:10EA80000000000000000000000000000000000086
:10EA90000000000000000000000000000000000076
:10EAA0000000000000000000000000000000000066
:10EAB0000000000000000000000000000000000056
:10EAC0000000000000000000000000000000000046
:10EAD0000000000000000000000000000000000036
:10EAE0000000000000000000000000000000000026
:10EAF0000000000000000000000000000000000016
:10EB00000000000000000000000000000000000005
:10EB100000000000000000000000000000000000F5
:10EB200000000000000000000000000000000000E5
:10EB300000000000000000000000000000000000D5
:10EB400000000000000000000000000000000000C5
:10EB500000000000000000000000000000000000B5
:10EB600000000000000000000000000000000000A5
:10EB70000000000000000000000000000000000095
:10EB80000000000000000000000000000000000085
:10EB90000000000000000000000000000000000075
:10EBA0000000000000000000000000000000000065
:10EBB0000000000000000000000000000000000055
:10EBC0000000000000000000000000000000000045
:10EBD0000000000000000000000000000000000035
:10EBE0000000000000000000000000000000000025
:10EBF0000000000000000000000000000000000015
:10EC00000000000000000000000000000000000004
:10EC100000000000000000000000000000000000F4
:10EC200000000000000000000000000000000000E4
:10EC300000000000000000000000000000000000D4
:10EC400000000000000000000000000000000000C4
:10EC500000000000000000000000000000000000B4
:10EC600000000000000000000000000000000000A4
:10EC70000000000000000000000000000000000094
:10EC80000000000000000000000000000000000084
:10EC90000000000000000000000000000000000074
:10ECA0000000000000000000000000000000000064
:10ECB0000000000000000000000000000000000054
:10ECC0000000000000000000000000000000000044
:10ECD0000000000000000000000000000000000034
:10ECE0000000000000000000000000000000000024
:10ECF0000000000000000000000000000000000014
:10ED00000000000000000000000000000000000003
:10ED100000000000000000000000000000000000F3
:10ED200000000000000000000000000000000000E3
:10ED300000000000000000000000000000000000D3
:10ED400000000000000000000000000000000000C3
:10ED500000000000000000000000000000000000B3
:10ED600000000000000000000000000000000000A3
:10ED70000000000000000000000000000000000093
:10ED80000000000000000000000000000000000083
:10ED90000000000000000000000000000000000073
:10EDA0000000000000000000000000000000000063
:10EDB0000000000000000000000000000000000053
:10EDC0000000000000000000000000000000000043
:10EDD0000000000000000000000000000000000033
:10EDE0000000000000000000000000000000000023
:10EDF0000000000000000000000000000000000013
:10EE00000000000000000000000000000000000002
:10EE100000000000000000000000000000000000F2
:10EE200000000000000000000000000000000000E2
:10EE300000000000000000000000000000000000D2
:10EE400000000000000000000000000000000000C2
:10EE500000000000000000000000000000000000B2
:10EE600000000000000000000000000000000000A2
:10EE70000000000000000000000000000000000092
:10EE80000000000000000000000000000000000082
:10EE90000000000000000000000000000000000072
:10EEA0000000000000000000000000000000000062
:10EEB0000000000000000000000000000000000052
:10EEC0000000000000000000000000000000000042
:10EED0000000000000000000000000000000000032
:10EEE0000000000000000000000000000000000022
:10EEF0000000000000000000000000000000000012
:10EF00000000000000000000000000000000000001
:10EF100000000000000000000000000000000000F1
:10EF200000000000000000000000000000000000E1
:10EF300000000000000000000000000000000000D1
:10EF400000000000000000000000000000000000C1
:10EF500000000000000000000000000000000000B1
:10EF600000000000000000000000000000000000A1
:10EF70000000000000000000000000000000000091
:10EF80000000000000000000000000000000000081
:10EF90000000000000000000000000000000000071
:10EFA0000000000000000000000000000000000061
:10EFB0000000000000000000000000000000000051
:10EFC0000000000000000000000000000000000041
:10EFD0000000000000000000000000000000000031
:10EFE0000000000000000000000000000000000021
:10EFF0000000000000000000000000000000000011
:10F000000000000000000000000000000000000000
:10F0100000000000000000000000000000000000F0
:10F0200000000000000000000000000000000000E0
:10F0300000000000000000000000000000000000D0
:10F0400000000000000000000000000000000000C0
:10F0500000000000000000000000000000000000B0
:10F0600000000000000000000000000000000000A0
:10F070000000000000000000000000000000000090
:10F080000000000000000000000000000000000080
:10F090000000000000000000000000000000000070
:10F0A0000000000000000000000000000000000060
:10F0B0000000000000000000000000000000000050
:10F0C0000000000000000000000000000000000040
:10F0D0000000000000000000000000000000000030
:10F0E0000000000000000000000000000000000020
:10F0F0000000000000000000000000000000000010
:10F1000000000000000000000000000000000000FF
:10F1100000000000000000000000000000000000EF
:10F1200000000000000000000000000000000000DF
:10F1300000000000000000000000000000000000CF
:10F1400000000000000000000000000000000000BF
:10F1500000000000000000000000000000000000AF
:10F16000000000000000000000000000000000009F
:10F17000000000000000000000000000000000008F
:10F18000000000000000000000000000000000007F
:10F19000000000000000000000000000000000006F
:10F1A000000000000000000000000000000000005F
:10F1B000000000000000000000000000000000004F
:10F1C000000000000000000000000000000000003F
:10F1D000000000000000000000000000000000002F
:10F1E000000000000000000000000000000000001F
:10F1F000000000000000000000000000000000000F
:10F2000000000000000000000000000000000000FE
:10F2100000000000000000000000000000000000EE
:10F2200000000000000000000000000000000000DE
:10F2300000000000000000000000000000000000CE
:10F2400000000000000000000000000000000000BE
:10F2500000000000000000000000000000000000AE
:10F26000000000000000000000000000000000009E
:10F27000000000000000000000000000000000008E
:10F28000000000000000000000000000000000007E
:10F29000000000000000000000000000000000006E
:10F2A000000000000000000000000000000000005E
:10F2B000000000000000000000000000000000004E
:10F2C000000000000000000000000000000000003E
:10F2D000000000000000000000000000000000002E
:10F2E000000000000000000000000000000000001E
:10F2F000000000000000000000000000000000000E
:10F3000000000000000000000000000000000000FD
:10F3100000000000000000000000000000000000ED
:10F3200000000000000000000000000000000000DD
:10F3300000000000000000000000000000000000CD
:10F3400000000000000000000000000000000000BD
:10F3500000000000000000000000000000000000AD
:10F36000000000000000000000000000000000009D
:10F37000000000000000000000000000000000008D
:10F38000000000000000000000000000000000007D
:10F39000000000000000000000000000000000006D
:10F3A000000000000000000000000000000000005D
:10F3B000000000000000000000000000000000004D
:10F3C000000000000000000000000000000000003D
:10F3D000000000000000000000000000000000002D
:10F3E000000000000000000000000000000000001D
:10F3F000000000000000000000000000000000000D
:10F4000000000000000000000000000000000000FC
:10F4100000000000000000000000000000000000EC
:10F4200000000000000000000000000000000000DC
:10F4300000000000000000000000000000000000CC
:10F4400000000000000000000000000000000000BC
:10F4500000000000000000000000000000000000AC
:10F46000000000000000000000000000000000009C
:10F47000000000000000000000000000000000008C
:10F48000000000000000000000000000000000007C
:10F49000000000000000000000000000000000006C
:10F4A000000000000000000000000000000000005C
:10F4B000000000000000000000000000000000004C
:10F4C000000000000000000000000000000000003C
:10F4D000000000000000000000000000000000002C
:10F4E000000000000000000000000000000000001C
:10F4F000000000000000000000000000000000000C
:10F5000000000000000000000000000000000000FB
:10F5100000000000000000000000000000000000EB
:10F5200000000000000000000000000000000000DB
:10F5300000000000000000000000000000000000CB
:10F5400000000000000000000000000000000000BB
:10F5500000000000000000000000000000000000AB
:10F56000000000000000000000000000000000009B
:10F57000000000000000000000000000000000008B
:10F58000000000000000000000000000000000007B
:10F59000000000000000000000000000000000006B
:10F5A000000000000000000000000000000000005B
:10F5B000000000000000000000000000000000004B
:10F5C000000000000000000000000000000000003B
:10F5D000000000000000000000000000000000002B
:10F5E000000000000000000000000000000000001B
:10F5F000000000000000000000000000000000000B
:10F6000000000000229FDEFEC2B3DEFEF8A0DEFE98
:10F610001C9DDEFE189DDEFE149DDEFE0000000037
:10F620000000008001000080010000800300010054
:10F6300000000100800100008003000100000003C1
:10F64000000000285ADFFE0000000000000000005B
:10F6500000010000000000000000000000000000A9
:10F66000000000000000000000000000000000009A
:10F67000000000000000000000000000000000008A
:10F68000000000000000000000000000000000007A
:10F69000000000000000000000000000000000006A
:10F6A000000000000000000000000000000000005A
:10F6B000000000000000000000000000000000004A
:10F6C000000000000000000000000000000000003A
:10F6D000000000000000000000000000000000002A
:10F6E000000000000000000000000000000000001A
:10F6F000000000000000000000000000000000000A
:10F7000000000000000000000000000000000000F9
:10F7100000000000000000000000000000000000E9
:10F7200000000000000000000000000000000000D9
:10F7300000000000000000000000000000000000C9
:10F7400000000000000000000000000000000000B9
:10F7500000000000000000000000000000000000A9
:10F760000000000000000000000000000000000099
:10F770000000000000000000000000000000000089
:10F780000000000000000000000000000000000079
:10F790000000000000000000000000000000000069
:10F7A0000000000000000000000000000000000059
:10F7B0000000000000000000000000000000000049
:10F7C0000000000000000000000000000000000039
:10F7D0000000000000000000000000000000000029
:10F7E0000000000000000000000000000000000019
:10F7F0000000000000000000000000000000000009
:10F8000000000000000000000000000000000000F8
:10F8100000000000000000000000000000000000E8
:10F8200000000000000000000000000000000000D8
:10F8300000000000000000000000000000000000C8
:10F8400000000000000000000000000000000000B8
:10F8500000000000000000000000000000000000A8
:10F860000000000000000000000000000000000098
:10F870000000000000000000000000000000000088
:10F880000000000000000000000000000000000078
:10F890000000000000000000000000000000000068
:10F8A0000000000000000000000000000000000058
:10F8B0000000000000000000000000000000000048
:10F8C0000000000000000000000000000000000038
:10F8D0000000000000000000000000000000000028
:10F8E0000000000000000000000000000000000018
:10F8F0000000000000000000000000000000000008
:10F9000000000000000000000000000000000000F7
:10F9100000000000000000008000000058D2DEFE61
:10F920002075DFFE58D1DEFE000008000000010057
:10F9300000004000000078D2DEFEA075DFFED8D1C6
:10F94000DEFE800004000000020000004000000015
:10F9500088D2DEFEE075DFFE18D2DEFEC0000200B7
:10F960000000000001000000000000000000000096
:10F9700000000000E9E7E6E5B2A292A3904856D263
:10F980000100000022A7DEFE0200000024A7DEFE28
:10F990000300000026A7DEFE0101000000000000B9
:10F9A0000000000000000000000000000000000057
:10F9B0000000000000000000000000000000000047
:10F9C0000000000000000000000000000000000037
:10F9D000000000000000FFFF000000000000000029
:10F9E0000000000000000000000000000000000017
:10F9F0000000000000000000000000000000000007
:10FA000000000000000000000000000000000000F6
:10FA100000000000000000000000000000000000E6
:10FA200000000000000000000000000000000000D6
:10FA300000000000000000000000000000000000C6
:10FA400000000000000000000000000000000000B6
:10FA500000000000000000000000000000000000A6
:10FA60000000000000000000000000000000000096
:10FA70000000000000000000000000000000000086
:10FA80000000000000000000000000000000000076
:10FA90000000000000000000000000000000000066
:10FAA0000000000000000000000000000000000056
:10FAB0000000000000000000000000000000000046
:10FAC0000000000000000000000000000000000036
:10FAD0000000000000000000000000000000000026
:10FAE0000000000000040000000000004433221168
:10FAF0000000000000000000000000000000000006
:10FB000000000000000000000000000000000000F5
:10FB100000000000000000000000000000000000E5
:10FB200000000000000000000000000000000000D5
:10FB300000000000000000000000000000000000C5
:10FB400000000000000000000000000000000000B5
:10FB500000000000000000000000000000000000A5
:10FB60000000000000000000000000000000000095
:10FB70000000000000000000000000000000000085
:10FB80000000000000000000000000000000000075
:10FB90000000000000000000000000000000000065
:10FBA0000000000000000000000000000000000055
:10FBB0000000000000000000000000000000000045
:10FBC0000000000000000000000000000000000035
:10FBD0000000000000000000000000000000000025
:10FBE0000000000000000000000000000000000015
:10FBF0000000000000000000000000000000000005
:10FC000000000000000000000000000000000000F4
:10FC100000000000000000000000000000000000E4
:10FC200000000000000000000000000000000000D4
:10FC300000000000000000000000000000000000C4
:10FC400000000000000000000000000000000000B4
:10FC500000000000000000000000000000000000A4
:10FC60000000000000000000000000000000000094
:10FC70000000000000000000000000000000000084
:10FC80000000000000000000000000000000000074
:10FC90000000000000000000000000000000000064
:10FCA0000000000000000000000000000000000054
:10FCB0000000000000000000000000000000000044
:10FCC0000000000000000000000000000000000034
:10FCD0000000000000000000000000000000000024
:10FCE0000000000000000000000000000000000014
:10FCF0000000000000000000000000000000000004
:10FD000000000000000000000000000000000000F3
:10FD100000000000000000000000000000000000E3
:10FD200000000000000000000000000000000000D3
:10FD300000000000000000000000000000000000C3
:10FD400000000000000000000000000000000000B3
:10FD500000000000000000000000000000000000A3
:10FD60000000000000000000000000000000000093
:10FD70000000000000000000000000000000000083
:10FD80000000000000000000000000000000000073
:10FD90000000000000000000000000000000000063
:10FDA0000000000000000000000000000000000053
:10FDB0000000000000000000000000000000000043
:10FDC0000000000000000000000000000000000033
:10FDD0000000000000000000000000000000000023
:10FDE0000000000000000000000000000000000013
:10FDF0000000000000000000000000000000000003
:10FE000000000000000000000000000000000000F2
:10FE100000000000000000000000000000000000E2
:10FE200000000000000000000000000000000000D2
:10FE300000000000000000000000000000000000C2
:10FE400000000000000000000000000000000000B2
:10FE500000000000000000000000000000000000A2
:10FE60000000000000000000000000000000000092
:10FE70000000000000000000000000000000000082
:10FE80000000000000000000000000000000000072
:10FE90000000000000000000000000000000000062
:10FEA0000000000000000000000000000000000052
:10FEB0000000000000000000000000000000000042
:10FEC0000000000000000000000000000000000032
:10FED0000000000000000000000000000000000022
:10FEE0000000000000000000000000000000000012
:10FEF0000000000000000000000000000000000002
:10FF000000000000000000000000000000000000F1
:10FF100000000000000000000000000000000000E1
:10FF200000000000000000000000000000000000D1
:10FF300000000000000000000000000000000000C1
:10FF400000000000000000000000000000000000B1
:10FF500000000000000000000000000000000000A1
:10FF60000000000000000000000000000000000091
:10FF70000000000000000000000000000000000081
:10FF80000000000000000000000000000000000071
:10FF90000000000000000000000000000000000061
:10FFA0000000000000000000000000000000000051
:10FFB0000000000000000000000000000000000041
:10FFC0000000000000000000000000000000000031
:10FFD0000000000000000000000000000000000021
:10FFE0000000000000000000000000000000000011
:10FFF0000000000000000000000000000000000001
:02000004FEDF1D
:1000000000000000000000000000000000000000F0
:1000100000000000000000000000000000000000E0
:1000200000000000000000000000000000000000D0
:1000300000000000000000000000000000000000C0
:1000400000000000000000000000000000000000B0
:1000500000000000000000000000000000000000A0
:100060000000000000000000000000000000000090
:100070000000000000000000000000000000000080
:100080000000000000000000000000000000000070
:100090000000000000000000000000000000000060
:1000A0000000000000000000000000000000000050
:1000B0000000000000000000000000000000000040
:1000C0000000000000000000000000000000000030
:1000D0000000000000000000000000000000000020
:1000E0000000000000000000000000000000000010
:1000F0000000000000000000000000000000000000
:1001000000000000000000000000000000000000EF
:1001100000000000000000000000000000000000DF
:1001200000000000000000000000000000000000CF
:1001300000000000000000000000000000000000BF
:1001400000000000000000000000000000000000AF
:10015000000000000000000000000000000000009F
:10016000000000000000000000000000000000008F
:10017000000000000000000000000000000000007F
:10018000000000000000000000000000000000006F
:10019000000000000000000000000000000000005F
:1001A000000000000000000000000000000000004F
:1001B000000000000000000000000000000000003F
:1001C000000000000000000000000000000000002F
:1001D000000000000000000000000000000000001F
:1001E000000000000000000000000000000000000F
:1001F00000000000000000000000000000000000FF
:1002000000000000000000000000000000000000EE
:1002100000000000000000000000000000000000DE
:1002200000000000000000000000000000000000CE
:1002300000000000000000000000000000000000BE
:1002400000000000000000000000000000000000AE
:10025000000000000000000000000000000000009E
:10026000000000000000000000000000000000008E
:10027000000000000000000000000000000000007E
:10028000000000000000000000000000000000006E
:10029000000000000000000000000000000000005E
:1002A000000000000000000000000000000000004E
:1002B000000000000000000000000000000000003E
:1002C000000000000000000000000000000000002E
:1002D000000000000000000000000000000000001E
:1002E000000000000000000000000000000000000E
:1002F00000000000000000000000000000000000FE
:1003000000000000000000000000000000000000ED
:1003100000000000000000000000000000000000DD
:1003200000000000000000000000000000000000CD
:1003300000000000000000000000000000000000BD
:1003400000000000000000000000000000000000AD
:10035000000000000000000000000000000000009D
:10036000000000000000000000000000000000008D
:10037000000000000000000000000000000000007D
:10038000000000000000000000000000000000006D
:10039000000000000000000000000000000000005D
:1003A000000000000000000000000000000000004D
:1003B000000000000000000000000000000000003D
:1003C000000000000000000000000000000000002D
:1003D000000000000000000000000000000000001D
:1003E000000000000000000000000000000000000D
:1003F00000000000000000000000000000000000FD
:1004000000000000000000000000000000000000EC
:1004100000000000000000000000000000000000DC
:1004200000000000000000000000000000000000CC
:1004300000000000000000000000000000000000BC
:1004400000000000000000000000000000000000AC
:10045000000000000000000000000000000000009C
:10046000000000000000000000000000000000008C
:10047000000000000000000000000000000000007C
:10048000000000000000000000000000000000006C
:10049000000000000000000000000000000000005C
:1004A000000000000000000000000000000000004C
:1004B000000000000000000000000000000000003C
:1004C000000000000000000000000000000000002C
:1004D000000000000000000000000000000000001C
:1004E000000000000000000000000000000000000C
:1004F00000000000000000000000000000000000FC
:1005000000000000000000000000000000000000EB
:1005100000000000000000000000000000000000DB
:1005200000000000000000000000000000000000CB
:1005300000000000000000000000000000000000BB
:1005400000000000000000000000000000000000AB
:10055000000000000000000000000000000000009B
:10056000000000000000000000000000000000008B
:10057000000000000000000000000000000000007B
:10058000000000000000000000000000000000006B
:10059000000000000000000000000000000000005B
:1005A000000000000000000000000000000000004B
:1005B000000000000000000000000000000000003B
:1005C000000000000000000000000000000000002B
:1005D000000000000000000000000000000000001B
:1005E000000000000000000000000000000000000B
:1005F00000000000000000000000000000000000FB
:1006000000000000000000000000000000000000EA
:1006100000000000000000000000000000000000DA
:1006200000000000000000000000000000000000CA
:1006300000000000000000000000000000000000BA
:1006400000000000000000000000000000000000AA
:10065000000000000000000000000000000000009A
:10066000000000000000000000000000000000008A
:10067000000000000000000000000000000000007A
:10068000000000000000000000000000000000006A
:10069000000000000000000000000000000000005A
:1006A000000000000000000000000000000000004A
:1006B000000000000000000000000000000000003A
:1006C000000000000000000000000000000000002A
:1006D000000000000000000000000000000000001A
:1006E000000000000000000000000000000000000A
:1006F00000000000000000000000000000000000FA
:1007000000000000000000000000000000000000E9
:1007100000000000000000000000000000000000D9
:1007200000000000000000000000000000000000C9
:1007300000000000000000000000000000000000B9
:1007400000000000000000000000000000000000A9
:100750000000000000000000000000000000000099
:100760000000000000000000000000000000000089
:100770000000000000000000000000000000000079
:100780000000000000000000000000000000000069
:100790000000000000000000000000000000000059
:1007A0000000000000000000000000000000000049
:1007B0000000000000000000000000000000000039
:1007C0000000000000000000000000000000000029
:1007D0000000000000000000000000000000000019
:1007E0000000000000000000000000000000000009
:1007F00000000000000000000000000000000000F9
:1008000000000000000000000000000000000000E8
:1008100000000000000000000000000000000000D8
:1008200000000000000000000000000000000000C8
:1008300000000000000000000000000000000000B8
:1008400000000000000000000000000000000000A8
:100850000000000000000000000000000000000098
:100860000000000000000000000000000000000088
:100870000000000000000000000000000000000078
:100880000000000000000000000000000000000068
:100890000000000000000000000000000000000058
:1008A0000000000000000000000000000000000048
:1008B0000000000000000000000000000000000038
:1008C0000000000000000000000000000000000028
:1008D0000000000000000000000000000000000018
:1008E0000000000000000000000000000000000008
:1008F00000000000000000000000000000000000F8
:1009000000000000000000000000000000000000E7
:1009100000000000000000000000000000000000D7
:1009200000000000000000000000000000000000C7
:1009300000000000000000000000000000000000B7
:1009400000000000000000000000000000000000A7
:100950000000000000000000000000000000000097
:100960000000000000000000000000000000000087
:100970000000000000000000000000000000000077
:100980000000000000000000000000000000000067
:100990000000000000000000000000000000000057
:1009A0000000000000000000000000000000000047
:1009B0000000000000000000000000000000000037
:1009C0000000000000000000000000000000000027
:1009D0000000000000000000000000000000000017
:1009E0000000000000000000000000000000000007
:1009F00000000000000000000000000000000000F7
:100A000000000000000000000000000000000000E6
:100A100000000000000000000000000000000000D6
:100A200000000000000000000000000000000000C6
:100A300000000000000000000000000000000000B6
:100A400000000000000000000000000000000000A6
:100A50000000000000000000000000000000000096
:100A60000000000000000000000000000000000086
:100A70000000000000000000000000000000000076
:100A80000000000000000000000000000000000066
:100A90000000000000000000000000000000000056
:100AA0000000000000000000000000000000000046
:100AB0000000000000000000000000000000000036
:100AC0000000000000000000000000000000000026
:100AD0000000000000000000000000000000000016
:100AE0000000000000000000000000000000000006
:100AF00000000000000000000000000000000000F6
:100B000000000000000000000000000000000000E5
:100B100000000000000000000000000000000000D5
:100B200000000000000000000000000000000000C5
:100B300000000000000000000000000000000000B5
:100B400000000000000000000000000000000000A5
:100B50000000000000000000000000000000000095
:100B60000000000000000000000000000000000085
:100B70000000000000000000000000000000000075
:100B80000000000000000000000000000000000065
:100B90000000000000000000000000000000000055
:100BA0000000000000000000000000000000000045
:100BB0000000000000000000000000000000000035
:100BC0000000000000000000000000000000000025
:100BD0000000000000000000000000000000000015
:100BE0000000000000000000000000000000000005
:100BF00000000000000000000000000000000000F5
:100C000000000000000000000000000000000000E4
:100C100000000000000000000000000000000000D4
:100C200000000000000000000000000000000000C4
:100C300000000000000000000000000000000000B4
:100C400000000000000000000000000000000000A4
:100C50000000000000000000000000000000000094
:100C60000000000000000000000000000000000084
:100C70000000000000000000000000000000000074
:100C80000000000000000000000000000000000064
:100C90000000000000000000000000000000000054
:100CA0000000000000000000000000000000000044
:100CB0000000000000000000000000000000000034
:100CC0000000000000000000000000000000000024
:100CD0000000000000000000000000000000000014
:100CE0000000000000000000000000000000000004
:100CF00000000000000000000000000000000000F4
:100D000000000000000000000000000000000000E3
:100D100000000000000000000000000000000000D3
:100D200000000000000000000000000000000000C3
:100D300000000000000000000000000000000000B3
:100D400000000000000000000000000000000000A3
:100D50000000000000000000000000000000000093
:100D60000000000000000000000000000000000083
:100D70000000000000000000000000000000000073
:100D80000000000000000000000000000000000063
:100D90000000000000000000000000000000000053
:100DA0000000000000000000000000000000000043
:100DB0000000000000000000000000000000000033
:100DC0000000000000000000000000000000000023
:100DD0000000000000000000000000000000000013
:100DE0000000000000000000000000000000000003
:100DF00000000000000000000000000000000000F3
:100E000000000000000000000000000000000000E2
:100E100000000000000000000000000000000000D2
:100E200000000000000000000000000000000000C2
:100E300000000000000000000000000000000000B2
:100E400000000000000000000000000000000000A2
:100E50000000000000000000000000000000000092
:100E60000000000000000000000000000000000082
:100E70000000000000000000000000000000000072
:100E80000000000000000000000000000000000062
:100E90000000000000000000000000000000000052
:100EA0000000000000000000000000000000000042
:100EB0000000000000000000000000000000000032
:100EC0000000000000000000000000000000000022
:100ED0000000000000000000000000000000000012
:100EE0000000000000000000000000000200000000
:100EF00004000000020000000400000002000000E6
:100F000004000000010000000000000000000000DC
:100F100000000000102700007EABDEFE00FF0C0486
:100F2000040400020300000200010100010AAFDE18
:100F3000FE01FF0E04040400020300000200010190
:100F4000000134B5DEFE04FE0404040400020300C4
:100F50000002000100000100010000002A060C2030
:100F6000DFFE2B06E827DFFE66570100AA59675F00
:100F700001007F002A066C12DFFE2B060C20DFFE2C
:100F800066570100AA59675F01007F002A06EC112D
:100F9000DFFE2B066A12DFFE66570100AA59675F63
:100FA00001007F002A06EC11DFFE2B06EC11DFFEAC
:100FB00066570100AA59675F01007F002A06E827EB
:100FC000DFFE2B063828DFFE66570100AA59675F4F
:100FD00001007F00805704002606D80FDFFEA651CF
:100FE0007F008807218F4016E0FE22178D81611255
:100FF00007528A754016E0FE2217498122A7110088
:1010000060A20D52F26563070D00630709006307D4
:1010100005006307010023AE040023B60C00163060
:101020001538BFFF82FF03B823C6080018301738F1
:10103000BFFF5CFF23370D0023470900A64163472C
:101040000500143880FF0E0F0AA02317090063174C
:101050000D0018301738BFFF1EFF23370D00234740
:101060000900A64163470500143880FFE80E0AA076
:101070002317090063170D0018301738BFFFE0FE73
:1010800023370D0023470900A641634705001438A4
:1010900080FFC20E0AA016301538BFFF22FF23477B
:1010A000050023370D00143880FFAA0E260604140D
:1010B000DFFE80FF240034064881DFFE745789007C
:1010C0002606701FDFFE80FF10007457AD00000081
:1010D000005248063F8F8807210E06A0233E0800D5
:1010E00023360C00BFFFC0FE23170D00F411402E65
:1010F000E0FE252F498125AF11008B0D232F09001C
:10110000C229F429B305D4A9C53503382336040010
:10111000BFFF7CFE2317050023B70D0063170D00EA
:10112000232F0100632F090082B1D5B1F411EB0523
:10113000C229F429B305D4B1B51D03382336040000
:10114000BFFF34FE2317050023AF0D0063170D000A
:10115000232F0100632F090082A9F411C30500A207
:101160001450E50DC229F429B3FDD4B1D5B116A8A8
:1011700015A0A2A1E2A9D2F5BFFF5CFE94514806DA
:101180003F0E2A06D811DFFE7F008007218F34062C
:101190004881DFFE20AEB00006B000BA14C018309F
:1011A000173880FFE60041C2F5060B004016E0FE4E
:1011B00062078D8160B2CA05045240063F8F7407F2
:1011C00005007407AD0074B70100011274178100A7
:1011D000741745000052A5F5534838353054303166
:1011E0007878787878785632313300005C1A630763
:1011F00001004016A0FF202EA500622F0500012A45
:10120000622F01001E3262370100622F0100630766
:10121000010040160100232F0100E229F905232FC8
:101220000100412A632F0100F5F542061F005C1AF8
:101230004016A0FF202EA500622F050062070100C6
:101240001F2A622F010062070100630701002016B8
:101250000F27232F0100E229FB05232F0100412A3C
:10126000632F0100F5F542061F000000463F000015
:101270000710881246170100071090124617020047
:10128000983A463F03007F00463F00007F008007FA
:10129000210080FFD80CCA56E00040063F008007BE
:1012A0002100BFFFECFF0A06E0FF26060007BCFF97
:1012B000820D0A0660FF260600B0C5FFA2050032B7
:1012C0004016E0FE22174981E2171500E817440294
:1012D000823E02000312E23F820280FF280C60522D
:1012E000ED57145340063F00800721004016E0FEF2
:1012F00022174981E2171500E8174402224E120016
:1013000020161300E24F82020042203E000426060F
:101310008000A1FF80FFD60B6052ED5714534006AA
:101320003F008007210C06A6000040AEA1FF9A0DE9
:1013300035178100C2060070A21580FF9E00F50DD2
:10134000F5178500C2068000CA158200D42EFFFF63
:10135000E511F20D7507310075073500341600AA46
:10136000751784004016E0FE62A791810052A50522
:10137000065240063F0C4016A1FFE2178500C21638
:101380008100402EE0FEE52F9181E511EA57000033
:101390007F00800721004016A2FF202EB3FF422FBE
:1013A00000004016E0FE22174981E2171500E817F9
:1013B0004402224E120020161300E24F8202803EA9
:1013C000008026068000A1FF074080FF200B6052AE
:1013D000ED57145340063F004016A1FF222F810015
:1013E000C5060040920D822F1100502AD205202EF2
:1013F0001000422F10004016A2FF202E5000422F56
:1014000000007F008007210C013280FFCA0ABFFF65
:1014100090FE0AA6000040AEE0FEFA2D35174D8181
:10142000222F01006A2A2506700030FF2036200096
:10143000D215222F01006C2A2036100025065000FC
:1014400030FFC20D222F0100682A2506600030FF00
:10145000DA05402EE0FE252F518122170500003AC3
:10146000C746FFFFE641990D0547000042470000CF
:10147000413A4112412AD5F5003280FF5A0ABFFF96
:1014800020FE60A2AA050AA060A2D2054016E0FED6
:1014900062078D8135174D8162A7110040063F0C10
:1014A0004016A1FF202E99FF422F14004016E0FEA7
:1014B00062375D817F00800721EF40A6E0FE341790
:1014C0005D81611240AEA1FF36064881DFFE37061E
:1014D0000030A1FFEA07B701F51785006012EA079F
:1014E0009D0101127617190020A688FF55A7140048
:1014F00020A603C475A754007617850040A60301F3
:10150000B4AF190256AF770034C77102382FC1004B
:101510000530953276374D00832A562F7600382FC6
:10152000C500C500852A762F510076175500382F43
:10153000CD0085000506ABFFA205001276177D00E1
:101540003817D100561766000228882A562F6700E0
:101550000228902A562F680098125617690015061F
:1015600001FF38CFD500C24563AA350640420F00BF
:1015700040D6E0FE9B1D14176402561778003417FE
:101580007502F517FE02761760002206FFFFFF00C6
:101590005911250630313200E511C21525063031CA
:1015A0005A00E511E50D1417650256177800341737
:1015B0007902F517FE027617600094171F02601279
:1015C000BA057A07CD81BFFFC8FC0A0660FFCA05CD
:1015D00001127A17CD8134173502F517FE027617FE
:1015E0005E0034173902F517FE0276175C0056CFFD
:1015F0006A001910881256176B00191090125617AE
:101600006C0098CA56CF6D003817D90056176E0077
:1016100002A088A256A76F0002A090A256A7700051
:101620009812561771003817DD005617720002A085
:1016300088A256A7730002A090A256A77400981221
:10164000561775009617770036A74D00D41136A7A8
:101650005100D41176176200013280FF7A08BFFF73
:1016600040FC60528A3D401630FF22174100761739
:10167000590076BF95000212D5050612761719009B
:101680000C12761715008007AA01621220C699FF76
:10169000EA354016E0FE223FDD81F739E1250032D0
:1016A00080FF3408BFFFFAFB6052AA1D201600C459
:1016B0007517540020368000BFFF6AFC6052EA05AF
:1016C000031274175D8180076A0155C714007657AD
:1016D0001900F5D5003280FFFE07BFFFC4FB0F32B3
:1016E000400620EFBF07BCFD4016E0FE2237E18137
:1016F00020460002400620EF80075A086312AA1D08
:10170000BFFF76FC6052EA072B01BFFF88FC6052E6
:10171000AA0DBFFFC6FC0032BFFF0AFC04127417FB
:101720005D81C5050D32BFFF7AFD55C714008007E6
:1017300002016412FA05BFFF40FC60520512A2C507
:10174000857D6512CA5D4016E0FE222F4981252F56
:101750000100752F0180222F4981252F0500752F4B
:101760000580222F4981252F0900752F0980221716
:10177000498122170D0075170D8035170D8035171B
:1017800011806112E50704136012402EE0FE9A35C5
:101790004016E0FEA217BF81020601FFCA056507D9
:1017A0006181952DF6175D0036B70100F6B715007B
:1017B000E2B1E11D4016E0FEE217A781E2B18B1D08
:1017C0004016E0FE8217C181020601FFEA054016BD
:1017D000E0FEE2B7A981F5056012D205C2B15FB2A1
:1017E000E2B782023616001E7517E40095DD04127A
:1017F000651761810CB274B75D81B51D361719008C
:10180000362F050065171100361705002217110045
:1018100060120212A2050112761745007607150024
:1018200076072D0076071D0076073D0076079100AC
:1018300040063FEF22064881DFFE222F6400252E5E
:10184000003B403EA1FF672F2000623715007F005C
:101850008007A1FF40A6E0FE34175D81611240AE13
:10186000A1FF36064881DFFE402EE0FE9A35F5A73F
:10187000210076A7640036AF350060AABA2525A7F7
:101880004D81341701006312F20D34170100641208
:10189000B20D341701006112F20534A7010062A2F3
:1018A00020368000AA050132BFFF7AFA6052EA07AB
:1018B000190606A276A7150001A276A719008007CF
:1018C000120676A7400076172D000C12E51D661251
:1018D00040BEE0FE40C6E0FE8A2DBFFF9CFA60528B
:1018E000EA07F1053717D9816012BA1538177D81DB
:1018F00060120712E207A90136176400761740004C
:10190000011276172D000A12761715008007C405FC
:101910000A1274175D81BFFF7CFA6052E207B505B9
:101920000D324006A0FFF58567124036E0FE40CE3E
:10193000A2FF20D6D0FF40DEE0FE20E64000EA070E
:1019400067013717D9816012CAE538177D816012A7
:10195000CAD525174D81222F0100632AD20D222FCF
:101960000100642A920D222F0100612AD20522175C
:10197000010062129A1D4016E0FE2217C981611211
:1019800020160055B2052016015575178800261738
:101990005181402E0001E5112016003BB1052016B3
:1019A000023B7517200036170900751731003617EE
:1019B0000500222F0100612AEA0D20162000591788
:1019C000000059D70000361710005F12761710007C
:1019D0000912B59D222F0100622A9A352016E8FFD0
:1019E00059170000201680FF5917000008127417BD
:1019F0005D8101A200AA20B63F000FBAF6A9EB074D
:101A0000D3043410C2060100EA07C9043B1755810C
:101A100002A70100822F010042127B175581C8A244
:101A20001429792F0000BFFFC2F86052E2A700001E
:101A3000C2051730BFFF00FE41AA95E5222F010025
:101A4000642AEA052016710059170000D525222FB7
:101A50000100632ACA0520167700F5F52217010058
:101A60006712EA052016450059170000B50559E729
:101A700000000812591700003B2F5581053701005F
:101A800085AF0100422A7B2F5581C83206A979AF64
:101A90000000E2061B0059D70000091274175D818F
:101AA0008007300468129A2D011220AE7F002210A8
:101AB000C2060100FA15F5E1DB153B175581022F2F
:101AC00001008237010042127B175581C82A053177
:101AD00079370000BFFF14F86052E217000041E2BE
:101AE000F5E5C2060100EA07DB03091274175D8100
:101AF00059D700008007DC036912403EE0FE4046F3
:101B0000E0FEEA078D023717D9816012EA074D021D
:101B100038177D816112B2050012951D2717658166
:101B20006012BAFD3517200040BEE0FE77178881AD
:101B300035178100C206000882F52016B0FF59173C
:101B400000003617050076171D00011235BF810011
:101B5000D7060080E1170413E235D7060200B2056C
:101B60000D129535D7060800CAFDD70620009AFD4C
:101B7000D7068000EAF5404E020069B9AAF5D706FB
:101B80000040CA1DD70640000512DA1DD706002006
:101B9000CA0DD70600100012E215F517C100C206E3
:101BA000010082150512F50DF517C100C2161100CE
:101BB0000206EFFF0912F2F5E50560120B1292D54D
:101BC000D50508126112E207A701273F6581603A37
:101BD0008215383F7D81613ACA0D6012DA0509121B
:101BE00068177581A5757617190076073500D56DCC
:101BF000403EE0FE671761816012FA6525174D814E
:101C0000222F0100622AFA15222F0900263751815E
:101C1000E2170D00C812C511262E0001E229D95580
:101C2000762F090007127617150001127617190092
:101C300080073C01222F0100612A402EE0FEFA3588
:101C4000E52F5981602AEA050A2A742F5D818007F1
:101C50001E01073A763F1500013A763F1900223FF0
:101C600009002806FFFFFF7F4839A539E22F0D0044
:101C7000C72996477700E829B315E2170D00C23946
:101C80004016E0FE22179581C811E2394016800007
:101C9000B20D26175181802E0080C511D50526175B
:101CA000518122160020661751819565223F01005F
:101CB000643AFA0D952F910022370500C5160100F0
:101CC000A23E0100BFFFA8F50A1274175D81F54D11
:101CD000223F0100633A92FD223F01006D3A922DAE
:101CE000223F01006F3AD225223F01000706EFFF95
:101CF0008225223F01000706EDFFB21D22170100D9
:101D00000206EBFFE2152517588158126517588116
:101D1000C206FFFFA2DD0712761715000112761723
:101D20001900361709002216100076170900F51D54
:101D300096179D00B62F9D00C82A022996179F006E
:101D4000D012022916179F00D8120229762F5900A7
:101D50000A1276171500B50D0A1274175D81BFFFC0
:101D600034F66052C2050D32BFFFCCFA34175D81E4
:101D70006A12EA075F014016E0FE2217AC812216C4
:101D8000003B751720004006A0FFBF074EF66A1201
:101D9000FA050032BFFF8EF50B12BF0702FD6B1272
:101DA000BA0DBFFFD4F56052EA0729010C2A742F3F
:101DB0005D8180071E013717D98160129A55383F1F
:101DC0007D81603A8A25253F4D8127470100614288
:101DD000D205273F0100623ADA05BFFFC4F4605222
:101DE0008A75363F190036470500683F1100363FB7
:101DF0003D00603A023AA205043A763F4500760774
:101E00001500F565363F6400273E003B753F200016
:101E1000363F1D00603A8A0D283F7581603ACA0539
:101E20000C3A683F7581363F0500763F1D0036A7A6
:101E3000090076A7210036A7100076A7280036A74C
:101E4000190076A7310004A276A7450002A267A771
:101E50001100013A763F3D0076073500A53D271772
:101E600065816012B21535178100C2060001CA05EE
:101E7000C2060002B20D0132BFFFAAF46052FA0797
:101E8000A3FA06B274B75D81C525BFFF14F4605292
:101E90008A1D021276174500361705000C2A622F9C
:101EA0001100760715007607910036171D006012A5
:101EB0008215622F110076071D0076073D00950DF3
:101EC0000F32BF0760FA0CA276A7150076571900EB
:101ED0004006BFFF1F002A060890C5FF4A370000D2
:101EE0000A5700001F001C007F00265701004751C1
:101EF000EA41E205010AA1499AFD0152A5050052F5
:101F00007F00F86740208C660001ECC7202000525B
:101F1000F8674020CC660001D205010AA1399AFD7C
:101F200001521C00E601AA0DF86740688C660200A9
:101F3000ECC72068F8674068C50D017246070000CD
:101F40004677000046070000067700001F001C00CF
:101F50007F00E041920D265701004432443A5C4232
:101F60006757FDFF9AFD07507F00E65740087F0046
:101F70008007A1FF40A6E0FE40AEE0FE40B6E0FED6
:101F800040BEE0FE0DC239064881DFFE0FD200DA06
:101F90000EE2341765816012D20536178D81641206
:101FA000E22D35174D816012A22D362F8D81632AC7
:101FB000EA25372F5D816D2AFA051B30BFFF66F3D6
:101FC00077E75D81C51D6E2A8A0DBFFFACF36052B5
:101FD000EA1577D75D81B5156F2A8A0D62C71100A2
:101FE0007907150079074500A50D22170100601239
:101FF000CA05BFFFC4F4B505BFFF58F835174D81BA
:10200000221711006112E2C54006BFFF80072100C0
:102010004016E0FE2217D1816012DA05BFFFE8F317
:1020200040063F00E2C760F9C5FD4016A1FF825798
:10203000010087527F0080072100BFFFF0FF605240
:102040004016E0FE22174D81EA05032A622F110097
:1020500040063F00222F0100692A25064881DFFE45
:10206000DA0D2217050065170D002206700030FFFB
:102070006517090020161000951D223701006732F0
:10208000FA054016E0FE083262375881A56D223706
:1020900001006B32EA0D2217050065170D002206BC
:1020A000500030FF65170900081265171000955D94
:1020B000223701000606E9FF9A0D22170500651771
:1020C0000D002206600030FFE5ED25375900270698
:1020D000400030FF653F0900083A653F1000223F8D
:1020E00001006D3ADA052206FFFFFF7FD51D223F72
:1020F00001006F3ADA052206FFFFFFBFD515223F28
:1021000001000706EFFFDA052206FFFFFFDFC50D1E
:10211000221701000206EDFF2206FFFFFFF7C205AE
:102120002206FFFFFF1E4231C616F00045179C0035
:102130000610881245179D000610901245179E0044
:10214000983245379F002516A0000C321F3A423FB7
:1021500000004112E606070025169C0065170D00D9
:10216000031265174500011265171500BF07E4FE4D
:102170008007210840A6E0FE34174D81222F010080
:102180006E2A402EE0FE252FA181BA059F2A850DDB
:10219000223701005032FA059E2AC52E0100A53EC5
:1021A0000100B515223701000606EEFFBA059D2A8B
:1021B000D5F52237010025280606ECFFBA059B2A33
:1021C000A505982AC53E010022370500BFFFA0F0F3
:1021D00034174D816207110040063F08800721082F
:1021E00034064881DFFE3417050022370500F43F2E
:1021F0006300BFFF7AF03417050062071100400644
:102200003F084016E0FE222F4D81252F05000032A9
:1022100027064881DFFEC646FF00C7410847660023
:1022200045470000412A41320606F0FFDAF5221741
:102230004D81620711007F008007210840A6E0FE63
:1022400034174D81222F0900403600806629222F45
:102250000900BA454036E0FEE637AB81E531833D03
:10226000222F09004036E0FE863FBF81E539222F4C
:102270000900D305CD2A853EFF1F95254036E0FE97
:10228000263795810740C641E541D30D2606FFFF5D
:102290000100C731222F0900A629CF2ACD3AC5391E
:1022A0005F3AD50D012AA729A62922370900C62998
:1022B000CF2A2606FFFF7F00C629053822370500F2
:1022C000BFFFACEF34174D8162071100C50504A2B2
:1022D00062A7110040063F082606FFFFFF7F462940
:1022E0004036E0FE26379D81E6299915402EE0FE16
:1022F000252FCD81602AB20D223F0900223705002B
:10230000CF3A2206FF7F0001C239B5DD042A622FD1
:10231000110095E580072100BFFF12FD60524016B5
:10232000E0FE22174D81EA05032A622F11004006C4
:102330003F00222F0900403600806629250648818B
:10234000DFFE22370900BA3DE23F0D00C6394036B4
:10235000E0FEE637AB81E639BB55E2370D0060326F
:10236000F24D22370C006537100022370900853FF7
:102370007700E639D30522170900CD12D51522378B
:1023800009004046E0FE28479581C7412217090011
:10239000E641E305A711CF12CD3AC711D505A81123
:1023A000CF12421680006517090003126517450019
:1023B00001126517190065171500A5BD2706FFFF57
:1023C000FF7F4731E23F0D00C6394036E0FE263739
:1023D0009D81E639DB15E2370D00603292154036FB
:1023E000E0FE2637CD816032B20D22370C00653712
:1023F000100022170900CF1242160001D5D5042A79
:10240000D59580072100BFFF24FC60524016E0FEF6
:1024100022174D81EA05032A622F110040063F0072
:10242000222F0900E2370D00C832C5312706488146
:10243000DFFE87477700CD42274F4D00CF4AC94185
:10244000E831C315E2370D00C832C5314046E0FE21
:1024500028479981CF4248468000E8318B152237C2
:10246000090040468000E831A10D22370900C60668
:10247000FF00DA05E2370D006032BA25E2370D00C1
:10248000C832C531402EE0FE252F9D81CF2A452E32
:102490000001E531BB2D222F0900C506FF00EA250A
:1024A000E22F0D00602AA225222F090040360001EC
:1024B000E629C11D402EE0FE252FCD81602AE215C0
:1024C000222F0500672F0D00222F0C00672F100010
:1024D0002217090067170900031267174500011248
:1024E0006717190067171500A59D042AE595800751
:1024F0002100BFFF38FB60524016E0FE22174D81DD
:10250000EA05032A622F110040063F00222F09002E
:1025100040360080662925064881DFFE2237090003
:102520008A35403EE0FEE73FAB81E63983452237FE
:102530000900403EE0FE873FBF81E639D305221700
:102540000900CD12D515223709004046E0FE284784
:102550009581C74122170900E641E305A711CF1273
:10256000CD3AC711D505A811CF12421680006517C4
:102570000900031265174500011265171500D5C53E
:102580002706FFFFFF7F4731403EE0FE273F9D814A
:10259000E731D90D4036E0FE2637CD816032F205B5
:1025A00022170900CF1242160001A5E5042AB5AD95
:1025B00061320112AA05001225064881DFFE651767
:1025C000810025170500620711007F008007210C9C
:1025D00006A60000E2070D024016E0FE22178D81DC
:1025E000611240AEE0FEBA25342F0100602AFA1DC8
:1025F000BFFF3AFA61528A1D22064881DFFE62A7B8
:102600000500032A622F4500012A622F1500742F4E
:102610001100341711006112EA07C9013517F5815D
:10262000E2C760F9F5F503128007B4016212C20532
:102630006412EA07A5014016E0FE62A74D8101126F
:1026400074171100341701006112DA05BFFFC8FCCE
:1026500080077401341701006212AA0D34170500B7
:102660006012E2075B01BFFF9CFD80075A0134172F
:1026700001006412FA05341705006012FA0580079C
:102680003E01341701006312DA05BFFF64FE8007C4
:102690003601341701006512EA050032BFFF14FF4E
:1026A00080072401341701006612013282FD3417BD
:1026B00001006A12A215341701006912A21D341715
:1026C00001006C12A20D341701006B12A215341711
:1026D00001000206E8FF8A0D341705006012F26D52
:1026E000BFFF2CF98575341701000206E9FF8A0D3A
:1026F000341705006012B265BFFF3EF9C565341797
:1027000001006D12A2FD341701006F12E2F53417BB
:1027100001000206EFFF92F5341701000206EDFFFB
:10272000C2ED341701000206EBFFF2E53417010099
:102730000206E5FF8A0D3417050060128245BFFFCF
:10274000C4FA9545341701000206E7FF8A0D3417D5
:1027500005006012C235BFFF86FAD5353417010077
:102760000206E6FF8A0D341705006012822DBFFFB6
:10277000CAFA952D341701006E12D21D34170100CC
:102780005012921D341701000206EEFFC2153417D5
:1027900001000206ECFFF20D341701000206EAFF09
:1027A000A20D3417010060120712A2050A12741755
:1027B0001100950D341705006012BA05041285FD4D
:1027C000BFFFB0F9341711006112BA0D3517F5814A
:1027D000E2C760F985FD6312EA050612741711005D
:1027E00040063F0C0712B5FD00000000000000008D
:1027F00000000000000000000000000000000000D9
:1028000000000000000000000000000000000000C8
:1028100000000000000000000000000000000000B8
:1028200000000000000000000000000000000000A8
:102830000000000000000000463F00007F00271657
:102840000010202E00F04511A711262F0100E511E0
:10285000A9050228662F01007F004016E0FE22171E
:10286000F981E22F0700C62AE2570500C652E21797
:102870000300C6125F12603AE22DC6395F3AE639AC
:10288000A12D405EE0FE2B5F2D82EB39C9255F4A0A
:1028900066499A25602ACA05002A01529515CA2957
:1028A0005F2AE539FB05E651E1570653EA2F262B4F
:1028B000F305E629A1F5EA3981F5002A04526242BE
:1028C000CA05602A820D850D6142DA05612AB205CA
:1028D000E239A30504527F00800721000640074823
:1028E0004016A1FF22373100223F35000616FCFFBB
:1028F000A239BFFF68FF6452ED57045340063F0002
:10290000265701004751EA39F2055F42AAFD0152FC
:1029100069570100B505690701007F005C1A401680
:10292000A2FF202EB3FF422F00004016E0FE221728
:10293000F981E2170100E81744022246120020162E
:102940001300E24782020348803E00802606800092
:10295000A1FF265701004751EA39F2055F42AAFD5F
:10296000015269570100B5056907010023170100ED
:102970006012ED17145342061F004016A1FF222FCC
:102980008100C5060040920D822F1100502AD20509
:10299000202E1000422F10004016A2FF202E5000C3
:1029A000422F00007F0060324016A1FFEA05202E72
:1029B00088FF422F14007F00202E99FFB5FD2617B7
:1029C00001006717010000527F008207210806A05E
:1029D0000338260670020301BFFFE6FF6052CA0DEE
:1029E000231701002217C900CA12250600FCFF03A5
:1029F00045117417010042063F08840721CF401695
:102A0000E0FE2217F981E2A70100233E040026061A
:102A100018020301BFFFAAFF23AF050088AA950093
:102A2000150601FFE2072F016052EA07290123B6CC
:102A300004002606380203011638BFFF84FF37065C
:102A400040420F0023C70500F7C7FE026052CA0DBF
:102A5000233E0400260634020301BFFF64FF23CF98
:102A60000500F7CFFE0263AA2606640203018B3D30
:102A70006052EA051638BFFF48FF16B700006052E3
:102A8000CA0D233E0400260674020301BFFF32FF75
:102A900023AF0500F7AFFE026052FA0503382606A1
:102AA00070020301BFFF1AFF6052AA3D23BF01005D
:102AB00037BFD5002206FFFFFF0042B922063031A2
:102AC0003000E2B940BEE0FEFA0522060060C6FF13
:102AD00077173182D5252206002CC6FFA5FD60524E
:102AE000EA051638BFFFDAFE16B701006052CA0DBC
:102AF000233E0400260678020301BFFFC4FE23AF75
:102B00000500F7AFFE026052BA0D2206F881DFFE23
:102B1000223E3800260688020301BFFFA4FE605251
:102B20009A1DF8A1B105F9A1B3050352B515960098
:102B3000160601FF920DD6A180AEFFFFD5A1D400ED
:102B4000F6A7820214A83516001E402EA1FF6517B5
:102B5000E40044063FCF01527F0000527F0082070D
:102B6000210E06A6000040AEA1FF40B6E0FEDA0D41
:102B700035178100C2060070B205BFFF00FE341693
:102B800000AA75178400E515351784006317020045
:102B9000E3170300C20601009A15E3170300E2A140
:102BA000920D341600AA7517840075073100750759
:102BB000350076A73C820052A505055242063F0E1D
:102BC0005C1A4016A1FF222F8400632F02002217F7
:102BD000840063170200E3170300E231EA570000A4
:102BE00042061F00581A4016A1FF022FD400432F9F
:102BF0000300C3C70300402EE0FEF20D25372182FB
:102C00002637010062329A0D2217D900402EE0FECD
:102C1000651729820952A52D221781006317050027
:102C200023170500C206001007528A252317050046
:102C3000C20600200852AA1D23170500C206000183
:102C4000920D25172182221701006112BA05015247
:102C5000D50D23170500C2060002F20525172182B3
:102C6000221701006012C2F5005244061F008207BD
:102C7000210C4016A1FF623F3100C8395F3A623F24
:102C8000350040A6A2FF202EE800742F000008287F
:102C9000812A742F0000412A01525F2AD215063F73
:102CA0000100C83A865F01000B39743F0000223FE3
:102CB0008100633F0100233F0100C7060004A20515
:102CC0000D524232B5ED6152FA051E1242410930F1
:102CD0000838BFFF06FC0AA861AA8A0D2016D0009A
:102CE00074170000155042063F0CBFFF32FC6052C3
:102CF000F557245395FD8007210C4016A1FF62373C
:102D00003100623F350040A6A2FF54470000043A5C
:102D10000930BFFFC6FB61520AA88A0D2016D0FFFA
:102D200054170000155040063F0CBFFFF2FB6052E5
:102D3000F557245395FD26170100402EE0FE254F40
:102D40003182015A495F0800254F31828967150099
:102D500049071400424E20FF2D06040020FFC269DF
:102D6000C242C94100720E500978CE792F7F01000E
:102D70000780CE81707F0100257F31822F7F050083
:102D8000607A9215CF060200EC571453CA056052C0
:102D9000EA050B520278CE79667F0100257F3182E9
:102DA0004F5F08000D78CE7944726C52B205E87915
:102DB000C1DD25173182426714007F005C1A40167E
:102DC000A1FF221781006317010023170100613260
:102DD0008A0DC20600010152E057145342061F003B
:102DE000C206000395FD5C1A4016A1FF2217810060
:102DF00063170100231701008B12C256010042061F
:102E00001F004016A2FF202EB000622F00007F009E
:102E10005C1A4016A1FF22178100631701002317D7
:102E20000100C2060003EA57000042061F004016D8
:102E3000A2FF202ED000622F00007F005C1A4016F7
:102E4000A1FF221781006317010023570100CA0068
:102E50008F5242061F005C1A4016A1FF2217810004
:102E6000631701002206AA400200232F01006229F5
:102E70000D528A0D23170100C20640000052A20520
:102E8000055242061F008007210C40A6E0FE3417C1
:102E900059826312EA1540AEE0FEF5373D82BFFF6E
:102EA00022FD6052BA2DF5173D82020680FF8A1579
:102EB0004016A1FF202E00AA622F84000412C51D17
:102EC0006412BA0D0032BFFFFAFC6052FA15051207
:102ED000741759820052B52561129A0D2206F881A5
:102EE000DFFE62076500022A622F6100BFFF50FF0C
:102EF0006152EA0503127417598201528515BFFF0A
:102F0000E8FE6152BAFD4016A2FF202EB000622FEB
:102F1000000001524016E0FE62575D8240063F0C01
:102F20008007210840A6E0FE341759826512AA15D1
:102F30004016E0FEE2173D82020680FFEA254016B9
:102F4000A1FF202E80AA622F8400061274175982D6
:102F5000A50D66120652DA1D20368000BFFF64FC04
:102F60006052B2050152D5154016E0FE22175D826F
:102F70006112BA0DBFFF9CFE6152FA054016A2FF16
:102F8000202ED000622F00000112741759820052C7
:102F900040063F088007218F3406F881DFFE20AE0F
:102FA000680006B000BA14C018301738BFFF8CF89C
:102FB00041C2F5060B004016E0FE6207558260B282
:102FC000822D74B701007407250074072900740767
:102FD00051007407550074075900740744007407C2
:102FE0002D00012A742F6100F62F0300602A92152C
:102FF000F6370700F63F0500C731C600412AE53124
:10300000890D250654555555622F55820052A50548
:10301000035240063F8F8207210F06A263A70100DB
:1030200006AE0000BA0542063F0F40B6E0FE361776
:103030002182601240BEE0FEAA4D80FFD808615296
:10304000EA454016E0FE221755822506545555558F
:10305000E511BA153517010065129A3D203680003A
:10306000BFFFFEFA6357010060529A3501126317E1
:10307000010077172582B52D250655555555E511C3
:10308000C20D250657555555E5119A254016E0FE07
:10309000221749826012BA1D3517010065128B0D87
:1030A00042000A000A0010001000060007000AA2F1
:1030B00063A70100C50D35370100BFFF02FD615256
:1030C000EA0501420338153080FFB60623170100D8
:1030D0006112CA0576AF2182D50575071100770701
:1030E00025827517150085A58507E1FF01A263A755
:1030F000010080FF20086152EA07510540AEE0FE62
:1031000035172182601240B6E0FE4016E0FEAA0D9F
:10311000362F5182612AE205222F4982612AEA076D
:103120002B0522174982611240BEE0FE3806F88165
:10313000DFFE39065555555540D6E0FEDA35F737EE
:103140003D82BFFF7EFA605200A2EA2DF7A73D82C2
:10315000140680FFCA15BFFFC6F76052EA0D0032A1
:10316000BFFFFEF90EA278A74D0001A263A70100E0
:10317000091278172D00F5050DA2A5050EA263A76B
:10318000010000A278075100780755007807590020
:1031900078CF5D00381725006012E2050E2A622FF5
:1031A00015007A071D8261A23B0656555555CA1572
:1031B00040A6E0FE34A74D8261A2B20501A2C50D72
:1031C000BFFF26FC6152BAFDBFFF3AFC78075500ED
:1031D00078DF5D0000A261A220E6800040EEE0FE04
:1031E0003E0657555555AA5D35A7218260A2B20506
:1031F00001A2C55536A7518261A2BAFD78075900D0
:1032000038A7490061A2DA0D1C30BFFF54F96052A3
:10321000EA1D05A278A72D0078CF5D0001A29525B3
:1032200060A2AA1D38171500382F1D00E511C91519
:103230001C30BFFF2CF96052AA0D06A278A72D0002
:1032400001A278A7490078CF5D00B50D3AA71D828D
:1032500074571500D5057DCF558263A7010000A2E4
:103260003D175582FE11A21D381725007817290039
:10327000012A622F150078072500381715007817E6
:103280000500381719007817090038171D0078173E
:103290000D00381721007817110061A240B6E0FE3A
:1032A000EA07850136A7258260A2B20567A2CA0592
:1032B00001A280077201F7373D82BFFF06F963570D
:1032C00001006052C20500A280075C0136A725827A
:1032D0005FA268A2EBED54000900280045006100E0
:1032E00088008A00ECFF960091003537218226A7DE
:1032F000010065A2EA072701BFFF24F60AC800A261
:103300001430BFFF5CF860CADA0502CA76CF2582A6
:10331000F50509CA78CF2D000DCA78CF4D0001CA36
:1033200063CF01008007000100A21430BFFF7AF6CE
:10333000BFFF2AF8635701006052EA0D1C30BFFF3F
:1033400020F8635701006052FA05015263570100EB
:1033500003CA76CF25826152F2B50132BFFF4AF629
:10336000A565BFFFBAF50AC8BFFF12F600A2143068
:10337000BFFFEEF701BA1730BFFF2EF660CADA05BD
:1033800004CA76CF2582F50509CA78CF2D000DCA6B
:1033900078CF4D0063BF0100E545BFFFBCF7635721
:1033A00001006152BA1D38363400BFFF20F6635762
:1033B00001006052BA1538A70100F4A703003817BE
:1033C00035008612E2A1E30503A263A70100BF074F
:1033D000F8FEBFFF28F6635701006052FA07EBFEC4
:1033E0007DCF5582BF07E2FEBFFF46FA07A276A750
:1033F000258201A263A70100E51578072D0038A7F3
:103400004D00C5E502A263A7010038A7290078A7EF
:10341000250078F75D00BF07B0FE0042033880FF4B
:1034200060030AA061A2CA05BFFF14FA0AA061A244
:10343000AA1DBFFF24FA0ABE000001A2C215BFFFE9
:103440003CF500A21430BFFF18F71430BFFF74F72B
:103450006152FA05091278172D0078BF4D0001BAA4
:1034600063BF010061A2DA45BFFF7CF7635701002B
:10347000BFFF0AF540A6E0FE34A74D8261A2DA053F
:103480007807550078DF5D003DA75582FBA101A2BA
:103490008A3523A701004016E0FE62A7418200A200
:1034A0001430BFFFBCF61430BFFF18F76052BA0DDE
:1034B00002B263B7010038B7290078B7250078F762
:1034C0005D00F505011263170100081276172582C9
:1034D00038170500781715003817090078171900F4
:1034E00038170D0078171D003817110078172100C4
:1034F00061A2CA7535A7218234A7010023170100F4
:103500006012B20501A2A56D383F050038170D0005
:10351000E23999FD61A29A1D044263470500384FC4
:10352000110038370900BFFF48F76357010038A77B
:10353000050023170500C2A178A7050038A70900D8
:10354000C2A178A70900B53560A2CA15384F11008D
:1035500027163F002046200007300238BFFF9AF7A9
:103560006357010038170500221640007817050040
:10357000E51D4112A7116317050023360400BFFFA4
:10358000C0F238370500384F1100233F0500C63917
:103590005F3A20467100BFFF60F76357010038A70C
:1035A000050023170500C2A178A705006152BA05DE
:1035B00000A2C51500A21430BFFFA6F51430BFFF4E
:1035C00002F66152EAF5091278172D00231701005F
:1035D00078174D0001126317010061A2CA1500A2FD
:1035E0001430BFFF7CF51430BFFFD8F56152BA0D1F
:1035F000091278172D002317010078174D000112CA
:1036000063170100231701006112F21D352F21827B
:1036100065171500352F21822537010062329A0D7A
:103620006912FA054036E0FE26372982653709001F
:10363000382F2900650711007807290078072D0029
:103640006D12BA057D0755824506FFFF2A065439DB
:10365000DFFE7F008007210080FFBA026152BA2599
:103660004016E0FE221721826012D21D4016E0FEB5
:1036700022171D826012FA154016E0FE22175582AD
:10368000250655555555E511EA0D4016E0FE221761
:10369000498260128A0D4016E0FE012A622F4D8297
:1036A0000052A505065240063F008007210080FF1A
:1036B00064026152FA154016E0FE22175582250673
:1036C00057555555E511EA0D4016E0FE221749827F
:1036D00060128A0D4016E0FE012A622F51820052CC
:1036E000A505065240063F004016E0FE221755820F
:1036F0006012A20D4016E0FE221759825B12621280
:10370000B105BF0784F706527F00BF0716F8800790
:10371000210880FF000261528A354016E0FE221720
:103720005582250654555555E511F22540A6E0FE73
:10373000342F4982602A9A25250657555555E5119B
:10374000402EE0FEAA0D253721826032EA052036A0
:103750008000BFFF0CF4F505260655555555E611BA
:10376000820D00526052AA0D011274174982E505BC
:10377000251721826012EAF5065240063F088507A8
:10378000E1FF2617090063170500E6A70D0026AF25
:10379000010026B71100262F050001BA67BF0100FE
:1037A00060AA08C007C806D0CA0DC6126317050074
:1037B0002016400063170100C6A220DE2000A51DD0
:1037C000C2A262AABA0D63A7010003300238BFFF8C
:1037D00070F020DE710001BAD50D61AAFA0504BAB5
:1037E00063BF010020DEE800C50563A7010000DA21
:1037F00005B823E7010023370500C6E11CEEFFFFF3
:1038000061C201F2CA0D60BA0452E205044A1438DA
:103810001640BFFF48F07957010000F23917010048
:103820006112DA7563AAEA15D7060300FA0D14408F
:103830008242233604001738BFFFFEF47957010097
:1038400023A705007AA70900A56504A279A70100AE
:10385000E55D61C28A1D20C680001830BFFF02F3FB
:10386000795701006052FA0D1830BFFF56F37957AF
:1038700001006052E1F704F3820D4016E0FE012AD8
:10388000622F258261F2BA4560AAB20562AABA0D1A
:10389000233705001D381B401648BFFF5CF47957DD
:1038A0000100A51523470100233F050017301648E6
:1038B000BFFFBEF37957010023170100D711402E37
:1038C000E0FE651701823917010061123506F881A3
:1038D000DFFEFA0D07CA75CF2D0075E7050023CF6F
:1038E0000500D9A15FA275A70D0075B71100F50DF0
:1038F00000F21E30BFFF6AF23917010075174D0044
:10390000091275172D000112791701001E50450686
:10391000FFFF4016E0FE221755822506ACAAAAAA90
:10392000C229622AB10D250656555555E511E20505
:10393000250657555555E5119A0D4016E0FE2217FC
:1039400059826112BA0501527F0000527F00BF0701
:1039500046F600004448383530543031787878786D
:10396000787856323133000000000000000000007B
:00000001FF
